date,PC1,PC2,PC3,PC4,PC5,PC6,PC7,PC8
2015-12-23,5.804715517119402,2.416922610003052,-0.5069005944150244,-0.027194893489241263,-0.0060759220348459006,0.3163873883816439,-0.2921596159251539,0.2712869129616922
2015-12-24,2.2221048704241078,-0.37532956532218176,-1.5786725490796547,-0.7208401695995981,1.1122129729513792,0.42397768370393574,-0.9177677206838002,0.20602875895414322
2015-12-25,-2.0607757893475074,0.8591098596822957,1.6482163204103812,0.5030794534063542,-0.4283094966928818,-0.5301175797063301,0.5713677614093504,-0.23902158130146275
2015-12-28,-9.397591193570774,-5.168555998540687,-0.02902719826929297,1.51897416462219,0.06629595033866986,0.542834297651881,-0.5347762300979919,-0.21708231449113174
2015-12-29,11.095165455627615,6.8284100517081425,0.2626838717455209,-0.4753741602468474,-0.6466367459801432,-0.4635749990305438,0.495465281958997,0.11740182794245627
2015-12-30,-2.6585692937724525,0.47326382450147775,0.9097831403887844,0.08121081417528611,0.34757196954874525,0.3394665074653757,0.01018866017475001,0.13329352059090777
2015-12-31,0.17470770677002062,0.0013811130723860483,-0.36736233595905704,-0.24378692107780742,-0.4778214182619309,-0.6853985623587944,0.5201474798713478,-0.28962892549385744
2016-01-01,0.22877478236761423,0.18758717121929336,0.02558351230874801,0.10101540663800956,0.054784881545467304,0.17881560933419796,-0.361836824516111,0.18710690496281826
2016-01-04,-9.42948949871821,-3.3318622671704032,-0.6147507996502143,0.04741138278961324,0.7919032861748825,0.4458486613191111,-0.33188827856778286,0.005838606092837299
2016-01-05,-9.165451518726755,-0.03732358856601679,1.1623637130892368,1.0898027316385492,-0.6327500111334853,0.0338055664996581,0.06303929246807595,-0.17827768561755755
2016-01-06,-7.06613940528589,-1.277139042003522,0.3303038623672831,-0.42606271336245805,1.1667506358429107,-0.08325825765115367,-0.016492604692949688,0.2206493868995953
2016-01-07,3.4526279133618547,1.3310440393752312,-0.18602848775994038,0.10559884526766643,0.362599542178141,0.3195101893828571,-0.2994870407182617,1.0290952708372758
2016-01-08,-5.73486138821488,-2.2146443244023835,-0.7678561090825977,-0.45727167071816777,-0.16765528985242775,0.014185053562414465,0.9189656120155067,-1.4384880143379395
2016-01-11,4.982840955675734,1.9125545895743084,-0.5737018915669945,0.09873173362638261,-0.8157655061053425,-0.5119351042301455,-0.18667689520525263,0.3547925882977546
2016-01-12,-5.701120036239729,-2.3248467457758273,-0.32986981238820956,-0.364409031008985,-0.39797341260816943,-0.427031895776666,0.11897356068942866,-0.03568533209578891
2016-01-13,-5.1556238670649375,-2.984098239572883,-0.04223199771205155,0.2826520669186656,0.15783354765298807,0.15487488295767463,-0.11148640449366644,0.09488705662037702
2016-01-14,5.177837981151786,2.918185948389715,0.9874749501895477,0.09385744033753565,0.1338411845295609,-0.19444835745384131,0.04527122317775369,-0.12690670519557057
2016-01-15,-5.291916063448595,-2.0054362638319367,-0.5837401924223604,0.17981397997355422,0.02025020940219986,0.5344480774620692,0.029061964553818518,-0.31165881826509556
2016-01-18,0.057815166242813756,1.3823963730992026,1.8482602257877534,0.5462320390410874,0.701918580378164,-0.42359085372158817,-0.09004380017799002,0.26051337712599043
2016-01-19,-1.127875194622932,0.3734075716561372,-0.15787768320185208,0.026954745769065806,-0.46007368443628854,0.0016063202471210034,0.25488774475623116,-0.18315915818476988
2016-01-20,-9.102831377708501,-3.690867662295739,-1.458869016413108,0.4567018975855326,0.1675104485880459,0.842153784243267,0.36674899986396553,0.34692084833983494
2016-01-21,-12.813034455151307,1.6119689121783316,-0.25698402116777297,-0.598254333003191,-0.2786393651259173,-1.5937174980978026,-0.4034709467944467,-0.08168138177427768
2016-01-22,5.611961892482167,2.9776989833523215,0.48765975073878154,0.44105227806050584,0.42254553150397806,0.0459583456912528,-0.20184934706288088,0.018767521152791768
2016-01-25,-2.4723144619577546,-1.5365259027547964,-0.6620035331905828,0.02474604442263044,-0.07195206893712655,-0.134430671338644,0.3681287205813626,0.049910485229191226
2016-01-26,-4.0597284112617835,-1.569544792867997,-0.9798485852607287,0.4844873740467201,-0.2080609421841426,0.09412735450650819,-0.47524233220057316,0.09349958863082974
2016-01-27,-2.111647047491665,-2.3634933547141825,-0.2856813764177817,-0.6165546275316374,0.016663134999921943,-0.3584373426837561,0.7179689850032679,0.05616174336677221
2016-01-28,-4.519031666509831,-2.800266709542462,-0.6411000493896962,0.4948736257548409,-0.4066133753381004,-0.02855424181236498,-0.38164392696217686,-0.07612097175760325
2016-01-29,-13.361655974694838,-2.4316390054533903,-1.297456485086706,-0.043857889789844916,-0.25532495699077057,-0.39062611596169233,0.0784449126838575,0.07290109241046358
2016-02-01,0.02566365680941854,-1.82340976991528,-0.5852186920384927,0.7598654981456777,-0.6871830594220284,0.14279417999999103,-0.117368083320054,0.020988082158313097
2016-02-02,-6.7213277173861306,-0.6595542494559686,0.6431648890631195,-1.1456846264669303,0.2021257343315721,0.2120377198575267,0.24773372628534843,0.00010520736727464766
2016-02-03,-6.459441455990799,-1.5921438246533401,-2.762487722433638,-0.5633638013073058,-0.44942462180100234,-0.18350336707331386,0.7708531294936702,-0.2373826632205948
2016-02-04,3.972983669272524,0.520874706220018,1.1923922273380514,0.3969690981199279,0.4704335662480971,-0.3753219169481302,-0.14498814144705177,0.2794783658547944
2016-02-05,-1.8643858408424359,-0.8381547389787972,-0.647634984833541,-0.09577412913721706,0.20967533747920006,0.07387876428817494,-0.16294606900980554,0.04525294693730222
2016-02-08,-6.989843847808911,-9.563362792522529,-0.8978604078578557,-1.2070842588198203,-0.8869555351272312,-0.826294365137104,0.5506194934443189,-0.06616935299547438
2016-02-09,2.7308629136469467,0.5780556524500833,-1.1894569137605961,0.4703879513813716,-0.26665364094618704,-0.1397340868111534,0.6676915743895624,-0.442341010177337
2016-02-10,-0.816845627168131,2.60344504231345,0.9284014873998822,0.008657724978387184,0.48195027106225885,0.1106162736893513,-0.3591567939087133,0.33260558666826856
2016-02-11,-3.587004607074553,-2.8919826807167013,-3.115659166566435,-0.6653034632296354,-1.679521134890261,0.1226632080056703,-0.04093935866853995,-0.20542508844096377
2016-02-12,11.497896417071297,2.4377192421666702,1.7795257497546209,0.35253920714553494,0.9341045227540926,-0.6753278579284986,0.3646812067504164,0.06167522160103414
2016-02-15,-3.3464137986652935,-1.0573453360804808,1.6205741986287279,1.3418547395636553,-0.7618445909533736,-2.6290295141053734,-1.4497003407554347,-1.2647082210761906
2016-02-16,1.7363357270406594,3.646927982896205,-0.5280974038110545,0.05056180212548792,0.5303105380615661,1.351937843282855,-0.24105945566005443,0.4168576939972693
2016-02-17,-1.4632862522862646,-1.7068891470614929,0.5097278168543562,-0.3822453015727658,0.025782570338367037,0.07573958425691053,-0.14170508470342563,-0.05912171011051566
2016-02-18,-11.800434997658147,-5.08926660027931,-2.6695428915993813,0.8671477329482958,0.05381844695552064,1.7633016052944859,0.5041118975364817,0.9696650646406821
2016-02-19,0.6582608314478792,0.5291675441877297,-0.22722805088613773,-1.3183194749319758,0.5949175933346079,-0.304152455904577,0.539363514515242,0.05340634226223618
2016-02-22,-4.510687537692852,-1.6189098762676921,-0.465087663264684,-0.3346142259975247,-0.023625940000171715,-0.5685695944442247,-1.1318379684419537,-1.197775506424355
2016-02-23,-2.776301204321876,-2.4982165796688314,-0.7193492693054739,0.654791299246682,-0.9595836102004162,0.6033141721058015,0.7114640776191621,0.991324937720765
2016-02-24,-0.051602740595582265,-2.1759054434622866,-0.44562066292820846,-0.664433650860664,-0.7360499709288426,-0.9473272695894897,-0.7875725885819861,-0.9663994808595385
2016-02-25,-4.113144160197401,0.6698253090067763,0.4967387664743757,0.4156408439952195,0.6327911978567381,0.36211415754935194,0.9594462684773719,1.522708329039002
2016-02-26,0.5680939336091119,4.0418870191810745,1.2980220521727361,0.7284186303988064,0.8171092012161141,0.30757951114321636,-0.06463934906543008,-0.4007329563100131
2016-02-29,-9.823941786567756,0.33994819207360005,0.40979933536712915,0.04070627523585394,0.67333795989846,0.0003598184020017213,0.37851795609182093,-0.11278829795216488
2016-03-01,9.787372559011397,4.607169519019264,2.47884084421106,0.47203142992711006,-0.36982240975567354,-1.182816053283832,-1.8738364826965777,-0.7464352132504154
2016-03-02,8.340898685876565,4.862822092609365,0.7796297197050773,0.5989547527384335,-0.022315502156328246,0.8373509171203021,1.2708420823689548,1.422801565829542
2016-03-03,-11.12221127552303,-1.2046042018883871,1.0060052156226218,0.13797151713435177,1.1440401192891134,0.22041667213936858,-0.4038659747670623,-0.47240211918714653
2016-03-04,10.703487192695356,0.6348027824633965,-1.1888011219707386,-0.8643759294157862,0.5478694066967889,0.08393438896695421,-0.0671602408434847,-0.00477473146098486
2016-03-07,2.1118523216520506,2.0860269713996313,1.8024963915049907,1.1660961570493202,-0.5059741767683951,0.118682040709507,-2.3415983252713852,-0.5407025162142731
2016-03-08,-3.4606012320500783,-1.8670402427872856,0.1672545628913362,0.35415736269372394,0.2842014701789454,-0.9253654341069665,-1.2191008757874129,-1.846783425395719
2016-03-09,7.655997129335894,2.5580538475538006,-0.9997687472504798,-0.8611334554990026,-0.2361702445786513,0.8554754942641576,3.6476690955799587,2.1148042482745835
2016-03-10,11.408944436076942,-0.8704311473534239,0.2652374664826242,0.7674867464779351,0.213753148822734,-0.41802532289057365,-0.4001500379077395,0.6305342119275437
2016-03-11,-5.022802071317069,-2.2858850136664444,-0.19792481432435213,-0.5039495420082034,0.02190023960640847,0.32840088568390136,0.4001677322196507,-0.47185382240473656
2016-03-14,6.137725531595983,1.488705569590892,-0.13448976725650505,-0.06743625145310947,-0.724086384920301,-0.012440556372986031,-0.3909141572401059,0.08746916741939885
2016-03-15,1.0896764930360567,0.6402585138368734,-0.042568676843470155,-0.1548531346918761,0.4336458698281583,0.1268159888707179,-0.029745409759363826,0.027735790621444732
2016-03-16,-5.900966105544741,-2.1373618600672066,-0.3937961864216222,0.3757546961349671,-0.9533192193559424,0.9121112729757461,-0.8548333310567369,-0.17770219037877305
2016-03-17,-11.173283525332263,-6.227128799176413,-0.10617751349441862,-0.3667092139252443,0.3880381889163995,-1.739546664878395,-0.12082170021990632,-0.4290896596376744
2016-03-18,-3.6406497025130107,-1.3251239092256677,-1.5480581945261505,-0.08950314241192375,0.7671035451562146,1.1576388368396135,1.5332269693856118,0.39508342213100667
2016-03-21,4.928228540897203,3.785479704827907,1.579839072237321,0.8952752946905096,-0.5790823246323419,-1.5694108482145581,-1.5837547884380236,-0.7901738531672785
2016-03-22,-0.9754434635728747,-1.5906666272048022,-1.8005373581139552,-0.5925913979428354,0.2995847812321508,1.4958869117742288,1.5654048928615802,0.8712118442677473
2016-03-23,-3.4271933193038127,-1.6822365036387132,0.5475443234007633,0.31231178452683855,-0.00905766759941001,-0.8253462418704235,-1.660134256163544,-1.364657993905071
2016-03-24,-0.26136200522186687,-1.0326663917451118,-0.8261553319226783,-0.6739954716961671,0.4135238118099217,-0.038368727029483886,0.4049362546207027,0.5056075176422153
2016-03-25,-0.995695643781632,-0.6119577641267584,-0.716814026354079,0.12011358958401651,-0.17248142785533963,0.8728480635606684,0.9901082080799347,1.098860617197928
2016-03-28,1.1223671178952876,0.8404288252047006,-0.06331187265097961,-0.11985823438571692,0.12656244158633398,-0.055509645375180924,0.1901759538049097,0.047735073548203825
2016-03-29,-9.778786641375396,-3.891424340415559,1.1468513883636775,0.7508793393802083,-0.5397444861939472,-1.1444305785284425,-2.031009043454424,-1.8918671491648524
2016-03-30,3.1159110056824018,1.7962195361410387,0.09843846403521146,-0.25678472083936393,0.1714785832109936,-0.28707253806526406,0.4603176213347244,-0.16631981814689237
2016-03-31,0.3854656921675186,-0.0871745778314731,-0.5830133520232635,-0.3907430356891015,-1.0219323494185046,-0.4859030078432601,0.995358324375852,1.3295551197704023
2016-04-01,-4.527211230578439,-3.400384740636539,-1.2192727051106251,-0.09832276667873514,0.8135256153380614,1.6096608024384738,0.8329937731483668,0.44425719204253733
2016-04-04,1.347357062225411,-0.4896689663119854,0.8109688220760737,0.09749801220675904,-0.8501944771709934,-1.0345088694941527,-1.3744492961310675,-1.6787246528701378
2016-04-05,-6.374894459829031,-2.249647917856703,-0.6992078953121356,0.31799355842757304,0.41787658467366967,-0.48983563527070695,-0.5552502818750923,0.15888067517981005
2016-04-06,3.3384338622841168,2.943569056060087,0.8417545897826104,0.3790284823154135,0.37406731447335345,0.8504546741573131,0.5470101485771979,0.1724565365005352
2016-04-07,-4.913221733386159,-1.075323124646405,0.005144243333686644,-1.0470731774885969,-0.11543207357751244,-0.7037389967334122,0.13178934138604556,-0.007728973890574686
2016-04-08,-0.3310423854563111,1.1278489036705406,0.4815055483074326,0.8295854710788183,0.4505784111217343,1.1829115403854478,1.1659843854661172,1.3052905056783743
2016-04-11,3.988554975044445,3.169258313445876,1.3488442095605708,0.1856288637079926,-0.02964619250620334,-0.4219884332454836,-0.9835932429058624,-0.9777264070201046
2016-04-12,9.531878146518096,5.908655954154324,0.5258225587251464,-0.11363507679949959,-0.5230927908809805,-0.6001236387495591,0.03840377209724224,0.47597426481346744
2016-04-13,-7.997371686204668,-4.881383615936041,-0.8355411740836279,-0.24112942597047582,0.8745307216885126,0.7940412205147381,-0.20385338889069732,-0.3607124663175513
2016-04-14,7.968397226061773,3.4434740167028326,-0.4767744046722239,0.11051239220147852,-1.0885586943014562,-0.5051369816097331,0.16214100872745676,0.6703388991072304
2016-04-15,-8.474777326622933,-3.948254896788097,-0.5173590821255148,0.5714592811674404,0.9446847818830525,0.9478419626436636,0.8444771380956096,0.5053367488744116
2016-04-18,4.945855757823108,3.181799084236393,1.33203204009449,-0.46970168394896916,-0.03864059153478941,-1.2259825776619975,-0.7586696741853611,-0.8695641705929548
2016-04-19,0.4229016918316915,0.17987750516167356,0.1192564973448472,0.5253115326627851,0.5779797886125617,1.4948483136799329,0.7265352538132271,0.4494515309999798
2016-04-20,0.9337302841053919,0.4174521161998876,0.23165253530469448,0.2067475385790672,0.4178753627263939,0.31339463271854373,0.7558957745970426,0.20910116548364782
2016-04-21,9.359931110936554,4.472956287357837,-0.36507462275202374,-0.03254774700459084,-0.8322900312851732,-0.7809274560222309,-0.6619795713009481,0.016085192129249526
2016-04-22,-1.7124733122444316,2.9215727597209504,0.9630053374060991,-0.21986497785315168,0.7685931288713166,-0.24111635126151512,0.39625213497812345,-0.008573451034140674
2016-04-25,6.216865680425046,2.930106981153217,0.1883529720856263,0.22394153782087575,-0.1024819387438394,0.18923399386016057,-0.2881880441999157,-0.04501853443573486
2016-04-26,8.417877748853776,4.285816014500276,-0.42103830851037544,-0.5283786074521443,-0.02252612827617254,0.0556743210741286,0.004497451827646657,0.044756964867570415
2016-04-27,-4.914270226456447,-0.20843331754991082,2.4570440130145776,1.3757821115933058,-1.4167032852937131,-1.5572790554270262,-2.1073918908524347,-1.317572759071079
2016-04-28,-4.617773909838165,-4.052928210968372,-1.4813028321997361,-0.16075602529723146,2.1145395141823466,2.106986955456594,1.4488859738066706,1.668158352624934
2016-04-29,5.856233988378303,1.4289956838429332,-0.09528566767652312,0.027942832454337596,-0.14098886304951833,-0.14267024257327637,0.35652163543486953,-0.2591435187573315
2016-05-02,0.24001117793686744,-1.1902021489810406,-0.13754889046995583,0.263281242306116,-0.21967442908713175,0.15261087777763885,0.09900926011073508,-0.43025379627293
2016-05-03,-14.049973018088112,-6.4992024796819,-0.6831223042232156,0.13561867204578537,-0.21554087285711632,-0.32474369617160004,-0.060005422929613444,0.2952453004565753
2016-05-04,0.32846177774174445,0.9588950859653766,-0.3213825102588254,-0.16045079051580766,0.28257440282655355,0.1799133757119348,-0.13933639698262604,0.18805515799533157
2016-05-05,-9.865073961820075,-3.564387742343078,0.16117776142498225,-0.23760737183451786,-0.026703828332194954,0.01412708669062658,-0.07661563983456614,0.12680145374924132
2016-05-06,1.4578304509514657,-0.3712411231523372,-1.3962876020271162,-0.14205454668308848,-0.10797885164730112,0.5036478572935995,-0.10884155882237592,-0.2979889683660762
2016-05-09,-6.175708657369159,-1.4996611279676708,0.7551472597889776,0.25465230429309443,0.18792873386588027,-0.35250543876266194,-0.10891756580812734,0.3096629985803148
2016-05-10,-1.8621577990538092,-1.425069341662843,0.2334665000756559,0.6589328192365387,0.09242857776572866,-0.014779816879215039,0.06769662373706846,0.04442713960880095
2016-05-11,0.8742163046242881,1.2887155672051525,0.14533209204981407,-0.20357187092966034,-0.01853479296059142,0.12780433487776827,-0.22584990904548222,-0.06752616226130281
2016-05-12,6.270645680020577,3.4127397384831615,0.5055429032055629,-0.03087510297092505,0.07811524928668918,-0.06697508479030675,0.12072190180397391,-0.0776770726603283
2016-05-13,-6.402957758857667,-4.206036318176539,-0.7845668791718354,-0.015195513681643178,0.28237950487286556,-0.08904740389323397,-0.06726634943617085,0.04210404618526955
2016-05-16,5.403265854255747,1.7468963213178397,0.3754865651277853,0.2645556412273657,-0.73111167950334,0.10522738904229201,-0.37201513029123684,0.1789009361018905
2016-05-17,-0.6334565145644916,-1.0733428034016643,-0.6378687811103798,-0.29020351020304563,-0.14136819348943078,-0.17571032241184578,0.5892121992257681,0.1813891720772289
2016-05-18,7.719545425301004,4.683269256736408,0.5953985646526523,0.2424835703317862,-0.027241123422643804,0.46978454918559776,0.8800540917245082,0.6637735478287035
2016-05-19,-3.641205332558851,-1.66519578019342,-0.4378178065005581,-0.7995121841735633,0.03489015117625746,-1.0197264281883065,-0.6746361738999425,-0.2807779868225335
2016-05-20,-1.6623851672487244,-0.31101111879986226,-0.12377673172497922,0.7162674115779089,0.6269909730659177,0.6452727719269925,-0.2036184399625146,-0.7796583846285495
2016-05-23,2.9281693517289673,1.9510129060098769,0.9958633071086654,0.6513921104555057,-0.6190022654540918,0.05471013249518837,-0.7195379915423439,0.21538811327457325
2016-05-24,0.015098760317954043,0.6545189153814919,0.0025241366984090296,-0.7508277654504705,-0.0526452701458623,-0.5748847733268417,0.7210511533572633,0.4817200450616479
2016-05-25,-4.723929539004652,-3.022235319773731,-0.709622144260804,0.09514694437188877,0.10636625970990951,0.5855245264461364,-0.3548179782438579,-0.23677472832626228
2016-05-26,-3.5191262198161546,0.11395502593624088,0.13020782729864333,0.6947986264055365,0.059316933226563964,-0.5571705860068171,0.18728476840344152,0.2516118087360313
2016-05-27,0.7449882236331997,1.1263070517135676,0.01589138479778497,0.04374544733573206,1.7431391522020683,1.7703516981064993,0.2936030004327966,-0.3518051975263498
2016-05-30,4.042268670539424,2.805896010460912,0.5007942056982613,-0.2909244515314799,-1.6829609626048427,-1.899954263874279,-0.26673411033762223,0.3840632474016142
2016-05-31,-4.138242292929034,-2.6750640214378834,-0.32292210075775396,0.3418189564784352,0.5063355926473351,0.6238207677199993,-0.30334001821972284,-0.3400534020195984
2016-06-01,-0.2922579308954323,-0.05272112800678888,-0.03363282589388617,0.016957171046761473,0.014295162906539857,-0.06933373073999019,-0.002867644766616937,0.07340515894612218
2016-06-02,-2.634772916427068,-1.9232225135795722,-0.3478730884729727,0.09044150366846798,0.3782556305707552,0.13860964390279257,-0.21174073872459986,-0.16547887338669998
2016-06-03,-10.083125061557721,-4.138340765344186,-0.8836370638081281,-0.7661451250069875,-0.21426580556243494,-0.14489958728511693,0.4886669686724072,-0.03668574427199724
2016-06-06,5.132229487751433,2.024575704915401,-0.5088260445173276,-0.4672042785817291,-0.9552317921400036,-0.12918385217744874,-0.21967052444254406,0.2826542122478648
2016-06-07,-4.386261829963408,-2.540068149399866,-0.33978820852059866,-0.4660649719645383,0.4114720376864471,-0.3417734192757409,0.26077936173927785,0.3630821563824054
2016-06-08,0.9616516001365176,-0.39114794540306924,-0.2520827023603459,0.5721946041756655,0.1826716043616466,0.3466609135791245,-0.08247160482679931,-0.6491806567062094
2016-06-09,-3.7850467734974282,-3.101322203457335,-1.155998976376604,-0.39100285212619945,-1.0542327287651263,-0.8503507884851638,0.3890308049349196,0.6685492867439865
2016-06-10,-3.438832029385618,-2.2051975401703627,-1.0882722554260453,-0.22686854012874255,0.17940984026439827,0.03344192036430346,0.44536307855902646,-0.7041968996699082
2016-06-13,1.4862441131368023,1.7017985941640317,0.8322519542657598,0.5009954969940572,0.495548234375701,0.29097359520044935,-0.31086442500443157,0.003023585880706166
2016-06-14,-3.257562842380179,-1.3310316913163758,-0.5989799159966255,-0.5087175125771414,-0.6610176634904688,-0.39327305442263766,0.304057913391428,-0.06924925980726546
2016-06-15,-3.219011560803768,0.4155944723292036,0.4118589451432448,0.192093571664232,-0.051437169714319796,-0.03418226698913993,-0.02501860110318868,-0.16951660128756643
2016-06-16,-0.8396377968631284,-0.2920894652127359,-0.901879926468865,-0.7512111927026295,-0.8479039074632964,-0.48136036599805687,0.4288382135836968,-0.044150298228241396
2016-06-17,-1.3586808936089054,4.238268755835514,1.3620495761860567,0.0489921145645725,0.5870550498992348,-0.3064152085893975,0.15516289919368714,-0.03820625698950843
2016-06-20,6.300248877607117,3.087363606023183,1.5810060207188859,1.0634106621561976,0.14905783659916805,0.26873488957763403,-0.31438263075065853,-0.009693409973018466
2016-06-21,3.680916757321045,1.6544105539973368,-0.6592681735221656,-0.19162800098569258,0.03911816183970553,0.23785519913300868,-0.16858961461862845,0.04320642030035158
2016-06-22,-0.6315363269128353,-0.6991165579427304,-0.17841547596150098,-0.7863036924441369,-1.0561252945699662,-0.6178297737589009,0.5344294661112868,1.1439830576660872
2016-06-23,11.074280111302317,5.17534933045253,1.8157950544333412,1.7343886496264225,2.7666880938870384,1.118142492202569,-0.2603430614382807,-0.7604279369146795
2016-06-24,-21.001674442072815,-11.587539024989344,-6.277456417570152,-2.1484040757504466,-1.0823322479914035,-1.3778391832710017,1.1307174334236656,-0.6585293666693768
2016-06-27,-14.650912773286619,-7.559174242141089,0.25099425977319345,0.27737116281460383,-0.6922524662799354,0.7678117337119754,0.2854599015547566,1.5238567722191394
2016-06-28,-2.2911563100478594,1.9950145805181827,-0.4213459726442966,-0.1926488935171829,-0.5025732554788782,-0.627030278860086,-1.3011889940436923,-1.268314194603824
2016-06-29,0.5384140767277691,-0.5377676597251784,0.5758211766636545,0.6487911416834256,1.1702750919762253,0.21620120220713374,1.0495538160371876,0.2614338924679909
2016-06-30,7.921801036232497,2.97584153280334,-0.3599049833780546,-0.4881425896521981,-1.637998849603841,0.6675515953731789,0.4765584524249712,-1.1575454228391377
2016-07-01,-15.999181400357134,-3.836380503176943,0.494120641425722,1.2736419681160311,1.0631155295974535,-0.7212656072157004,-1.578066441958504,0.7307527624873773
2016-07-04,-7.299773979653414,-2.9108442047135408,-1.0676636767497643,0.5613838831705523,0.133820778141593,0.12296867490506719,-0.26623386736399424,0.37721876015677647
2016-07-05,-6.543303257088325,-2.6862523932593714,0.19234109209977637,0.15992004645121252,-0.12698640388259302,-0.06610784177606807,-0.1276697662151279,0.22538000051437776
2016-07-06,1.1006657530380874,0.8878962513091756,0.10119811566565662,-0.07350403875295193,-0.08348780142470895,-0.27504235774274965,0.09220214887104047,0.1935056593052897
2016-07-07,1.0629314587902168,1.5999386278270453,0.7423387600581699,0.4324177362078923,0.5145338765546459,0.5077747969180973,-0.313268810173448,-0.4094987231131313
2016-07-08,-6.2392890858213415,-1.622622106755846,-1.1567769929177676,-0.6131143219891744,0.2050861895845302,-0.06764880510973752,0.4511658616804925,-0.13881636021506244
2016-07-11,4.2395964327600915,1.932803119782713,0.25438843739376543,0.3442489141155815,-0.2630128488368989,-0.051360918578523616,-0.16491068035485942,0.06769077947082446
2016-07-12,10.549962877022473,5.195403365213907,1.0691776300971083,0.3827583525234116,0.04391116962067989,-0.19426823077879274,-0.003541820344144975,0.15245993824647902
2016-07-13,-9.758181112722392,-6.297243773775327,-1.5731196613918341,-0.4530698260454888,0.2490844546142597,0.35884453173808106,0.24750093299096562,-0.059798019995449904
2016-07-14,5.424125179377262,2.8837792286111417,1.1530170826822876,0.13403054609774298,0.02859353921296834,-0.0565288061443904,-0.17673654348359905,0.028831535553485152
2016-07-15,7.461177121370631,3.5483885813429077,0.175010541942841,0.06878527282313308,0.22562232468768817,-0.3796418321658258,0.15304815088551574,0.04555696344581169
2016-07-18,-5.432021837180898,-1.5130014147211772,0.282890591996986,0.08456901456958536,0.09024334525012281,0.14171975359755504,-0.32535948007215243,-0.013986791080765221
2016-07-19,1.1205566838983594,0.3876337976435015,-0.2850296910187408,-0.07833077140587537,-0.009276135501493038,0.310301019849773,-0.30733579046691595,0.14470190641043595
2016-07-20,3.734266242702035,1.4579358861151297,0.964309576767224,0.30817983896057477,0.1763888041237561,0.026263659991301935,0.5261194408976446,-0.3535353958696842
2016-07-21,0.034737254683921664,-0.20348594983811422,0.14608364209498917,0.0172604866677543,-0.03510101159545739,-0.23783307054339203,-0.04388315374585165,0.2702089564015869
2016-07-22,1.5793898338396142,-0.14646737389700673,-0.5712233802242357,-0.15096239388042837,0.027551273243450875,0.04415230772887369,-0.6705315351698748,0.2934411237705283
2016-07-25,-1.986488257793737,-2.288647660355941,-0.1296088427459728,-0.49470821716094704,-0.6005068441467993,-0.06422148264216902,0.45889570762044213,-0.24903900597137257
2016-07-26,0.4744538953966177,-0.23408746567475314,-0.11265555566183262,0.619471585147425,-0.8343770174192531,-0.41396855986978887,-0.0844995371400435,0.5343928106300341
2016-07-27,-10.938290684317762,-5.501447943814536,-0.7814026959799039,0.011591617377982054,-0.956861868489328,0.2803556620271911,-0.12138368463881308,0.35695309004642833
2016-07-28,-0.5607773637452311,-0.8840972643852993,-0.989965395413177,-0.7535287447844965,2.109702471095569,0.44528673531552965,0.49409904088282003,-1.200623336058633
2016-07-29,-4.591498649714636,-2.0521347670354877,-0.029320647438767264,0.4276381686979356,-0.0032770173696623495,0.0842542470837949,-0.34700673379772307,0.09721910333254909
2016-08-01,3.3980715663992833,0.91293752127179,-0.137303946316999,-0.1284077412286707,-1.133497559763855,0.09114925993729513,0.11811324236203191,0.2677595156688785
2016-08-02,10.14784775000818,3.795637560570776,0.7154295058270941,-0.18687152589697878,0.4922577292387452,0.1397091600199582,-0.5933998007340858,-0.05114558930240377
2016-08-03,-2.254821780603647,-1.0608926016166662,0.08589491090147969,0.3568028777295341,-0.495597306111503,-0.29942949348125475,0.10795988457859707,0.4156540452117134
2016-08-04,-9.948587327983997,-2.694751035075902,-0.46654098621856405,-0.4251397095536408,0.9680769504442305,0.2795792320022016,0.41283442725377967,-0.4614530011982394
2016-08-05,6.294909971773088,3.9112121587464896,0.19222342945195647,0.8255247567277693,0.21708516525419067,-0.05086023543842243,-0.31931929517277874,-0.02535024295513051
2016-08-08,0.3728900245639483,1.215465118823856,0.9027256829142059,-0.11648750975238557,-0.7153065653643271,-0.04173879575496218,0.07125303563132415,0.2822904462490296
2016-08-09,-6.351673858602758,-2.9031654700428295,-1.5706285118372494,0.028537386153455552,0.25812720217970375,0.6423869889312046,0.7476431827149911,-0.9335649893991346
2016-08-10,-6.422706742410555,-2.537124015948093,0.3375326650567201,0.1487679084575225,-0.4119847769132949,-0.682148734394434,-0.28315007811914195,0.8635865997364326
2016-08-11,7.321179978350558,2.4811968867600664,-0.22516846078807096,-0.09297055702862622,0.9016937752623876,-0.019445029842253568,0.8278132350820132,-0.572239315844445
2016-08-12,-3.813447663677574,0.07052185897391504,0.08536658546377905,0.16124242195841607,0.12718219562613758,0.07483319784489545,-1.0116417364810937,0.6565022218845084
2016-08-15,5.278608208468352,1.9056162905854008,-0.179026678064784,0.012304290066960526,0.0837580474911995,0.006872873505334705,-0.15492175224961025,0.008205464058636158
2016-08-16,4.06249264048912,2.509679581714607,0.8171871128790685,-0.1195404426040247,-0.013847222874795805,-0.5385753288711982,0.4473763394838537,-0.18989045524337775
2016-08-17,-2.982207404300264,-2.079690955341873,-0.5716160115037219,-0.14896019594108845,0.17909455895067067,0.24724866596532608,-0.1568718701126772,-0.025640853949341652
2016-08-18,-4.762132904321302,-3.06245040650023,-0.764967934352766,-0.027677900738577083,0.08972071897667956,0.13914614320373778,-0.20879513796103233,0.08011759673712687
2016-08-19,7.038607439097191,2.450214931415885,0.7773389675975971,0.378900362912226,-0.21372467812388923,-0.027511462992376685,-0.06328929150893442,0.10261064011133163
2016-08-22,-6.659557282761137,-3.8911710926386673,-1.0468200669118701,0.06412274165059084,-0.31163665259090134,0.37369146363740213,-0.0700366886929526,-0.07730417940907154
2016-08-23,-1.4311419395863945,-1.0692026203721678,-0.7090902462342779,-0.11088228987700989,0.1845658261956699,0.2085456739033773,0.04560867630769414,-0.043914574933921736
2016-08-24,1.287469144549197,-0.9318905275112715,-0.11708108121902626,-0.031900695251767364,0.0925520156526347,0.14449097656592763,-0.12209022288462483,-0.06375776635349342
2016-08-25,1.4232802867939334,0.02755941163449649,-0.14830444123725883,0.012868071106479567,0.023171597000136136,-0.07205155150067137,-0.17615947629628786,0.33108931055721413
2016-08-26,4.548106868853885,0.2735056399006622,-1.1912710222522254,-0.09823308959000937,0.47411825899217686,0.23709389038257342,0.44365499604111397,-0.2987938147233203
2016-08-29,-5.974903403027918,0.34830753509186946,1.686562276430485,0.4995126711919433,-1.2831970257784018,-0.7840308126827937,-0.37097412621518744,1.0583950920540106
2016-08-30,-2.90478512704121,-2.0110083852882745,-0.707253290071556,-0.08727480932766746,0.3415528111887213,0.6699914779816415,-0.20291711375231575,-0.9236729268745709
2016-08-31,3.7215415848899753,4.174379963546057,0.9401183308277272,-0.5823040996114773,0.2290732172124021,-0.16883942198292737,0.29746283088445435,0.08737059270158391
2016-09-01,-0.4742483978363777,0.4027737337064927,0.1786123241555435,0.22026163016150424,-0.023782200600045076,0.4088798148376894,-0.12835940778924046,-0.2587648738802439
2016-09-02,1.6947303361301544,3.2578700537305223,0.06283607095862813,0.3835113763427835,0.11155312264934679,-0.2894735667783797,-0.37082076177134365,0.2926886881221982
2016-09-05,-1.7063549694619142,-0.47982449617624434,0.27114373213701504,-0.05214670440921341,0.6210628726783689,0.0822367188650868,0.09750139911006661,-0.07401798273675055
2016-09-06,-9.592582875240701,-1.974579030861948,0.1129118831542621,0.627275589471371,-0.32015765627145293,-0.07601346354865617,-0.11010524355479386,0.012159771172500434
2016-09-07,-1.4003571506842236,0.10331698771929898,0.25023076034914377,-0.4174553814602702,0.3450820809184864,-0.1530713012850371,0.3900104141822703,-0.09209495924598385
2016-09-08,12.92485109284784,5.045196746751451,0.8423984316940385,0.3704694512420522,-0.8884600185255451,-0.5192078453612575,-0.2520953454077868,0.9503844157185405
2016-09-09,10.720374955448342,5.247022166710653,0.534953837020355,0.8723024615751221,1.5334978084385549,-0.280353726636554,0.661615317308744,-0.7709216958299521
2016-09-12,0.18362125619530534,1.4389017136382143,-0.4430638210961691,-0.9794785153302544,-0.49557665226973685,0.3874601220220325,-0.5190517631357733,0.032094811938157455
2016-09-13,7.7984473311750255,2.8926302283273166,-0.26359496993886816,0.016711930628631456,-1.3248602306474924,-0.27609273855561106,0.038539062833035105,0.4904304955598734
2016-09-14,-9.193893470821518,-1.157461223897939,0.7034178641396112,0.3144221215070934,1.0345049271936533,0.2303363566306962,0.13653878990782364,-0.7274323027050213
2016-09-15,3.083949817184505,0.5184898160196266,0.5664046888083194,-0.12668616590162451,0.05176677603995888,0.4471498887707388,-0.34244168106167433,0.014321364294767316
2016-09-16,-5.23698628310374,-0.661816894493325,-0.427420013033359,-0.2589226285533233,0.4728199510404261,-0.24138429730457625,0.6139808598239663,0.025058482444113097
2016-09-19,2.103173720095613,-0.06830872483777248,0.24369604302929243,-0.22706958903584454,-0.5733765063797887,0.21164345844822646,-0.30926634753117144,-0.05394292427095751
2016-09-20,-5.993156615359515,-3.096063339287005,-1.8722113760891508,-0.4827628133078341,0.21513738322049689,-0.3257890988915883,0.13867656337844872,0.1929438988599017
2016-09-21,2.352159170580745,0.5722196258570698,-0.20952748583796776,0.4787675865973441,0.0281774863334757,0.45331293129389183,0.22628397581136606,-0.6012330691585404
2016-09-22,-12.734627653381542,-6.777007132480863,-0.293031467511461,0.5074562340777702,-0.23068095240873032,-0.07386903008683293,-0.7193261157714651,0.39416959930366186
2016-09-23,-1.4162468704037157,-0.22323044313867196,-0.24651949161236594,-0.306870290731255,0.2849249832845767,-0.2726468796413303,0.5650363599094193,-0.1949207346103055
2016-09-26,-3.878731446115067,-1.8174998960147957,0.1980774540191432,0.14190433640321348,-0.7822261482172151,-0.2966154540037815,-0.31577546307125015,0.6940078443318759
2016-09-27,0.4595637591111107,-0.5044537741591972,0.316227044408906,-0.7844275879675938,0.13888032870423128,0.3268249866053614,-0.17590081465915863,0.09286360848509723
2016-09-28,0.09936754280204109,0.9051654294472967,-0.39240306457267127,0.8869711888208931,1.0864131232360767,1.1332431557721314,0.4471391567087416,-0.4869591385483527
2016-09-29,-2.0276495972926,-1.3582533021140395,0.8298358724171019,-0.22399596799091026,-0.7430349890503293,-0.7127356962192285,-0.54187777487235,-0.23807185431951622
2016-09-30,5.3661037400169835,1.9483994342947388,-0.25533825506248564,-0.04246262773788609,0.20449326181662802,-0.293867805734327,0.2078239961632811,0.11205553090636813
2016-10-03,3.4234618526391323,1.162489751852508,0.0403422761801122,0.45424836217119463,0.003509961670475881,-0.10630513274386638,0.19812628469682547,0.14628410890169402
2016-10-04,6.554127015246845,2.7887295868945863,0.08390369002640144,0.08037498096905209,0.33925022063436594,-0.39307338125475416,0.31072792803170657,-0.14520183704444078
2016-10-05,5.5413530291695485,5.2308793774841975,0.7932477657579171,-0.22422635479590797,-0.4891726961023086,0.0883704515202213,-0.2885310608074374,0.17032666107724423
2016-10-06,1.8784838504941035,0.48731605127517136,0.09259853985387699,-0.12021262270883594,0.6954594128813032,-0.4115540884868789,0.33418016369669007,0.30896686978959115
2016-10-07,3.400338212416058,1.964848010773117,0.22716466256329107,0.5123653391285647,0.30490424813001277,0.5592428989156304,-0.5897181436351491,-0.5211099223348232
2016-10-10,9.397174246980816,4.4859121778978155,1.0552174906422673,-0.6074853224924098,0.2928141984256808,-0.07435733640459292,-0.1178968144207444,0.16317456175176304
2016-10-11,-4.52266457014373,-2.4363211110700775,-0.9263453639598354,-0.16910095867064287,-0.9566545654830344,0.16112467517481013,-0.3055003470641362,0.1496710076202888
2016-10-12,2.5460602210476644,1.7083641448034157,0.9965412915844535,0.5262763480552152,0.5068545364302445,-0.42739910140968523,0.5264643191464837,-0.20145138493009143
2016-10-13,-3.4045096566735222,-3.7282044048073915,-1.6670377195275827,-0.039297659947182796,-0.9251244417572646,-0.08113189206363765,-0.1949060990930089,0.5660597708359227
2016-10-14,3.678133673174613,3.1679204774839924,-0.3310165534482552,-0.03575220569756318,0.4832544898194288,0.6250695059141972,1.140410847185188,-1.3321333086765468
2016-10-17,-1.2884917845461612,-1.148784087131869,0.5400181561159226,-0.09880463019315829,0.17881562932666462,-0.272898173402741,-1.3604621347739319,0.9128213782325594
2016-10-18,-3.9982882590324467,-1.6438299146523165,-1.1311624186917264,-0.13364956186196972,-0.23957660442410864,-1.0769580452783005,0.78383791023859,0.48144336445036745
2016-10-19,-0.24149395005900737,-0.9481371833613026,-0.6503045326115768,0.4800908362585248,-0.19989386414035876,0.8346193717858279,0.012421668274890016,-0.8688975558848171
2016-10-20,-3.4502806942821,-2.4045780236730767,-0.9301262207413221,-0.4050741290315397,-0.3996829481247229,-0.3512102622552633,-0.52345714866842,0.9810421216040129
2016-10-21,-0.10872488293458629,-0.058782212830635415,0.18258396032649327,0.2697325517055508,0.8017977685780548,0.5707995335042915,0.05660496432253539,-0.8008750310862126
2016-10-24,4.269144090930162,1.399149764985629,1.1743884994811185,0.21867370723291282,0.16482998666278711,0.22507342322443058,-0.0802997634883439,0.01822016681347982
2016-10-25,0.8321293768982229,0.07583432783716176,-0.8146528346898076,-0.695394545056345,-0.05905114380769613,-0.018236325507826452,0.1691077557961148,-0.031109391915805747
2016-10-26,8.512525477987943,3.6694494025595974,0.06785905628679088,0.5692781515051334,-0.06825277518142008,-0.10293458217025499,-0.09341698134082095,0.024067194061283978
2016-10-27,11.347742799232936,6.282425352750229,0.4661563401322566,-0.20698669162306152,0.14152325499537025,-0.30017840771492976,0.7052850603239098,-0.07560994038019184
2016-10-28,-1.074240387040673,-2.3977159489843523,-1.3997400550521515,-0.5136949937627135,-0.36461154174119836,0.10747350821366482,0.1759288378490052,-0.17890967122606533
2016-10-31,-0.49031129662426226,-0.508532371869551,0.6837292432216623,0.034641526476732895,-1.2168280473886672,-0.5985031689150858,0.0415749585907527,0.5665887976039083
2016-11-01,1.9324944061689302,0.4630832462008221,0.13148670741332893,0.6347607757925489,0.023251252491869562,-0.13827020231363132,-0.22734109627221774,0.2671997741292936
2016-11-02,-3.80590365467222,-1.5162123737025137,-0.2531660155239983,-0.4353543811155462,0.8827155472217769,0.757071978568904,-0.15207248130921266,-0.8690618677811497
2016-11-03,6.272347668657203,2.3928853159615353,0.06853263519373137,0.13270805913635833,0.19462373201801836,-0.6118462281733666,0.5786215064990259,0.20889891622427145
2016-11-04,-4.396049065972703,-1.4046712210417975,-0.33641944739182394,-0.516943234618273,-0.3317812895474173,0.1163377208296745,-0.06638754930110126,0.044729260822206324
2016-11-07,3.988732858421036,1.7872412530377841,-0.19060224747463184,0.15701193176727699,-0.34803366105797945,-0.08553092889595344,0.03669286265193382,0.0419090771939041
2016-11-08,4.6117749994217405,1.8517450124914314,0.22900238751112564,0.4140464279683414,0.4518246149747179,-0.15000533977752462,-0.012587858694590193,-0.20132778827221673
2016-11-09,13.485469243326191,7.720964890699884,0.8131275893378714,0.5772442654399732,-0.9031559201774753,-0.31162231029696413,0.6777601104779672,-0.20162280233714894
2016-11-10,8.341178470659834,3.4952403634261024,-1.4799310696391923,-1.6623078766046329,1.0617273384950765,0.6545927869042352,-0.33369065046136404,0.19992716881756623
2016-11-11,5.4842926901282825,-0.3577066203247876,-0.4530037527798584,0.07839165049111646,-0.7143394318459803,0.4695107269240178,0.8497678323317455,0.7255183574110612
2016-11-14,-0.38582436881297133,1.2395148141407337,-0.7473881080232997,0.27795240047687525,0.019076357544316302,-0.3023224561684849,-0.8422331335250863,-0.8398666785956453
2016-11-15,-1.1878509545552294,-0.7174319123268712,-0.2424173865397658,-0.06654603384502546,-0.3399907248953596,-0.39922779361269894,-0.009732834047540401,0.3829422606820251
2016-11-16,-1.61828658796261,0.26925709813893456,-0.41148100257833037,-0.9354529913764503,-0.39525756827711445,0.017951914783409836,0.11706658495674423,0.3164837828934473
2016-11-17,-0.5113657105685451,-0.15710670674190969,-0.0669466578727127,0.15585483243291345,0.2473539585352984,0.572388860175095,0.24100862791467947,-0.9194659997706361
2016-11-18,-3.0784570478405064,0.8835853735338652,0.888289777957518,0.5152232532494947,1.094813664533032,-0.8975915852420033,0.25691342606471346,0.2841104723050249
2016-11-21,-1.5364251076587698,-0.8772059382675743,-0.7702234025590133,0.19905301845760992,-1.3029817230274725,0.20245715957749125,-0.5249793132765714,0.5295399876623474
2016-11-22,-5.176695616469793,-1.8674538632284174,0.8666722285587403,0.5786779994920761,0.8813739396929144,0.3119780800728803,-0.09956640490400806,-0.49144806344251735
2016-11-23,0.03553729537746972,0.46572993507046934,0.23625123104204168,0.15354159482430552,-0.8277091444897364,-0.7147665588424851,0.3503111413062593,0.8288361826814105
2016-11-24,0.09986223317664504,2.8610343337744997,1.5656250178472566,0.3165003919806897,0.7016245518886569,0.6051001820790257,-0.5411674682449221,-0.7894793073743167
2016-11-25,-1.5946326918510763,-1.130839584478733,-0.7363411862466557,-0.5374319338401663,0.56413421705943,0.11462293080896199,0.05173288001441556,0.09769508292411563
2016-11-28,-5.922239906768933,-1.717985583410632,0.14280239574462153,-0.48385447321712477,-0.5523917239507207,0.005883351513936053,0.3126784366233871,-0.20818778798925452
2016-11-29,-1.4595254624425151,-0.050947530185375546,0.8071735133183492,0.7393991615372206,-0.29525635482387763,-0.44995049578363133,-0.15483372237546722,0.4548768902161163
2016-11-30,12.478453146917754,7.498893174692583,1.1263403489469725,0.1160985377471263,0.4285273846312482,-0.2637943354097158,0.47790370983886504,-0.36574044065807243
2016-12-01,17.576737010247157,7.451985072104188,-0.2804613559938685,-1.0350333076176366,-0.9452688187585143,-0.07219101696412128,0.1414747782513877,0.09316417938034312
2016-12-02,-19.485720696060937,-6.784294783955992,0.08733722726755704,0.29191794746014865,1.4830458403364661,-0.17909567973612908,0.13921463505497925,-0.1783931775663374
2016-12-05,7.55198126021543,2.2154325902355994,-0.7984591501886286,0.17049723901636984,-1.2217954508597209,0.35893459110931253,0.15067496646189033,-0.13930889760357193
2016-12-06,11.373024877257336,4.812460328538122,-0.6259862555238808,-0.404304963352485,0.7977565795767846,0.24663909480671467,-0.5868701385439309,0.1022582107955258
2016-12-07,-4.865384187387941,-2.24638734140975,0.0956571292561554,-0.0549103052872792,0.2319998579674809,-0.2032332499374499,0.24271940282075966,-0.0799784981365155
2016-12-08,3.1472502589971163,5.60420202871161,2.609984510725307,0.6595754353705392,0.3595486663149075,0.17001036015236126,-0.3621003372463052,0.2696174208514856
2016-12-09,3.0955978141409406,4.986716116357515,1.2672618006640721,0.909086106748122,-0.13525886801228496,-0.5255402696262799,-0.1401803518052537,0.1415171976335502
2016-12-12,5.7248398991587415,1.4714908692682687,0.09098416841053954,-0.24367371515307884,0.4131949716673537,0.870531021456138,-0.21349386679409113,-0.35265049651898145
2016-12-13,-8.574820190633757,-4.283211654598818,-0.7043336732485302,-0.2551966542883136,-0.8121631945551552,-0.0790285056056007,0.008648023364912232,0.6134467969668185
2016-12-14,2.3060308453056453,-0.028464643106225717,0.3526348868860724,1.80015574954528,-0.4635797693274405,-0.02933532049287965,-0.2004350076775154,-0.6511705483094334
2016-12-15,-1.7018748890152342,0.5595648650694063,-0.673232187152119,-1.9301855501801959,0.6837788094061187,0.7673748411615352,0.7144143455303488,0.297794850078464
2016-12-16,-2.8478585556923366,-3.2939725993160356,-1.0539757693235496,-0.25115515254425297,0.39506781091962856,-0.04464586651904966,0.644984921687396,-0.215731760227823
2016-12-19,-13.962504420770996,-8.32921643492405,-0.43205522181372685,0.48865834280442577,-0.3295165899896065,-1.3122479798002917,-0.7161885776503735,0.03372097599864736
2016-12-20,5.172065883534616,2.4817301441651307,-0.5448178942606478,-0.2975629782939069,-0.2136250453259963,0.19617090176369936,-0.1717281422786083,0.10854349633911876
2016-12-21,-3.3359612705772306,-2.153163229519236,-0.39235593381635114,0.14936902936030108,-0.5781134132814352,-0.33924563098162924,0.17085924883651563,0.33516153657633607
2016-12-22,5.581549620455844,1.9325770105627578,0.5805519364445083,-0.4493375017508478,-0.18491190617107758,-0.03196518807037274,-0.05009591941876765,0.2918362287020126
2016-12-23,-5.818047368824519,-2.171602232135296,0.05267613119183914,0.86823629433924,0.8562937079303068,-0.10519956774108487,0.09608852801033782,-0.5495943115151625
2016-12-26,0.8414276992954198,-0.22934903744659327,-0.8217046811049997,-0.27526667177799546,0.1466122657383115,0.19381968067130417,-0.09946932671165605,0.014941224587173998
2016-12-27,-5.117173417359363,-0.6183762182223281,1.1995037375203643,0.9327434295198034,-0.2180273958861677,-0.46264565027482457,0.27614218698466153,-0.08286412328958706
2016-12-28,-1.5225296714605672,0.1565931610555471,-0.7994704769321662,-0.6918034058010832,0.6937342805303319,0.6226360903661029,-0.5324467367301344,0.03395459246424986
2016-12-29,-4.667889541092399,-2.0852279919980097,-0.5805545905297143,-0.017026068143493906,0.021918274841953477,0.15759147566278742,-0.0773099129360876,-0.1255691360486586
2016-12-30,2.8121784956013736,2.5349526723830227,1.3509156982612807,0.41495980576724145,0.2354628773791702,-0.034800301606299974,-0.21075203002643347,-0.0035001747028643336
2017-01-02,-1.5465878255417091,1.243933956197221,0.6597388032148743,0.368859567867659,-0.34487999683937215,-0.4198798335239176,0.1635250429534887,0.26927936087458176
2017-01-03,7.093501007583997,2.0474113300229333,0.1832271386124299,-0.2951318817945327,-0.013872558039802361,0.4309390806918603,-0.390855816728934,-0.2175924567630354
2017-01-04,1.7317410310640473,1.8578676776592415,-0.7086030649540548,0.2195003424245051,0.5068245642658298,0.06513596746883278,0.04627009669148473,0.15143226440710442
2017-01-05,-3.7819004255452047,-2.9294293274674614,-1.539464304880267,-0.7007210020671559,-0.407216997722803,0.11413124855707422,-0.26017184786452696,-0.30225085165524984
2017-01-06,9.181697425436504,4.1595520932593,0.2600565882327247,0.6689364887511473,-0.18439663254797473,-0.10196302651041725,0.19895078089224344,0.4657314714603985
2017-01-09,-5.545849869238433,-1.7616325876799168,0.4728404891207436,0.24633689975302725,0.5950467616007349,0.6064563538987171,-0.5027552694020311,-0.232390188413148
2017-01-10,-0.568531939765078,0.9056690949240371,-0.549433414457073,-0.1102314589595345,0.577962419871761,-0.44911847985883224,0.6177043473020619,0.12406903434715441
2017-01-11,-7.249024686506095,-2.2522983693429715,-0.40484989705655244,0.7713138788871505,0.010296867475759051,-0.04237658669901708,-0.14036450047762355,0.03529936505483413
2017-01-12,1.107866160181162,1.5776950772005727,0.9043471792877522,0.6949847379698655,0.60564100610802,1.0248350124166516,0.2605249799703338,0.17136860221720593
2017-01-13,1.240621982611616,1.2688307159044612,0.3787131647381165,-0.03391881171386824,-0.018829153642032283,-0.7464986475923617,-0.5108494891933087,0.021760083869702566
2017-01-16,0.31946995158050595,2.1605985158344536,0.42332766138048694,-0.5910124918697077,-0.5568355292243239,-0.3131047935132871,0.13876788053111408,0.39525905975408665
2017-01-17,-1.4386480606123053,-2.5976439254171595,-0.6294145102908972,0.5443296873460691,0.09272304137988296,-0.22039383204965152,-0.09026719570746057,0.20057147313219387
2017-01-18,8.61130544070027,4.194797355670912,-1.0792380489489668,-0.9714363592465171,0.34430631301410225,1.0987785712929057,0.2650846560275624,-0.9916966299610422
2017-01-19,4.946949486142962,1.6803762905348938,0.9569110860959634,-0.15127022368717732,-0.5823425271408535,-0.7372163190596029,-0.018683238527595805,0.9451892280844807
2017-01-20,6.549799836660489,3.349853978018541,0.6350657003344737,0.5128419506844051,1.053283550396042,0.3950775963617108,-0.09884463120507245,-0.6121474558283928
2017-01-23,-9.550996868185305,-3.3432290096801442,-0.609172501977086,0.1504609096700188,0.23522415615743889,-0.2676129917029332,0.2492324602867721,0.05717998003145284
2017-01-24,7.682083579496298,3.5708304138633067,-0.5455462593842466,0.14665663001438062,-0.7766571113724592,0.1453890632587476,-0.3781581510930163,-0.010380540439266969
2017-01-25,11.16600516183077,3.1801607188515484,-0.2898463939300669,-0.9242276536640978,-0.20920904732312978,-0.4501495878123556,0.5833455787456895,0.2048844462956255
2017-01-26,1.642614052569978,0.058943991594112885,-0.8376285733269478,-0.0737047777609822,-0.44033184848263923,0.07285062956793528,-0.26509426055780916,0.1521937874591379
2017-01-27,-2.245758986190353,-1.8950052000285558,-0.8854673415521122,-0.3498480123753063,-0.1961054737138074,-0.02419789243522004,0.09648959313564855,0.08672460980464304
2017-01-30,0.05861311871722099,0.34033820868790626,0.09393751035188319,0.16105985348729676,-0.09521503961422093,0.18816178190275942,0.3245081900938919,-0.3327755026645928
2017-01-31,-2.493934561398885,0.2036589837524621,0.24008038923565808,-0.34014952113618957,0.2478394206020056,0.43095129694601475,-0.3356875087765786,-0.3138261003059506
2017-02-01,4.577910117753494,2.1113503998504943,0.5144346800524713,0.60489258362246,-0.44595051954038506,-0.8603556035067735,0.37560195672253716,0.8389968446010879
2017-02-02,-6.2325552314441826,-3.00846560022945,0.2647357986997291,0.2666481299582632,0.8486525463388258,0.35300063014641014,-0.08934849303531052,-0.46490301684523083
2017-02-03,1.2644537661712767,1.2252937443787193,-0.16968276991404396,0.20987193135307794,0.2884148958828183,0.6104920414311104,-0.6369540611375616,-0.23696670547479162
2017-02-06,-8.264357883034583,-3.780921869090243,1.7649791820679466,0.03508759652165517,-0.7600906731198096,-0.6309584423607291,0.10977199449503221,0.6579770464851046
2017-02-07,1.2668182235011558,-0.5939119239293487,-0.4478725190762267,0.3827260283263614,0.3206152763487716,0.23663404498206825,-0.006800856904300505,-0.2672543851737216
2017-02-08,-10.8899898993795,-4.508390136742544,0.36220010729073465,0.09632230883924969,0.4510686415790005,0.2983680989710404,-0.15607160144370646,-0.5249769205698522
2017-02-09,5.158143279120527,0.7886090894131768,-0.9943014178126205,0.035037023290988865,0.34827985082691243,0.200527348808977,-0.3360575700104616,-0.021950964358858748
2017-02-10,1.3488677899724122,2.5108417246502177,1.0189087147615083,0.5410358576058877,0.4265349156916497,-0.24429761470577305,0.33246368203162224,0.08037875711975555
2017-02-13,4.565701302533343,1.121455770184208,0.01698962476494102,0.44634749914386956,-0.8088100040527567,-0.3555100231887507,-0.14117811329555885,0.5912596170568168
2017-02-14,5.280704628998096,3.9626403498168856,0.6050106846950947,-0.233842618762313,0.26638488969300855,-0.023911134269725295,0.0686774141461014,0.060626185094512584
2017-02-15,-1.2976211699050875,-0.3526503447100508,0.336350454036202,0.43044388601103656,0.25611420375489097,0.16778499062329055,-0.21389923653041062,-0.2911387512702475
2017-02-16,-6.407130347510567,-3.608294395313359,-0.39780824438432455,-0.22873338639135518,0.12333641511758642,-0.1773090920708908,0.2731607780587896,0.3712408860533508
2017-02-17,-5.79255129415216,-1.3912210731584396,0.18124989367425567,-0.7059395378161903,0.5497152491052029,0.31651860714789426,-0.005213165098713675,-0.5778047789886505
2017-02-20,1.000455216341268,0.3380324978464925,-0.014611505923888853,0.6246475244015722,-0.7757501056604462,-0.1644230258676587,-0.16098877400510062,0.5823640519084345
2017-02-21,1.944069275774339,1.610317349294367,0.252302785963514,-0.05290559270363959,0.17514545344097518,0.02289722586207917,-0.008183441652074346,-0.2037158341599728
2017-02-22,-4.028198017017559,-2.7971530558893174,-0.6195713108300646,0.061539616079808325,-0.1931540257706483,-0.055178391275333194,-0.07116122943397843,0.09168110941316393
2017-02-23,-7.807632559120465,-2.3498064388432036,0.4693577504554846,-0.25342446045557987,-0.450511681632658,-0.4580983984823918,0.31629783359222463,0.13733913605691972
2017-02-24,-6.674907579183956,-2.978542444267219,-1.696196560847971,-0.23604096021214735,0.7525233578729946,0.6548257817776058,-0.3100621671464012,-0.5930560352130573
2017-02-27,2.33172884112943,-0.18022887934340245,0.6735363460946486,0.07811430974238252,-0.28096998006841617,-0.10503686803884704,0.020957378566072906,0.20100966418592833
2017-02-28,-3.036542254367086,0.9106038036938022,0.23507061988742675,0.7624244073906421,-0.06569395407084046,-0.053479370496766716,0.24030402953674765,-0.14569208639897926
2017-03-01,6.337341374743655,3.4964492063111714,-0.20674608886782836,-0.2506714781047467,-0.5196490343217343,-0.28049667035227505,-0.1596253802547664,0.39936605928263225
2017-03-02,9.104331841750973,2.460869066204411,0.5130238240688533,-0.11669778921608048,0.5927692311433121,-0.005969930851033688,-0.14524604995998722,0.17314988204820062
2017-03-03,11.305240254898877,1.2221724462391574,-1.493827804715764,-0.2609776035053952,0.19462246667575192,1.005237450612592,-0.5891747270190336,-0.5240795143176438
2017-03-06,-1.6754460721841187,-1.8111527726299947,-0.0951460894100365,0.25087355205645456,0.4591030298359413,-0.2687832580927352,0.42337486239264427,0.12989528852700735
2017-03-07,-2.0548260946911507,0.8294507520848007,0.6203300077661326,-0.15398695036202872,-0.5070732529423021,-0.2849434978617434,-0.07394132931529178,0.3883224435435887
2017-03-08,4.6384349555719195,1.926292463905442,-0.8102675739553339,-0.39761572142880075,0.033735397940107714,0.482340114198367,-0.22975525931613375,-0.3154916187876935
2017-03-09,15.778141032552075,3.5411274989333843,-2.147753262096962,-0.15258543705629082,0.7466515887046877,0.29663699195642346,0.3106858928082921,-0.26612828907813035
2017-03-10,9.344760053094307,0.5093362650310382,-3.70137782205293,-1.2818083238026456,-0.7075794294577723,0.4918563452548921,0.10510267557265741,-0.005562411349586697
2017-03-13,-1.944780169127837,-0.03663493224396494,-0.0010121643278220114,-0.11598850288659633,-0.6694847638435727,0.008249387205190127,0.2395038841487586,-0.31679317553184166
2017-03-14,-8.051339370558516,-2.5953692431411075,0.7576574273683258,-0.2922941957496335,-0.47768013159847045,-1.0788825254389107,1.189596108449134,0.2711950487071138
2017-03-15,-8.923322976920213,-3.304517228419703,0.6456637910947147,0.43148216292448527,0.4862378998852536,0.3858002312587195,-0.736052759384309,-0.19140826072263678
2017-03-16,13.524055976032427,4.105326299956646,-2.0802316489474992,-0.17512396701915722,0.7759912738234354,2.2598275319736887,-0.3583732281823725,0.36044580582736047
2017-03-17,-10.868802095755338,-4.247582252053768,0.8648852089119066,-0.34321263061589063,-0.8834182398602223,-2.573913418195058,1.0337222593103772,-0.39698759213729795
2017-03-20,2.2287560908833925,-0.7368851540884511,-0.4053356509506185,1.1795222883093943,-0.6543287069850726,-0.3384416334869272,-0.3356073712792404,0.6299072497507064
2017-03-21,0.9375768233809517,-0.12863533039337535,-0.19219520555564248,-1.558956437363192,0.2765138936174211,0.5957263153273473,0.14955045000866607,-0.43600918950573364
2017-03-22,-6.293993951701285,-1.700188918595758,-0.5804588253593541,0.4035673166659077,0.29922675107075714,0.16918743331769728,0.00019548589943449462,-0.44586432671586734
2017-03-23,3.0213021617015436,0.1679916313548414,-0.2145396037827518,0.8493709855661322,-0.05846356227100414,-0.01503753561943924,-0.125264279119093,0.1478532933760084
2017-03-24,-1.9297864715457096,0.1862019500568493,-0.2585189466021109,-0.3068360322597598,0.48426215061378525,0.1274441607259495,-0.34927099035167203,0.15095804150199826
2017-03-27,-5.457551043844869,-2.222230048860574,0.6566952495877116,-0.10729042118335137,0.0829100396002342,-0.03350262845041964,0.014102104048636295,-0.07325070390985078
2017-03-28,0.44892240859436,2.089689378328444,0.28180614574027946,-0.38635392864602114,-0.5582020879732054,0.11029967613093791,-0.14063644475014742,0.08970955587960996
2017-03-29,-10.084311734464977,0.531599227539581,2.187177590103626,0.7021365449623743,0.08746477840605861,-0.8607093221131731,0.19048564525756412,0.4180321135421048
2017-03-30,-1.6507981116647947,0.3599024055454033,-0.33528717241185935,0.6610270654073547,0.6615696092137207,0.14130744139379037,-0.2758278195886648,0.03952516602760743
2017-03-31,-1.1804505178693416,0.2259812358471028,0.8034301241380318,0.2000720402975988,0.2967179497110144,0.2577009185432287,0.049615975852563915,-0.4358734096177527
2017-04-03,-6.978194694988831,-0.9084225721021341,0.14525019914096826,0.7324212695003071,0.18913118367673457,-0.4722412327120358,0.0009848469164437201,-0.026192437910380093
2017-04-04,-0.04384127808738031,0.053253597682936256,-0.1450021924866993,-0.07979088705978682,0.04261430616024107,0.08942222766317319,0.054972734955631215,0.14155399481602995
2017-04-05,-2.1117571219104065,0.6902213970559937,0.48129201671835853,-0.21286257320773,-0.4192670814338418,-0.12798569997324077,-0.021247827304037348,-0.10670671084105346
2017-04-06,0.747443014465542,-1.875993448179389,-0.21829031505708496,-0.3501985850965336,-0.2981302409969091,0.06424309420988027,0.10375019139122225,-0.04354991353816654
2017-04-07,-0.5128630342508018,0.8493631027319688,-0.7143524445000015,-0.22465458198429775,0.03118839360125694,-0.18770038979085796,-0.16155858318422783,0.0075027347569929445
2017-04-10,-5.853819606056492,-1.8050276389303817,0.980916038122578,-0.3088516523163287,-0.67611625818021,-0.08546834667278488,-0.037081116724526034,0.29270864828075943
2017-04-11,-1.4631174382729246,-0.6490772426621495,-0.33203453859870363,-0.19356672795751934,-0.619898553498104,-0.30358048370078217,0.3374163781006595,0.1999637496509638
2017-04-12,-0.8128289357230095,-1.4186555328557227,-0.2351110953610516,-0.10800145347935862,1.1504590673687447,-0.20801449161485883,-0.339584350807793,0.21811855951771658
2017-04-13,-4.313384955813439,-2.1908979482692197,-0.21930964356581265,0.5040840212689756,-0.8344724920297638,0.23734325107257032,0.34495581800953895,-0.3449612133172703
2017-04-14,-0.009425709505592792,-0.22243370825891562,-0.6137171587935588,-0.32753027658239353,-0.2799195075818864,0.20899618353213398,0.5390974246848982,-0.4637895820772838
2017-04-17,-1.2971439508279738,0.3394591266483922,-0.05597799139622604,0.2651145588792125,1.0798753362989975,-0.23750065949045066,-0.3971945647291956,0.08248247055022252
2017-04-18,-3.6660041527183105,-2.0722330386001095,-0.15477041787478138,0.3506838144187476,-0.24812754422468367,-0.6817944833655437,0.48384428617941144,0.4610879294820161
2017-04-19,3.824684490985476,1.4604928813500275,-0.7507083892491034,-0.2324051137866761,0.1601824916799022,0.6401248372373858,-0.2951137190861761,-0.502153008241837
2017-04-20,7.989722298803425,2.322022406073469,-0.01477197168663669,-0.4040605039149316,-0.9522439548103024,-0.25783408080584874,0.08326324474241802,0.5039121038268743
2017-04-21,6.427891192522926,3.570882031496595,-0.10704064657099965,-0.06662504059755568,0.4878998380101638,0.9272106998126114,-0.26717950693127873,-0.25969881339631046
2017-04-24,5.902798443577219,2.3070940149764874,-0.20249724882397993,0.0023234347167820613,0.6217419398401278,0.2624245224288677,0.255685015745507,-0.3372224885296861
2017-04-25,11.751949166447124,3.7457823956751994,-0.5974189922049776,0.5199058685201808,0.37420618727090926,-0.003338363059759743,0.008787100990232352,-0.16577463989198576
2017-04-26,-5.987043696810677,-0.17947218109305138,0.7298024748547541,-0.4570454533213044,-0.29139158427973516,0.05635268567601189,-0.5928588432242762,0.26130467357895953
2017-04-27,-7.946672383062443,-0.5508406216052811,0.5147482486529464,0.6836730816918734,-0.2575165990969149,-0.07756881715778109,-0.21119278487072446,0.19964160976150247
2017-04-28,4.194241127427705,0.7796136738433801,0.28947173593229536,0.7153418653408884,0.791677174644643,-0.17803145707502244,0.8333967520120131,-0.507741215897389
2017-05-01,0.5315949565782426,0.4811949910834826,-0.5238439612776455,0.40437971749472307,0.10571089246614729,0.016387886788753983,-0.6540942591937539,0.33778306302572075
2017-05-02,-1.0348495587135769,1.8310458728518901,-0.7176705447304182,-1.2733823204083756,0.07483940222683126,0.42750718715832586,-0.020608319114929448,0.025816056924162653
2017-05-03,0.9688062022289777,0.643721479289767,-0.8316509889327787,1.2058378446044788,0.07764089727408394,0.8114652696831107,0.4010902055001862,-0.13083292856233056
2017-05-04,8.055166718723509,1.3336885281417934,1.3687051078836705,-0.8616527883072411,0.252199652827166,-1.2579424262081595,-0.4358301537051244,-0.13181942942293162
2017-05-05,4.714504102452701,1.8776772774367383,-0.23931739327418486,0.42901243323315835,-0.04340304269667037,0.95526111311982,0.6193273062118291,0.5078588657020408
2017-05-08,-1.8246234059810156,-1.5126935717524068,0.6449818387151461,-0.25241821711814505,-0.9570528004666595,-0.9024223600661415,-0.7115273721767308,0.3089967801532126
2017-05-09,-0.2734619072006162,0.5584388918533868,0.6898216393778149,0.5564898227914034,0.4254260847559953,0.22373366906991085,-0.2936805288542522,-0.4007878657960762
2017-05-10,-1.282990011184921,0.2652181827662879,-1.3044765618107261,-0.686791799984356,0.6524869290259215,-0.21328721862772637,0.057182641780170504,0.08526898935601877
2017-05-11,-2.5432865307258394,-0.5212177411108398,0.41579577496892545,0.6537229325718995,-0.6179355296516402,0.08913758964189389,-0.06010758387469404,-0.17961508788425826
2017-05-12,-5.96365014516405,-1.2711401506619837,0.17739197427014589,-1.0284485812214614,0.3181538978987979,0.09647764140872957,0.606459672689118,0.12297795635172366
2017-05-15,2.9242296587909054,2.889425395333633,0.1710478078141028,1.1166673595632728,0.4026491137816541,-0.06241206876345072,-0.11380533141579782,-0.11166479853933374
2017-05-16,3.5153533726716564,-0.14419862764167057,-0.16932251327900533,-0.7685012242055118,0.023474106083415918,-0.1319644452169674,-0.24268301468819603,-0.059083236882951674
2017-05-17,-12.604946542971494,-1.99383862362689,0.8894789926919855,1.0038973411565053,-0.930933241076377,-0.41388133414754236,-0.8407462250225877,0.15128570400597555
2017-05-18,0.1576639982987277,-0.8338962787296902,0.511898357089498,-0.06507784240693944,1.62713991790891,1.008028099933637,1.1510439258095313,0.2726863568627415
2017-05-19,4.629220904630636,0.7344209204806871,-0.5274914659954311,-0.19257101594040082,-0.09205043241630495,-0.7648702734464319,-0.5693990329280124,-0.8035878671209082
2017-05-22,5.798787548796024,0.9174328408914647,-0.05197029324474508,1.0140935345922997,-0.7128811275926271,-0.17806371805794263,0.2969300738819645,1.050882939273914
2017-05-23,1.292210620130704,1.4269061723363,-0.02932547397750121,-0.15070399979495047,-0.00471968970916935,0.5298241846003653,-0.036413235898785826,-0.3535100112933502
2017-05-24,-1.6641351383670953,1.3236726483928192,-0.23796794864259138,-1.7331746976330373,-0.3619333214198727,-0.5856695256636009,-0.080428810590588,0.24461391972916208
2017-05-25,-4.57250044652798,-1.7922455448123222,0.7787451786412866,0.841836602787578,0.5187974602374347,0.3388216688119527,-0.11026906885480467,-0.48806278088264915
2017-05-26,-6.096763153095168,-1.4761318637838814,-0.6824280163014047,0.07352019076911835,-0.05995910303839464,-0.21684737716073357,0.3945571725776797,-0.08460107859452995
2017-05-29,-3.680912533601623,0.44956537508343025,0.8902291978679896,-0.657943524255604,0.4924701809720222,-0.4455884534388686,-0.5184533824303058,0.7906001448217864
2017-05-30,-0.49016075499300804,-0.3727775027314726,-0.052292198714914556,0.5430937793815509,-0.03171049536331516,0.5636686903590612,0.05755004583555141,-0.9549292240929669
2017-05-31,1.7480764508874758,1.3253997660042263,0.8052829754464516,0.8773496746702207,-0.38322723729641406,-0.18173376286627457,0.4917413581881412,0.4030527560645405
2017-06-01,1.658577366698654,0.6193612758738001,-0.43408499299035147,-0.1390820548217215,0.14867341899650394,0.302906403768789,-0.24231388490151817,-0.2844802564448651
2017-06-02,-2.8422968221175395,-0.1643543059588097,0.6827607361339683,0.06095425560743756,0.5440398862694419,0.2413039047008616,-0.1947451944405768,0.13538903683602835
2017-06-05,1.7959164716961942,0.7957822696549698,0.2281620530113927,0.3579608106911683,0.16896870565823785,-0.09352307688958586,0.006082462730091684,0.2587709430788693
2017-06-06,-3.5273989259497727,-2.210855133399595,0.3801924438662453,-0.2880560576288909,-0.9231546633797474,0.07305633409208505,-0.40104128503303843,-0.03339642417241772
2017-06-07,-2.1764706858350156,0.06657146224804222,-0.9073397656188107,-0.2229215210778747,0.22718335897149525,-0.346210227630971,0.3642140492419213,0.16600656251953397
2017-06-08,-1.5208159924170253,-0.34642903204107545,-0.36377925840358766,-0.5578017372891088,-0.07751180107327292,-0.18276376664449537,-0.2709094029197716,-0.0769112113313366
2017-06-09,-0.8726647718851224,2.4178523103247986,0.7519797440326578,1.2642692733485348,-0.2956092385530624,0.054949594297770535,0.2176738521963007,0.4772548331550712
2017-06-12,-2.736652034005717,-0.8448548254077163,0.26975049008559027,-0.1723941600676021,1.2247616172318097,0.5586964410685817,-0.08469775151011956,-0.7763119769254553
2017-06-13,2.9494129809532112,1.6736205527207864,-1.3778950470924225,-0.08211622221521736,0.09167299904935233,-0.32665549010105727,0.04384353324656205,0.33943878942337136
2017-06-14,-8.085877823792638,-1.7609078702319823,0.8885936642261295,0.16619821233591422,-0.16826659063018934,0.47486891500827044,0.1455752218026944,-0.5351930936883587
2017-06-15,7.762079767406077,0.5140169577399718,-0.7130549256499695,-0.44751233263490026,-1.0134271306839253,-0.8636563949598302,0.42209229749968297,0.2851911694118617
2017-06-16,-1.8985024563463555,0.15467224019149106,0.8595839641909677,0.9140237766785264,-0.1749119209072083,0.42384906758244345,-0.19462077166981273,-0.08566693619796749
2017-06-19,0.8728163836908382,-0.1262287689282596,-1.0562950676490923,-0.9277212926337792,0.3983128019781453,0.12088512266525317,-0.22049269221023507,-0.4945997593249286
2017-06-20,-4.925851021080701,-1.6601053422533059,-0.8881517816470889,0.142157289865868,0.35713956488556126,-0.11206545275705491,0.1919671015533913,0.6464884726763469
2017-06-21,-1.117638983281669,-2.940239632829043,-0.9541880784805149,-1.1079146102187696,-0.45988338655665195,0.10641853342969063,0.057739445386616274,0.3509247633163168
2017-06-22,-2.975837723286608,-0.9276689903556273,-0.03853196102814315,-0.0911095573568797,-0.17842522731114197,-0.11710482698375123,-0.2547807421786201,-0.5387875244782038
2017-06-23,2.185008854200009,0.810753622862419,0.0408361185344831,0.24671095004472404,0.7038961235100006,0.5729804303857351,0.06096609520114356,0.03420701332598123
2017-06-26,0.3471942334746273,-0.25666014787007635,0.006709828600403775,0.38205818123355934,-0.17808382936770834,-0.31859652184617787,0.11810896388333975,0.2759059557584735
2017-06-27,20.28681966830856,5.041506637460126,-2.4351852413786514,0.18800015391279323,-0.03011457126422108,0.06632530712038465,0.6075974199022321,-0.012360445782167126
2017-06-28,-2.2614431147465197,0.33819313604662504,1.1011374846483428,-1.2855017448103199,-0.65728263734013,-0.8371954772549735,-0.5567486660201375,0.09948724910605114
2017-06-29,12.919740844797502,4.273431465658388,-1.1911985552287996,0.4387211989193892,-0.3866416032504424,0.761893268755872,0.5726696615206676,-0.3059587407584127
2017-06-30,5.756406466951508,1.1181065187504355,-0.6867439127308034,0.10639782403574471,0.22326522316768915,-0.0531569712686248,0.49616324240072224,0.6882270044201292
2017-07-03,0.8556366464610344,2.046071339095198,0.9604501734416326,0.33867242471137465,0.0033964422407716612,-0.2317229981688666,-0.5510096685735788,-0.5509006721589537
2017-07-04,1.0864154768219776,2.693011681435203,1.1525736363648875,-0.1484326617092636,0.7680692422380265,0.10138538884329779,-0.356111110236549,-0.14193197153212095
2017-07-05,-0.3581438104015882,-0.22558208575963076,-0.41651428556408904,0.2598314449140819,0.01137711290334342,-0.4291326272323068,-0.039847046191628814,-0.09410835703998238
2017-07-06,14.083697614365029,4.3678186140412025,-1.5429532877134613,-0.9636550145958128,-0.5193107523145044,-0.2995164575121863,0.48596853232524434,0.35107738671548194
2017-07-07,-0.11529298954846671,0.9694961759021364,0.21977963278872328,-0.07933772452929669,-0.5576399005646604,-0.12275216126384283,0.4127201590808064,-0.41882257670018797
2017-07-10,-5.179303969577536,-2.785661784343126,-0.7310495079431248,-0.5144997659431098,0.7412689173542356,0.08701667098039303,-0.23438502985399617,-0.011112845636124993
2017-07-11,0.07029375031814364,-0.8794167040812599,0.032217447675134514,0.640932697733325,0.007572162439494622,0.16210353054862464,-0.32130698521353535,-0.32551459278709666
2017-07-12,-5.7376813502131565,-1.5182437893865366,0.5035385620326456,-0.05891803814790215,0.10836022447308552,0.22942603727885164,0.14393923116323987,0.42030438399096554
2017-07-13,1.4719977041248806,0.3838593887306166,-0.383891871445009,0.23867930420953384,-0.3074585098170613,0.15154056493641765,-0.23679486472592204,-0.5255310469557953
2017-07-14,1.5541638472169554,0.39875265639978635,-0.6307689008963491,-0.1006256492593496,-0.21389787766221668,0.5946804707399772,0.22206224764196789,0.5845024565083489
2017-07-17,-2.9504945367134074,-0.26635375923015764,0.25154744755177827,-0.6285298178181266,0.110042385594936,-0.3724961056350242,0.30577618193597156,-0.1457341511816331
2017-07-18,-3.042649949582256,-0.13215533778565758,-0.1284223883041802,0.8193859087465726,0.5265449910500013,-0.07825109188639724,-0.4608341059553962,0.1663800173517485
2017-07-19,-4.34742847593729,-0.9258920732711142,0.082418600098697,-0.373618281541515,-0.1198772305771755,0.2849190916535704,0.20554888632240603,-0.2677875865123258
2017-07-20,0.30101959561802333,2.181899148248601,0.48272482524729243,0.27268658483107,0.7130700555910832,-0.015983880923290113,-0.2786826948043418,0.5348861895062548
2017-07-21,-4.079309481722873,-0.3841408403640111,1.0589203826834497,1.312243548851339,-0.5045161172562596,-0.24397513828116305,0.20973082967544737,-0.4885551017045936
2017-07-24,-0.7649910017793944,-0.031452720604591124,0.8789327693622142,-1.0176511911737816,-0.49405990919221426,-0.523724974726448,0.4000515789603624,0.581775581894342
2017-07-25,8.00500478988223,4.100931484693959,-0.7188713424902576,-0.7406738272215719,0.15324316637891244,0.5429043805154301,-0.06331534071831699,-0.5562366318721851
2017-07-26,-1.702681750845531,-0.5232433807815017,0.3833047078331232,0.42301927855011356,-0.6550676325512751,-0.7895263421327843,-0.04819823974375732,0.8154370337950817
2017-07-27,-1.5465058940193004,-0.4554889631193917,0.4280689651120618,0.6346995857840785,0.7468210077617518,0.9062392392447427,-0.14974509166057995,-0.8214446416701313
2017-07-28,2.8003829814307992,2.0996023550251155,0.19760771611850872,-0.2596488642116564,0.024117266471555522,-0.28008484551848184,-0.04611353762698731,0.20573055875950064
2017-07-31,1.214982801450581,-0.6181936791343364,-1.4065830714977952,-0.4031407525737589,-0.9048443861990553,-0.12471610805794385,0.09658236194185371,0.06934263971703143
2017-08-01,-11.47870749370467,-4.578923656248004,0.5737888234954674,0.2563514755030697,-0.37295629929976093,-0.41852026475619325,-0.026195768752401056,0.4670128659677439
2017-08-02,0.08930577701528367,0.02889457318408158,-0.2827676283458124,-0.06857178623545826,0.48915916914946156,0.7990282969659713,0.2092195943058392,-1.0906546458894935
2017-08-03,-4.972169718071981,-3.0008125035758377,0.42971717049869934,0.13472317371358092,1.1546175897111621,-0.7443292172347117,-0.058284538746591216,0.37802899090921005
2017-08-04,2.4276146057970216,1.0220574016853556,-0.24604858173745345,0.29505235152868353,-0.34629911862362683,0.19210535404647003,-0.22405266957247308,0.02773605126385376
2017-08-07,-1.4481503851339685,-0.032167834647668946,0.2586827904915801,0.3978274980846589,-0.34155503856962943,0.26558082472858463,-0.08716791672961494,-0.10485282701060109
2017-08-08,1.5077583767356757,0.5040639676157558,-0.22168178790874143,-0.41135711312511264,0.30322072219392787,-0.5610085991584813,-0.05429948553574443,0.1175494918258778
2017-08-09,-6.810307867284203,-2.0009357525016522,0.5136882582640271,0.22836277935509947,0.18960347344085274,1.0783822777338492,0.45194277700020674,0.31234980454725836
2017-08-10,-4.451412705796413,-2.172506874462112,0.16188889228518036,0.12457159176064395,-0.35246255824669004,-1.2080538781168966,-0.4284173693203629,0.15429380822692473
2017-08-11,-5.1719657151411385,-0.17066311179828977,-0.5996313611208897,-0.36260940609447223,0.41194863604922866,0.4005649107559794,0.3170098446655178,-0.43606699362134416
2017-08-14,6.002085588735343,2.807354142013667,-0.2914160474340549,-0.15676799207641975,-0.22737527958549417,0.004245979373650769,0.41916052536254844,0.3260909958907206
2017-08-15,3.337944356725328,0.8996249627307996,0.0278758506890768,0.3803689483298888,-0.08106206842295094,-0.8172843317356323,-0.11549323175951043,0.10185179855018595
2017-08-16,-0.8718310311822075,0.6730395111347408,0.1530756739969945,0.1345498865234003,-0.5476557036196279,0.2226838350171585,-0.4921326022051418,0.14365593655480857
2017-08-17,-3.9576592819880534,-2.354364549325967,0.007617625144511193,0.4198531698337821,0.9294388371091115,0.41914299935477545,-0.9850389090672177,-0.07214846781096373
2017-08-18,1.4428210638082186,1.0967890523580668,-0.42277231249894076,-0.8089982621199941,-0.15607173349728937,-0.12008476449055207,0.8126105570205919,-0.6114963415308935
2017-08-21,-4.836372751408536,-1.2784571854701494,1.0839732655847407,1.0686220511319633,-0.041223791315197246,0.1993272894979932,-0.3124147392215958,-0.05176959071945604
2017-08-22,0.7958999661334896,0.6669350405203367,-0.012764918096697992,-0.11240470432548373,0.19467303958174254,0.10528470934438405,-0.054739244800147295,0.2068929297621834
2017-08-23,-3.6964874659903417,-1.230146362330787,0.47740040340379425,-0.034374603457933195,0.2812104870151814,-0.624922989724645,-0.11465368992137763,0.1644097885525685
2017-08-24,1.4441624894293326,1.4896998077798895,0.13499500287924046,-0.3574948872616838,0.04759452180829234,0.09541035680959553,0.6770943496621395,-0.17586240124691915
2017-08-25,0.747482100443074,-0.39259648347707055,-0.3463876733929124,0.8139487267325172,-0.20727889373381608,0.607868508267141,-0.6637605898922097,0.23036647742467603
2017-08-28,-0.3065223088115911,0.6809448289583863,0.7076660457074891,-0.09923481448509382,0.12872657598763512,-0.6198515545577884,0.9632309701032905,0.01600097548046021
2017-08-29,-6.950726585074195,-2.2174763269898814,0.7246612496649967,0.6369179991054416,0.4072552448040735,0.9003967178911214,-0.47978265596907416,0.277674783614188
2017-08-30,0.3749157598806395,0.09889479848141701,-1.089955467324126,-0.8837720673953294,-0.5845136131766494,-0.09874003918150392,0.00917047549394478,-0.6787780605947618
2017-08-31,-0.09927138420943604,-0.10019766878083927,-0.2167895653679538,-0.27289606426346835,-0.012951574084855533,-0.523582839566954,-0.365524387503799,0.5387398030897156
2017-09-01,3.6420155087826687,3.2777604457168055,1.550577293674854,0.8060681198144305,0.34319307365707546,-0.03635035290564561,0.4741609279011917,-0.057931045015760074
2017-09-04,-3.048808724143745,-0.5511778730034498,0.023648346790732053,-0.2025876282698329,-0.38512917023298576,-0.3734587922718503,-0.8477238400219022,0.10122070030921765
2017-09-05,-10.174172190380972,-2.9853515123112913,0.33653462111568444,1.0745488377204222,0.6441211930416069,0.5121632825080263,0.39426478271972076,-0.39997814808308446
2017-09-06,9.243134417789706,1.072377543812803,-1.0718805435891205,-0.8930524738247498,-0.06725819415634948,-0.07216726096726069,0.11855151156730416,0.11424959285986737
2017-09-07,-6.885909825189677,0.2301111486024889,0.7303263474502089,0.6081041527737202,0.42426848974443093,-0.030157768436889942,-0.8757232487560069,-0.3869017359401647
2017-09-08,3.9912457712392504,0.877069050384818,0.07401779473678052,-0.6051484206709847,-0.5284619973735613,0.11506966448669982,-0.05112892397141821,-0.24559818949935946
2017-09-11,1.1474350825341277,1.2256268932412835,-0.806166907377806,0.3899701502472887,0.2627481160252153,0.34609841846126904,0.8393631720581559,0.6226749329500707
2017-09-12,9.898334688601555,3.6407858694019875,0.2024941046415895,-0.5507846357093026,-0.31374360770894943,-0.12002348332830093,-0.3907865485896788,-0.05994203860800621
2017-09-13,-0.46364555814937813,-0.23675203768762795,-0.19548211614413205,-0.038377664601769515,-0.09850370368462472,0.0958733825967946,0.1938929565932481,0.21993181135691886
2017-09-14,3.3331251150888157,1.0828884715553408,-0.3551593776553297,0.08696711989135164,-0.6098627080668241,-0.5462921733439027,0.13970700090809543,0.5116036954442295
2017-09-15,3.8902285541045343,-0.2991318849794051,-1.2521272669646373,0.251629776187437,0.4050630776247221,0.6695039117141441,-0.2611753758266793,-0.6104699013618688
2017-09-18,3.3434613979772387,2.2497635522486576,-0.056501321588538704,-0.39931635971280666,0.09329067180725292,0.18947844520354773,0.3425056675677752,-0.19953417612398566
2017-09-19,-1.3951457451428686,-0.6660922199971214,-0.008690509327642159,0.22788541394872794,-0.12777943997384397,0.11556739047814116,0.17172679407497213,0.24116896433911067
2017-09-20,-1.1709331510259533,-0.5454286879821297,0.09656328525857319,-0.5737767181644678,0.9489142621678401,0.23577590739598778,1.8703190385181903,-0.6413804454324633
2017-09-21,1.7486613686934682,-0.12425727899221985,-1.3460371235647006,-0.4043478416979271,-0.8275082027981104,-0.6581905225976893,-1.588366339709019,0.47532144110751584
2017-09-22,-0.20065925223177616,-0.8707878572875904,0.02858656358355576,0.7914199522381214,0.12718220038736028,-0.10158698308129066,-0.585246628443782,-0.10113314769925809
2017-09-25,-7.78685980377119,-1.302608738812464,0.9676956556537007,-0.36615712579568455,0.1921915567065292,-0.08942670480926805,-0.2586272104667128,-0.11240287386489324
2017-09-26,0.8938359016737625,0.18138674392266116,0.14400743198858357,0.5023513885746078,0.055636724168412345,0.20668399544163482,0.3332727016920973,0.31635798284519984
2017-09-27,9.200693310054382,3.7430593897942033,-0.7420046856976353,-0.4659892324578387,0.07423862378807282,0.04269573918162761,0.504714503289108,-0.25265560157870864
2017-09-28,1.7213477943690758,1.100932846462008,0.1216589434184588,0.25187985766265314,-0.34566280337106153,-0.22923272024532507,-0.2090066892638979,0.37793686185017245
2017-09-29,-0.8367549350705733,-0.7007461932325275,-0.4893300004415805,-0.22959425624493657,-0.035171562930615505,0.02137242510738899,0.055726221954711705,-0.2839898622868361
2017-10-02,-1.004440023551392,0.14788464477142083,0.3893754228080879,0.07043159760960115,-0.009108199523185012,-0.12491266318258973,0.34372238145433304,0.38275466465411256
2017-10-03,0.5773207802261918,1.3871906263925666,0.15519044214039315,-0.37172660479480185,-0.012167646934884403,0.031261739122849005,-0.01257515524542649,-0.28091635596891856
2017-10-04,-1.6950236898928297,-0.8518791527473565,-0.04382476785154755,0.2334636931271391,-0.40262765490617014,-0.1639766944159404,0.241835387629425,0.005183267716980029
2017-10-05,-1.4453453507359126,-1.4283637376779865,-0.5363154199279128,0.17031658167931907,0.4006365292409881,0.5539318884838653,-0.5500826316664245,-0.1973788659756954
2017-10-06,2.637022669300663,0.7506258432414525,0.7997100113766105,-0.3320392041914072,0.27196178130303467,0.29626927510710194,-0.39794577850258783,0.13856403297782688
2017-10-09,-4.405681077146211,-0.9467282120348618,-1.015252358665386,-0.0845049700172353,-0.42674679601935217,-0.48066857186879436,0.18954823429577486,0.7015704626942731
2017-10-10,0.40123686655408336,0.8300670852303961,0.43734756572287575,0.33099193000978905,-0.017369063851008747,-0.002000646502231345,0.10234648175596993,-0.7508540220439943
2017-10-11,3.498050160767208,0.3234563220352008,-0.8157111264404466,-0.22201066215323922,0.1362032510819572,-0.20247835115733082,0.2218881570059585,0.6416469741335077
2017-10-12,-4.589508971073673,-0.7642498172782369,0.6227652575039112,0.2502815320223907,-0.21111987404003843,0.2787089825156173,-0.10668209159684282,0.07961903173782896
2017-10-13,-5.802210182972196,-1.2253444225694177,1.0272958650130737,0.5998389473756763,0.08886616757990401,0.060767778653536504,-0.7335890236682919,-0.2526607323227165
2017-10-16,-5.403289553684657,-1.6182005264203438,0.14060002138000727,-0.6143529304342521,0.7240075959542382,0.65330016163629,0.7393512873367862,-0.18570881498042546
2017-10-17,-1.9661687117855324,-1.1665002279071415,-0.19918819394283419,0.030049946351878985,-0.3440344149359974,-0.5581556387567483,-0.1916842668338674,0.165275462674544
2017-10-18,4.6544920712960005,1.198187767197148,-1.2028950167562174,-0.6853845838653689,-0.12518261451845172,-0.07705358390700344,0.11167211528986026,0.07282474237087007
2017-10-19,0.3594170052360675,0.5392791257318292,0.15003018986294758,0.2042226032632125,0.2149991375655666,0.6505325846323899,0.36390886670024414,0.06704709982397901
2017-10-20,7.77372708938492,4.035987598520746,-1.0588124428149035,0.29025203379944764,-0.28974895724551814,-0.9753389522396699,-0.06257415480888008,-0.38529966722025644
2017-10-23,-3.407210686448104,-1.7107808239427915,0.6424722473180197,-0.47914956958985194,-0.42306007174988164,0.31965748821127876,-0.2803880425247594,0.2964658376526947
2017-10-24,5.571352005255268,1.8850826537551995,-0.5309794351327891,-0.18544490045503068,0.1665654600740051,-0.07177924451041294,0.49744550745636135,-0.6178757518056783
2017-10-25,2.501394414174092,1.2423373166442626,0.09049483424573193,0.39451219519579567,0.14586534558659978,-0.05285595566280836,-0.9485313120991795,-0.1074614377456567
2017-10-26,-8.00384314201102,-0.5194398614257729,1.7135533826861606,0.24601140572368266,0.4410445904628241,1.5317709313187564,1.255001171853446,0.06261196236513353
2017-10-27,-3.9125866010202954,0.4116956478327883,0.3269827191614395,0.5593450983729586,0.3368685458064707,-1.1777639654628507,-1.3346495769799198,-0.2547637853079767
2017-10-30,-4.284285929079887,-2.8532729180015486,-0.43915809074157375,0.17304353833467326,-0.4515215316520585,-0.45244318060066213,-0.09702271354332179,0.7347562142164202
2017-10-31,-1.6542247305484759,-1.489389435917539,-0.8582600435083039,-0.28784292437323955,-0.3347011723809377,0.3602977910109536,0.620714764485897,0.44270281102891673
2017-11-01,2.4448203550770353,1.374838765601739,0.14702719464430172,-0.22674868189774092,0.5991755470876312,-0.3148048495470627,-0.10849645925734959,-0.38533882239778333
2017-11-02,-2.0250635770365064,-0.696613441354458,-0.08398715838451855,0.1545303407169721,-0.13464631623942366,0.2534935335341915,-0.38288287576618524,0.07697771252600437
2017-11-03,-1.2193054394925746,-0.9792008828045605,-0.5433160609083678,-0.2043493042607885,-0.14599672572381692,0.04922700847032171,0.17129856358283568,0.009525442977706716
2017-11-06,-4.647357012918474,-0.8620268980466618,0.7863053645871824,0.028221618062752696,0.17897720292591532,-0.06405794601046653,0.2816478084722094,0.05569693980737206
2017-11-07,-1.026245045716282,-0.7727696620854074,-0.12376193517389364,0.5141191513995484,-0.1065587384841117,0.4027447091856695,-0.048397419294791785,-0.550023308087322
2017-11-08,0.55425813825226,1.2867768180264754,0.324028936633239,-0.634854058020358,0.3864407790694548,-0.3243975686861007,0.31656764680428406,0.6560604223543761
2017-11-09,4.713866472958164,1.9555635564821554,0.015273485318707182,0.5972759270527672,-0.058354159135997154,0.06759267692828988,-0.35084843903152335,-0.4797060369742518
2017-11-10,5.57083128200286,3.5264157617333725,0.12849625256570735,-0.20871772494934743,0.5854711590304682,0.6131405654216446,-0.13404752692603336,-0.9948306129596897
2017-11-13,2.124852776359138,0.04635292379872943,-0.6817451745887531,0.036921148252884735,-0.9468507301261858,-0.622261791422855,0.3016582426051516,1.4070636985107872
2017-11-14,-4.642001302038623,-2.045274616085257,0.18291637365070032,0.008054310256131165,0.576272856563735,0.061612132440803415,0.11409372527256433,-0.8628344878616041
2017-11-15,-3.1104485532120085,-1.572193691572704,0.22486517881697293,0.5080052570417108,-0.1792943534154119,-0.25581048981161253,-0.24761951976196142,0.8753411544227647
2017-11-16,0.8544453364663971,-0.1815334332969893,-0.813499247402124,-0.24372999944315388,0.12149875495263487,0.6326746200710075,0.021119512241631885,-0.17245222230595458
2017-11-17,-2.2610506121953473,-0.9782479018258253,-0.01959911004766652,-0.1546892143815402,0.1590311464039984,-0.31173622725881983,-0.08150866422813552,-0.01826957592369328
2017-11-20,0.6914481708958221,-0.6830749277656307,0.17660092161208438,-0.1850941425251905,-1.1907422334195068,-0.09476929240858128,-0.3065646387683406,0.43625426258888306
2017-11-21,-4.666928171659306,-3.164416498018817,-1.1906472107348354,-0.9920338284640265,0.3567397730297763,0.16641547922559388,0.4587859890011738,-0.0014079844518430705
2017-11-22,0.6288778079392314,-1.6554940203994322,-1.100139206504718,-0.08738290238493968,-0.22989305426718043,-0.5753847134787605,0.14621995651220437,0.16860337244324458
2017-11-23,-1.019452946609001,-1.0544937600956596,-0.4503227136253896,0.28068379158634177,0.053884449533849695,0.6571106654212159,-0.02564579171809256,-0.13954834182787967
2017-11-24,1.4637543113626295,1.7126987300373877,0.6717186849005052,0.22984289910478245,0.28959395680357236,-0.14120225127175218,-0.32547891315476074,-0.652776706853898
2017-11-27,-3.2968754424503306,-1.372801615563502,-0.2032251736395977,-0.028142306403501988,-0.23249390120994667,0.27517125425613564,0.18340940793596033,0.03765713618685874
2017-11-28,1.824706571638053,0.2955217483061804,-0.1164671276933104,0.42575728992223016,0.3618056739983943,0.14484383935080164,-0.5687383775948006,0.09715094262264769
2017-11-29,5.353326507823767,2.161055083670909,-0.5078466995703788,-0.27832862038123807,-0.21734219803950805,-0.372582941007633,0.07004567154521277,-0.09912434892298887
2017-11-30,1.2776648373595396,-0.23338531713167449,-1.0506048689164071,-0.7968432801933554,-0.23237739880959457,-0.18836121362212646,0.9127026497929012,-0.1205427286160246
2017-12-01,-11.525000425908681,-4.227024318528598,0.5220958043073568,0.23538233219208282,-0.2239650611469544,0.24934405858853925,-0.2582949028929098,0.19701139222206132
2017-12-04,3.478957456300166,1.5216209237861598,0.07707418981442701,0.45508028590833643,0.11014864637166107,0.23673804273244942,-0.0669675704989666,-0.12254656711067162
2017-12-05,-5.966209454298824,-2.6385808935138986,0.47095271004988765,0.2591061907693556,-0.423827711905122,-1.14838051179301,0.15079785458251685,0.3842973871202666
2017-12-06,-2.2140977356731666,0.2279621489724301,-1.2231428087483684,-0.416932684790477,0.2643437281905278,0.3189140832579209,0.2751355223474433,-0.2623147324618097
2017-12-07,3.205941850832507,1.9992543051815728,0.6142297938307584,0.4781616592546418,0.02454834368335935,-0.2050401058977662,0.17021454382601714,0.3352844493605396
2017-12-08,1.4793160440151636,0.18273241427816914,-0.806834106523874,-0.4456275953577044,0.45888965919018265,0.34045746948377115,-0.5671320456139703,-0.5695372851322479
2017-12-11,-2.1823787535749397,-1.8979450115184173,-0.3972230999000929,0.13028905654027878,-0.0341407456969288,0.05743761168486953,0.6077994296574121,0.23747467312259601
2017-12-12,4.258996473943029,1.7298698569187911,0.46065901889499344,-0.5766808121510458,-0.6813719889082883,-0.42702895262619806,-0.9165910591441877,-0.11536216906512656
2017-12-13,-2.0966087549124572,0.08107285407667762,-0.220679680573772,1.0706099128848579,0.8094892850111169,0.7161581787501613,-0.43438133122751665,0.37124967323421004
2017-12-14,-4.066439577956709,-1.976566252493366,-0.8218715335273087,-0.7885525060711019,-0.5297306815794095,-0.09936455547169758,0.6774648365764746,-0.35866946048864684
2017-12-15,-0.37635036095019336,-2.117924473352307,-0.9075412912040692,0.318672034160733,-0.08372985350054218,0.013918729903232861,0.42662066847976104,-0.3076665586563478
2017-12-18,2.122997339807031,1.7583048910015757,0.3249299966348198,-0.05556362391446894,0.2879725694203101,0.027413078872566315,-0.14086967557461422,0.155236350455178
2017-12-19,11.396475118148366,4.75435695456499,-0.7903109220130392,-0.49640748509493593,0.0887991135653031,-0.15957134597437797,-0.11021693055853628,0.38129713659481007
2017-12-20,5.981927419300153,0.6431181579674782,-0.4546109527224893,-0.5047891259818507,-0.07892382361360782,0.36138417306858706,-0.5283578911126551,0.1136097188987737
2017-12-21,2.3687757086393826,-0.8672256850497928,-1.429360844839077,0.3038452952572488,-0.7961640760165639,0.2632132146311324,0.034299525807883244,-0.25977309625461875
2017-12-22,2.072218858056655,0.341858064216602,-0.8518052837205822,-0.7764616860069092,0.6956380859953755,0.4245888567373911,0.4115763010066251,-0.28392611122894196
2017-12-25,-0.6010314179960601,0.34989855578795026,0.10408255599661999,0.38109106605577864,0.12307795284093329,-0.37072640743977364,-0.0961161713722881,0.10222833213654911
2017-12-26,-0.22118760108975366,0.09582188871718339,-0.10942364393695286,0.07422559928315314,0.042569878927211736,-0.037335220416827714,0.017846823135505695,0.004793162749146469
2017-12-27,-5.373553537087066,-3.647802961454489,0.06257011445742548,0.3542255781624068,-0.5413563413590906,0.017051324355832294,-0.1977961608960212,0.45942133840540816
2017-12-28,4.782538706119117,2.317872433464144,-0.49264875777543876,-0.06940743852376977,-0.23187247359236912,0.5991528522956717,0.20834666094815915,-0.8207349239571717
2017-12-29,0.5143178730514,0.4184463269315891,0.27688004796451576,-0.16683494536729981,0.23814600527782512,-0.6997435154454686,0.21028592059715737,0.7442097327950543
2018-01-01,-0.56361970769878,-0.19594561604275984,-0.2755887535909791,0.09867209727583354,0.5917538030759945,0.37962203818660606,-0.3364891805591941,-0.31079067561895696
2018-01-02,3.605936879552321,2.78901520911672,1.3569851273647922,0.6146498329910469,-0.48940351973380625,-0.7296215736611996,0.394467854233228,0.4692449028251023
2018-01-03,-4.226951229579079,-1.6770629063750337,0.34570804688089185,0.031638381680916094,0.6634373265412402,-0.0015715485064694138,-0.03375823013686371,-0.46078198656027275
2018-01-04,-2.0930722024996746,-1.5632427530081983,-0.6285740744896079,-0.19269588596335274,-0.5965200484660397,-0.4068360421802532,0.2339119992737257,0.26079580303408356
2018-01-05,1.5447793784660477,0.5812433424024149,0.5433339470740323,-0.7214498266028441,0.08527486252316908,0.6205428175751787,-0.10087752957157545,-0.04223962387367053
2018-01-08,-3.328913763414948,0.3730727230834425,-0.18860245438249407,0.4836693407595577,0.15248535826411547,0.12762616920924919,0.137621926482398,-0.34451596300912846
2018-01-09,5.937117250069323,3.2534094913689677,0.45275550002314385,0.30656280440129896,0.7082298825217384,0.15279895082355235,-0.6081341613872904,-0.13007524920008054
2018-01-10,2.9453245654528457,0.7428163524211738,-0.4808449425876352,0.1347582596047701,-0.5150969372513919,-0.11010456482175875,0.3864810001450407,0.37802508422125236
2018-01-11,9.254056987008628,-0.8053500942325467,-2.54249715916384,-0.8153116663384076,-0.956234967015471,0.03517177639886649,-0.20425021870032947,-0.4180665002274841
2018-01-12,-0.0869559269177922,-0.6815034438531935,-1.027979829590292,-0.7478912327667836,0.041028300986183854,0.0633386029548667,0.057062348071744,0.03395102070674815
2018-01-15,1.6771075586474544,1.4191667574012203,-0.9513975018148333,0.05504792937869883,0.3833777898051914,-0.5080781102988369,-0.13035312861445672,-0.24144647354659998
2018-01-16,-4.712931640933174,-2.9926430655943808,0.286687968124875,-0.954390962962594,-0.2222662393890914,-0.21437728290551683,0.08356598066816182,0.3353414891130647
2018-01-17,-1.762206609933143,0.010630762824156198,-0.2551925246180877,1.1256132352345365,-0.2269054792916796,-0.014973588680829994,0.9442561750031301,-0.11515290995463905
2018-01-18,2.997744579217345,2.5894589360695197,-0.4398547761059839,-0.7950552716594199,-0.28868390716201414,0.4338656422739537,-0.32148189713932895,0.2748165409218008
2018-01-19,0.17246146511732083,2.04716075381791,1.2427948072694284,0.5014078609366467,-0.061592079936251355,0.08308004750347261,-0.04472464666698153,0.06782396880053192
2018-01-22,1.8784114183570548,0.26548412634418267,-0.469084048502496,-0.18975908385058737,0.032077360197920755,-0.35098648447976266,0.0488871729389056,-0.15301827982222047
2018-01-23,-1.1646760825141556,-0.9571830744715922,-0.5621063738661951,-0.20912981193231123,-0.1522892169253324,0.10223417606236959,0.23068049098464274,-0.027614182681175502
2018-01-24,1.5948281358032608,0.592645220476299,-0.10986028758351943,0.548313389361077,-0.011434879856887487,0.6147888350835398,-0.3038897668604695,-0.2674149670747256
2018-01-25,4.436796827855987,-1.3710988947500298,-3.1686769359870564,-1.1421368600679405,-0.6524785182860156,0.47738053701098326,0.8051546717501047,0.2113794725317231
2018-01-26,2.2287664141130703,-1.3650230161982932,-3.088841888150135,-1.8604371196127671,-0.9664125471392397,-0.5309001693862243,0.02145126310696176,-0.5200303222324989
2018-01-29,9.938871383354046,5.77534840227946,0.044156264239950664,-0.8159536479874485,-0.20795054342243569,-0.5799912915051955,0.6363651373080182,0.09629800102965337
2018-01-30,-0.9325568048124386,0.7114744712978698,1.0621091200124393,0.5133958630402233,0.16297927686549132,-0.20557644621386945,0.056920431908028805,0.4578228923577712
2018-01-31,-1.552104013321182,-1.0117437062309946,-0.9068151528182573,-0.49200184557648724,-0.5812388918182566,-0.0182348228667669,-0.02468003084222124,-0.23728632386011328
2018-02-01,5.408641011653912,4.661754527753871,-0.21718370629911501,-0.1820481834423608,0.6029215374078173,-0.18543880911723293,0.7668929733859086,-0.5218961714950673
2018-02-02,3.099716929237158,1.4861666541861964,0.10387731536316894,0.6942795800375058,-0.983183383673557,-0.6726209560148023,-0.7123682410278027,0.5561537831946113
2018-02-05,-4.377936632915378,0.17857202902315933,1.4927208111836205,1.2278238794376153,-1.2471253987724118,0.8421148570550955,1.574336323562905,0.5939689774431052
2018-02-06,-3.477577243850916,-1.4264695915823207,-0.06961289423289568,-1.1259314115459125,2.063572799254302,-0.5784445292262635,-1.5966832093036498,-0.7840249933504628
2018-02-07,5.516341496261782,0.5471825107271387,-0.5893273513095475,-0.8041440002884881,-0.31488452810759027,0.4012761578137099,0.268412373152631,-0.07679136436524862
2018-02-08,-0.7100711970792835,0.35490683072346796,0.658428969569621,0.5601062310634244,-0.7517834156240569,-0.8080746664175753,0.1537701501728262,-0.09048850899832662
2018-02-09,2.129561427567746,1.8182032179478456,-0.4144866812450547,-0.7480206316746942,1.1144404449490128,1.9545581917623984,0.4498967838530849,-0.1432480328162515
2018-02-12,4.810988075943091,3.2114547671502693,0.4403229610672134,-0.4928973701037917,-1.084517161609032,-2.4288983956902173,0.18867388336816784,0.06810530542102647
2018-02-13,-2.3561643630551297,0.32281917178129604,1.1528523961358381,0.6924911956412962,0.3390471358037733,0.09179319855851303,-0.6063786828760757,-0.4367075910212451
2018-02-14,4.574748113798386,1.4711591938850845,-0.16747478021880502,0.22933585184397856,0.9134067469989761,0.71667608252436,0.18968146151072401,0.0942456758442974
2018-02-15,1.778038396066858,0.5960716049032488,-0.2915196620221507,0.3418648100340453,-0.490994822803436,0.0575693208674577,-0.21041015865716062,-0.12426695575646196
2018-02-16,-7.951410671935079,-3.700574906102016,0.7257274178239406,1.0603449825695004,0.8141438151018919,1.3121407300732988,0.6252617388465431,0.017014350907865582
2018-02-19,3.8531305551003303,2.079828203985836,-0.0038267809562480717,-0.05326988376414021,-0.538621272292899,-1.298014789731565,-1.2131030968180434,0.5600506447043047
2018-02-20,-0.3627207072779807,-0.015617797207485842,0.03237211832194464,0.10213779455844098,0.2899239466204983,0.2727937129384598,-0.08960838671924322,-0.2235789791171865
2018-02-21,0.825179188804041,-1.0831666340635404,0.35119301738648173,-1.0883186071882591,0.5878302648061312,-0.4930307874112369,0.7283251859685766,0.1315962432660037
2018-02-22,-3.0489204319643486,-0.9833513245669901,0.08494443335324091,0.8633043339380527,-0.7580975773850664,0.8350088931282666,-0.38597936905222124,0.318097794758687
2018-02-23,-9.008803419564819,-3.847346206457006,0.25542961456794977,-0.22816907215792714,0.6218552560219193,-0.22891301399587272,-0.27751728222093974,-0.09298008864461989
2018-02-26,1.5596157657353642,-0.015395210376308872,-0.40250977316958025,0.31595351602236854,-0.24057429962601878,0.0993085604887968,0.26638207691495486,-0.18448530832956175
2018-02-27,0.9477446455164117,-1.909829107030406,0.02929215106955719,0.7354591971111537,0.6145488411927034,-1.4406399287877956,0.3252852480189841,0.33334623382723205
2018-02-28,-3.078574669064437,0.9428438381882391,-0.08220480257594699,-0.5731838527249408,-0.8173535070771312,0.9675910861568049,-0.6003628659663784,0.03453817696155156
2018-03-01,-6.107296927960492,-0.4295021424455481,-0.09868585197199314,0.8225689629911425,0.2062727817856803,1.1631615011519914,-0.6286483426953877,0.621779018244845
2018-03-02,3.598470322049852,0.6177908242448507,-0.4026011759524224,-0.21284482559863466,-0.06545491004884066,-0.9937511314553861,0.9805677340057403,-0.7332224090870076
2018-03-05,2.5690791324988687,2.252293646974381,0.27416387435966644,-0.6077663830013282,-0.23469514902687758,-0.9608257416579388,0.21143667526118126,0.4424014279588959
2018-03-06,3.0225287648716366,0.3046644525881363,-0.9037822509430598,-0.0492651310334853,0.10953814926265366,0.3838534296747859,-0.08008072340194068,-0.2804417073888398
2018-03-07,-4.057053106375774,-3.3101550881772703,-0.12694148224102167,0.46755970029348826,1.577522219651558,0.9630362683100424,0.20370753331684466,0.12086237142803713
2018-03-08,-5.537290615477505,-1.2407834546383967,-0.45569991510884744,-0.5813403140641121,-1.6741987882395668,-0.423805941904467,-0.3097842473863829,-0.300599339299032
2018-03-09,2.4895710221982528,1.0709195549948638,0.29146871321488915,0.8581308206182875,-0.15249596575458826,0.40992346825062825,0.38618092172475993,-0.28912710347420306
2018-03-12,-2.5905742997052412,-0.3582082819068314,0.13500409056982077,-0.5731379038838255,-0.3411932091405463,-1.085157736509175,-0.3605584040290279,0.7444161782236162
2018-03-13,-2.051873129012021,1.1088670739201594,0.24776075049437316,-0.6973237709287465,0.219634359385823,0.5547207648986859,-0.5730431044844327,-0.19301432381975436
2018-03-14,-4.39395795888452,-2.015714718094929,0.8489692842389716,0.8028875585531179,0.8827894312125407,0.2953408459554395,0.34269090790948503,-0.3856802716158801
2018-03-15,-5.088156882235391,-1.2385086109032075,0.11140808782437532,-0.515995786836548,-0.1103097614037547,-0.08373436985341857,-0.06151133514571745,0.19875556374421907
2018-03-16,-0.026964010157341494,-0.034060635365896666,0.02503406523240222,0.41270056350316636,-0.24106755856524636,-0.015564199403726256,-0.19915272466300535,-0.16594222507750958
2018-03-19,0.9164767178508377,0.3154892755325116,-0.7595179778040002,-0.8869744326679806,0.1442552037677824,0.027218817348271602,0.27893279876503285,-0.04683024744545887
2018-03-20,2.2675570441711863,0.7260217759904187,-1.5382598075233058,0.5653498110494424,-0.03268423747052672,0.1565750722260414,-0.22172669303770465,-0.29514444031419745
2018-03-21,-0.21986678647103894,-0.08431632300628959,0.6112904790501168,-1.008799142195342,-1.0127590829723454,-0.8113279610568559,0.3865735139620493,0.9539157520298307
2018-03-22,-8.010736341636385,-2.578933486352933,0.78442211093163,0.47808419716615475,0.0149518875413572,0.22439078112807545,-0.26369589131908383,-0.044426225767925966
2018-03-23,-0.8720967540647843,-0.7788188273265101,0.27886818215900244,0.09944082001707723,0.22741709632032384,-0.7679761828033231,0.7159585255294663,0.2021504127499152
2018-03-26,2.361348504458023,1.9199710680565576,-0.5860071222240023,-0.609868899785091,0.6304297931906264,1.3830953782138857,-0.778987555184008,-0.8636091339025146
2018-03-27,-6.81456335079114,-3.4006160923295536,0.7284174270252569,1.4511774947208462,-2.7292330811717176,-2.255637015094066,0.4788302990904627,2.2053574582010853
2018-03-28,1.9799216655632088,1.3122842777639536,-0.07824221882978007,-0.27995810213185174,0.942910110188806,0.7051393352485196,-0.29116041305646895,-0.6554737581333667
2018-03-29,-0.6603205984069703,0.5075275794547056,0.9062056614738108,0.7392318713528871,-0.007774572925057752,-0.1386319952838784,-0.1631129158121718,0.35519632972901133
2018-03-30,-0.2007080523181631,0.05315108000151059,-0.030060814895986707,0.014499501737869156,0.007806995443770207,-0.008238474190014035,0.002930784714565099,0.0007240236457190396
2018-04-02,-3.89447005035422,-0.4968135750536283,0.0519686296339595,-0.06182892769419514,2.629046543276228,1.176014241518799,-0.018359163477239548,-1.8317611188497485
2018-04-03,1.577147903298338,-0.9036740700495142,0.1047039890392089,-0.08580251348568166,-0.12479486370095892,-0.2024951203733563,0.18582348621864755,0.03844866774857559
2018-04-04,-2.1105793190798185,-0.5805833075762538,0.23014117879779208,-0.07899267310682481,0.27384909737430024,-0.09515061979895977,0.18084579408114437,-0.06516022719187398
2018-04-05,5.056093016150506,2.0595649922022097,-0.6279680084315862,0.08657932367261902,-1.755291355371564,-0.921198678350159,-0.10552701325840529,1.629797994861673
2018-04-06,-5.297773594682357,-2.7788000329445866,0.5231487890623675,1.1568149414579296,1.5581360300894844,1.4284249057000802,-0.8966754986092313,-1.606210036362297
2018-04-09,-1.4001568687790924,-0.5581176614535847,0.13325370675082013,0.3018067865398567,-0.0727535821699238,-0.003655214475006855,0.00803588027326676,0.044529030136442486
2018-04-10,2.1918129332193246,-0.11517656068285984,-0.971304625853671,-0.9057079338868687,0.6503690263911966,-0.18381740638899066,0.5776344157738359,0.10459564777406775
2018-04-11,-2.2036040661934106,-0.845094614357632,0.2641185726025607,0.33185181647135675,-0.11787539569261282,-0.202376882615126,0.031591634020659,-0.0002745361550620932
2018-04-12,1.3612382642275054,1.5642315118831247,0.5376259335306188,0.06889499287999196,0.29033262087991885,0.004180259743791397,-0.016972255211938757,0.037621636565609025
2018-04-13,-0.3122863185744638,0.8762572040535185,-0.16777892360347602,-0.2819520765902709,-0.48953950425632026,0.33271978201722263,-0.20402133570003347,-0.08150449880355895
2018-04-16,1.567167471081241,0.20645113861692002,0.07842407012209554,0.19087955834433842,0.3487803013283441,-0.323022843127163,0.43845345330083885,0.05733093172593723
2018-04-17,-4.212536231939514,-0.8390288070581524,-0.02410036717356727,-0.17031356650415985,-0.3963174425412146,0.23546813747616804,-0.4575052383568202,0.05682664304791654
2018-04-18,3.3862846660310226,1.1598111978681684,-0.8091835544386121,-0.7430452990600953,-0.07253258892935902,-0.17359172126788558,0.20504760356064713,-0.04436366811042935
2018-04-19,6.6444714063624675,2.233392675171858,-0.6903233889763365,-0.15907943302093216,-0.23766947738611502,-0.23058105284048025,0.4868956675192895,-0.007733105915779513
2018-04-20,4.904390494011938,3.2887143837093444,0.05338034750150851,-0.10575025666106272,-0.062005140606938465,0.42145514094005826,-0.7018042407104269,0.22966662495885404
2018-04-23,2.513552082688556,-0.23729952380693584,0.009358600730742744,1.0524472008652015,-0.4096384547974572,-0.6517116377234348,0.6058328513277595,0.1757432562096826
2018-04-24,-1.2568389223872323,-0.3292904815528682,0.3171221504195188,0.4461780212673514,0.17809466680210098,0.22381254536764403,-0.06473724476394764,-0.4164320056127425
2018-04-25,2.606651949543144,1.3206226001903136,-0.7874944643387627,-1.134330224385524,0.4473837569247032,0.20646243873186534,0.20067367707363812,-0.016706690756709087
2018-04-26,-5.488950116622535,-2.42530446367725,0.35697079206916754,0.1767435365575251,0.04805189688798509,-0.4580760688621097,0.16695362316370585,0.38119792616691134
2018-04-27,-3.123545837699226,-0.30261392378783225,0.17612548732063052,-0.20514451957034785,0.3758296229623012,0.6986666118859136,-0.398828181075777,-0.3501727324388883
2018-04-30,-2.6339063059227605,-0.058763472639851475,1.1406595279342169,0.5165507003475754,0.14324311204545276,-0.32476663601566846,0.2765249991607634,-0.03078869336452136
2018-05-01,-0.16541587595741628,0.013170809087208635,-0.045166701146429095,0.07546488530587148,-0.029132460316597105,0.01064565726608559,-0.03566578695481339,0.00022877120182809662
2018-05-02,1.5909436065567126,0.9502210093889097,-0.00048819142599875614,0.19628367123288706,-0.22018367926282092,0.036411094287994855,-0.06848734132918743,0.04822107887939094
2018-05-03,-6.898674687393078,-1.3976562810389543,0.7976862002223291,-0.44396998552476796,0.5968662128099662,0.11371884059841397,0.04641577149398959,0.058050043185272716
2018-05-04,-0.6652112564405162,-0.5235953083812045,-0.35029774353558324,0.47231840873745096,-0.5180408579022849,0.44904197723783934,-0.5814667750897301,0.059957888493751166
2018-05-07,-1.2911286994925988,-1.354683446946447,-0.35479692648518435,0.05804251687807606,0.12515389352964806,-0.17277498672017286,0.2086662519218024,-0.040087490641125455
2018-05-08,4.286401209307581,2.6496135714517766,0.025617496403989224,-0.13942182484073437,-0.15542572786558823,-0.014890863460631617,0.008590600433411566,0.027555830211068028
2018-05-09,2.266222428351175,1.00125845679245,0.25753891614837277,-0.16341310153660873,-0.2292060852313113,-0.06262561773154204,0.04579235967526365,0.08263635187926688
2018-05-10,0.09091044439989926,-1.4576165250075737,0.055682227620764475,0.29434782786331,-0.023138544346268674,0.15272223726735049,-0.2365805853008897,-0.23023326162438418
2018-05-11,1.7145760491608326,1.474100855147786,-1.1435382054252476,-0.1361379696284909,-0.1922028879596607,-0.6219273635597826,0.36203124518173646,0.7280436597282869
2018-05-14,6.79488356649942,-0.18678156239876836,-0.33677199275171743,0.3954721718499834,-0.521788845978705,-0.17307594535891385,0.02437803973831806,-0.07218122955787994
2018-05-15,5.215678548357165,3.483476076219101,-0.13792374587463851,-0.9332677173251569,-0.461221986525274,-0.6075964599417173,0.613879930553377,0.5780042494696915
2018-05-16,-0.7611863712574681,0.8748152264655348,0.905532213070152,0.08354332075945797,1.6667613580779423,0.9195170361095758,-0.1453236840322012,-1.1975211389954767
2018-05-17,3.6629852967990746,1.912345013439194,-0.1960928730865882,-0.014228517504377022,-0.10568190341154308,0.14613433240199475,-0.26121732960703425,0.17506494982469373
2018-05-18,-9.575852443621905,-3.784528790305686,0.9485982550818172,1.363175620438816,-0.968262939829066,-0.2747041451185529,-0.49659727953905386,0.6163011898377122
2018-05-21,-3.5729929845118704,-1.3769688035671814,0.22903546764876304,-0.09957616760413318,0.9152062882879891,0.3311684352155962,0.015627654252130273,-0.6186107609853065
2018-05-22,1.691229938764233,1.3490875436921175,0.07439470898051992,-0.15016965751001266,-0.38824031643722473,-0.3532422901017766,0.2968620684198466,0.2261474601337147
2018-05-23,-6.3792975042345255,-0.4219644209406459,1.8661174429174523,0.614683410732373,0.6493458087759648,0.3186530742326483,-0.21733649566847021,-0.2761100912369086
2018-05-24,-6.631251974418831,-1.5478778735273786,0.2755915883219711,-0.9509010447907902,0.06032171624385416,-0.3921280466475523,0.3760691926103463,-0.004593670994440698
2018-05-25,-10.938701405836571,-4.119803448446992,3.166403926489296,1.2875768258112557,0.4996874231522969,-0.04466356186412329,-0.17034972147023897,0.05583528663282461
2018-05-28,-4.944816560744617,-1.9764129670962756,0.6968943973585642,0.6993893116300939,-0.8641088381982249,-1.0158780462251418,0.3233738729426933,0.6015632748648346
2018-05-29,-6.548777594024529,-2.88873083362396,4.764667263976353,0.4803691088514416,0.5786131420382234,1.7374142802247934,1.6097153878477228,-1.1767784612486873
2018-05-30,10.34257440682887,2.257320265476024,-4.263730679652252,0.13470663159073493,-0.07208799700804426,-1.6405640430245836,-1.8853275155495532,0.5265885780965419
2018-05-31,2.0165050248110594,0.5075975629844993,-2.237176684195625,-1.9722153417535473,0.13315871271246593,0.9996926686927139,-0.3402855393233176,-0.09731957862889268
2018-06-01,1.457832189598308,0.9623139584711948,-0.9319224231217039,0.71756235738989,-0.097112825624101,-0.15282294206622596,-0.005529718111077847,0.28887497307211973
2018-06-04,3.8241203063728886,3.1923134159958426,-0.5026919767080019,0.12028377020503203,0.20621880321280953,-0.42185402601903943,0.3915360107268323,-0.01894557011774094
2018-06-05,-0.8916037376533561,0.00782784362559103,1.364256088888408,-0.3000704778108482,0.3859416956262706,0.40812413900913486,-0.2269242330924771,-0.0906983459048527
2018-06-06,13.666596632538814,2.3416854072331867,-3.127973122298624,-0.19756911954583223,-1.2310169401132662,0.12378260443017974,0.003658915005413368,0.011805867051625297
2018-06-07,-0.8824271968577642,-1.0837218057583589,1.2552904240132465,0.6399212425396352,-1.2601061070942814,-1.0525454332384825,-0.8647496049105458,1.435383903029845
2018-06-08,-2.417331432250207,0.007070959953565502,-0.334290725664747,-1.4766464346826713,1.0478814087490331,0.7205639792447421,0.760049248659009,-1.1682709301392726
2018-06-11,1.9139066628371608,0.5393174721575984,-1.1896401716649019,0.538732302960222,0.5727880084796088,0.08858849794119505,0.2567313517669929,-0.33972978468259196
2018-06-12,-1.431161426110709,-1.185361512487602,-0.3886632757271927,0.21588442803793365,-0.3834382819100578,-0.046947441360355696,-0.06365482630842768,0.1553673064839133
2018-06-13,0.18575124753502412,0.5661170144796199,0.07012599854595823,-0.35440982826260264,0.9126191609642512,0.40045237449363635,-0.16418855481472017,-0.259548007038706
2018-06-14,-13.718735287677193,1.0180214778260932,1.9860167100441766,1.424747835317637,0.343939566506507,0.26860727715385035,-0.4486219735019827,0.21301453624770056
2018-06-15,-4.99238099206466,0.588876420006463,2.035181710758029,0.48719350405835593,0.3553340563631816,-0.20030410994023162,-0.24194956214484403,0.16373272952621448
2018-06-18,-2.4253864443950426,-0.2949265631570199,1.8754222049309566,-0.027781631749536722,-0.08101107138976792,-0.10924421663679476,0.13957516512131704,0.28397705074621926
2018-06-19,-6.408935010298806,-2.3660724143148557,0.01323516487610759,-0.022138167129977602,-0.42413944217357663,-0.08354680966788594,-0.27084237184617377,-0.33818311775090837
2018-06-20,3.8019194120491546,1.8865524841651846,0.27217756958661793,-0.19716262113847036,0.6710062042787972,-0.3200736404431906,0.5222766761567335,0.12184074800087567
2018-06-21,-5.126329635532879,-2.1419802374523083,1.0410799869139697,1.3917734442018201,-0.4625622761722355,-0.4683790536861963,-0.2531998811671261,0.5724275006561234
2018-06-22,1.6627542120014036,0.6272583994203401,-0.7148857151840182,-0.7059805417328865,0.6526219113541574,0.5513787492706309,-0.09378385414144559,-0.5750546701326995
2018-06-25,1.4930694998047116,1.1717450052170808,0.03446695480788938,-0.12785887845183752,-0.012679072724677963,0.013612976334937861,0.17520520151738028,-0.1569460539165188
2018-06-26,0.5116170620177174,0.7302395005665019,-0.8445500127163671,-0.7557652142549431,-0.44415576099953724,0.45203884493445506,-0.2888662281548717,0.127896252225055
2018-06-27,-3.0398282695730003,-2.1482897907215794,-0.49693030391650944,-0.37956509369779107,-0.4959580871862584,-1.0047779269851627,0.6641392099098118,0.22948970841276597
2018-06-28,-1.5696965405637284,-1.311798037308862,-0.7813109810718512,-0.1618679621392406,-0.13349987458017454,0.2897219023360851,-0.31397510064925316,-0.13972089095536291
2018-06-29,0.1920584913284805,-0.03937862812212424,-0.47828803160560446,-0.1491835243045124,0.022310571573619202,0.391297192822154,-0.08710043088529022,-0.32871216406745296
2018-07-02,-0.23580800627407564,0.8139710999155632,0.9433230171699815,0.7213202761864467,-0.0665340448180715,-0.19524881333858646,-0.10396517443373222,0.14537185637347544
2018-07-03,-3.060413122509688,-1.5496147470062853,-1.0237289647809347,0.6388151116273498,0.46363354114677635,0.07758458367012781,0.0292581731992502,-0.014949968730453343
2018-07-04,3.298293250845337,0.09332169757127268,0.31866032958434337,-0.33515110993782826,0.23675770894149328,0.20687560790707057,-0.23384603413920751,0.08293385041369236
2018-07-05,-3.3786342842368344,-2.3783200777785685,-1.1326651848924025,1.2585858475182108,-0.8953564170733441,0.08001463186535228,-0.7790413373347744,-0.4690338722690579
2018-07-06,-1.2946542127678622,1.4732055324360485,0.1102145408848281,-0.6098953651171585,1.1494726130835489,-0.4199903303209515,1.0979067518161971,0.44946524406749405
2018-07-09,2.322572884349122,0.431846348213699,0.2544904197693462,0.10874931423672407,-0.018793445892293956,0.13900141205141683,-0.1491876054667945,-0.012066753051149723
2018-07-10,1.3843932204856755,0.9045329397862233,-0.19818149187187695,-0.30640553904959605,0.04154422280571509,0.03348154028428894,0.11649836307139082,0.07543628223774983
2018-07-11,-2.051716098777276,-1.0161221541336771,0.06270820370275539,0.3410928078373694,-0.10476970426985033,0.008760302118749806,0.014208826212264668,-0.044718449554420586
2018-07-12,1.7167306781105303,0.5385586756949265,-0.2505529832166584,0.7111713728020207,-0.6429816905050559,0.4168388810317881,-0.7979806779461429,0.09540161428730204
2018-07-13,-2.65495257925985,0.2876089622183748,0.4087880301450648,-0.7010896315344817,0.7655141235136876,-0.38535427068561456,0.6670981812706734,0.02078494209927322
2018-07-16,2.3475373532543746,0.07462255409943837,-0.283567061498694,0.46730218607209795,-0.7983474107768082,-0.3028557406557128,-0.13903460214160585,0.4128528983170278
2018-07-17,-0.9445020015502831,0.04252262808823147,-0.034930664481220376,-0.6413036797314083,0.9562514025133112,0.3273261232150204,0.15170293958181624,-0.3489508574059016
2018-07-18,-1.062167620622589,-0.33092518577197727,0.1808347914271626,0.31683786536866987,0.3137288422076775,0.3370682318039382,-0.11114760178966411,-0.3579521751152998
2018-07-19,-2.047625826304354,-1.0155234186378679,0.05194715564864599,0.29700897589439557,-0.308930979832678,-0.2514175100357803,0.01577867267531612,0.2847461798036089
2018-07-20,5.5748091324946865,2.695551300747911,-0.6385394153811802,-0.4351315855395253,-0.6937933740173119,-0.24582465011086246,0.0357119240086082,0.2657582231864799
2018-07-23,5.341518795843767,1.6285382061689255,-0.6518372547190094,-0.3170563938412174,0.0204715616701105,-0.3294251215791724,0.3947849565597433,0.2723317693297195
2018-07-24,-3.747243743848175,-2.225243693614417,-0.10132760425636035,0.45848887012982614,0.2545055280555694,0.37146107534198,-0.19418140352684174,-0.5330467146789345
2018-07-25,1.5853075757459423,1.5344069933797044,-0.04227312150676134,-1.215400881292348,0.7383971186416342,-0.8864251305007937,-0.593494910420492,0.9357789212471213
2018-07-26,2.2579306714285865,0.8772724385231546,-0.5936104139233879,0.05576195384759632,-0.4978573957331501,0.8101412661583343,0.8686316870992533,-0.8657336750890176
2018-07-27,-1.4145683221183698,-0.5898832220801367,0.2781210269539986,0.6408432585534868,-0.27981831935020474,-0.05117693707538598,-0.09466995423856549,-0.040137264262306994
2018-07-30,5.507427390693525,0.7316740062283472,-0.07584077315644665,-0.13155146808899762,-0.6853409478333802,0.06771619979668435,-0.07234300362983549,0.1150935365029527
2018-07-31,-0.13488889591456718,-0.14308037452529845,-0.5018457987157499,-0.5773979480673117,0.20211350579766243,0.02700886829619301,0.12436090500269832,0.022966407274517604
2018-08-01,5.249546673763373,1.611196372038654,-0.46914772549519246,0.027554479341411777,0.19823594101754718,0.009904767971611453,0.28517839145395535,-0.19419767660451595
2018-08-02,-2.7914356450509583,-0.5922415225173082,0.5163773257084733,-0.0783405165105992,-0.2151719711155819,-0.8483458735571613,0.3295247966208984,0.45041425898433674
2018-08-03,-5.344690964076399,-2.227651364617025,0.14333017172489862,0.632228994119332,-0.1950045226959465,0.5730534400017362,-0.4312596740087068,-0.17526374956871676
2018-08-06,-2.3040745567016545,-0.42062816043238654,0.4576614995539107,0.06564582721304904,0.24233679670306552,-0.1809173773102901,-0.03560458987280454,0.04748266555635492
2018-08-07,2.8956754708662342,0.41878304907751335,-0.3328843087221838,0.25915395483281006,0.47538856811504693,0.20147272558408283,0.02897819874181158,-0.3373213705242635
2018-08-08,-1.3539097510991618,0.38756692275727217,1.9127367747101167,-0.11051284081773007,0.2797038583477817,0.19460789385019617,0.07694831211072764,-0.21756060390756662
2018-08-09,-3.0632287683480652,-1.4398674753913367,0.34014792654272363,0.586891634333503,-0.12269118208648896,-0.3098620134541386,-0.33481989013133595,0.2654907619673756
2018-08-10,-6.721172966989437,-2.4593984772528215,0.13889605642705488,0.1262353751711003,-0.609173607958533,-0.0803868351486727,-0.10450420425705413,0.3356687374177141
2018-08-13,-1.8839546269829148,-0.010535609710002813,0.5910504059421895,-0.0809598699660777,0.5403394918785785,-0.11651002616893871,0.16688920720017808,-0.21267087110293204
2018-08-14,1.4545815362801386,1.1531002227204332,0.04237535372669551,-0.12414024237399975,-0.05386266878299364,-0.024938355950465556,0.18063347252195905,0.0007971481248830594
2018-08-15,-4.43693180514848,-0.589451320454961,-0.492297127792895,0.306702362132401,0.2584156841796987,-0.057853841184993454,-0.23551102749770456,-0.01673028749720251
2018-08-16,0.7354315374335285,-0.19349036324913188,-0.5245816944821998,0.26121028225399995,-0.8425378245186459,-0.23938043066174106,-0.19735936365754234,0.3784335641497427
2018-08-17,-1.0522025872857426,0.18439940160064086,0.2530237353643688,-0.38406168930305223,0.8645454738733841,0.3001940455777098,0.27505115910868366,-0.40109945944746117
2018-08-20,-0.6579531398085744,-0.2845405422303358,-0.10155016786368566,0.0010179541847744954,-0.13588242192460537,-0.15389323252639356,0.004708905077392684,0.2237345604515551
2018-08-21,3.06280289415953,0.5014415304870177,-0.29905380953907496,0.21961013636469612,-0.19192366412197173,-0.5240822715309615,0.2944662750242931,0.41680606950193116
2018-08-22,-1.791658142702913,-0.9864659579405901,-0.0428744487771968,0.2451767225620458,0.6683953826668005,0.5997320430809228,-0.3298202000506658,-0.8165700910021255
2018-08-23,1.7381358624072147,1.2399744987438275,-0.09965653655371147,-0.30322462914514664,-0.5466005851148775,-0.4786025127200445,0.36367052141783734,0.6699018830215624
2018-08-24,0.7009568612112332,-0.3310879916994103,-0.5614011948047756,0.2598275774035549,-0.09765746507473627,0.3520149214777708,-0.49144855807055476,-0.10668202535397114
2018-08-27,2.9251418426695324,1.9829451869507309,-0.07002806114100273,-0.4333660746582305,-0.12626192965813665,-0.2461522067079998,0.18128477510272334,0.08065284704770696
2018-08-28,0.4711258238303864,0.5044724269024498,0.08262426346633382,0.06779507850383783,0.8824772730217363,0.8314485372302013,-0.22936754363916226,-0.5518382391992359
2018-08-29,3.5318638037220116,0.8795691134487608,-0.4423608294918194,-0.23185337279040302,-0.4199256612995475,-0.9221577128419493,0.602361730201698,0.6165474348891441
2018-08-30,-4.78695315934819,-1.6451079225829557,1.1337058357770864,-0.11492164689509073,-0.09014408857731503,0.8740808148357272,-0.6945909210527749,-0.46290433483477644
2018-08-31,-2.668165585518658,-0.9218976747894592,-0.510484005172732,1.009243131968344,0.37626651721437926,-0.06695312335809965,-0.045922457911612244,-0.06184951283293201
2018-09-03,-1.0790126866207306,-0.1026668864479743,0.2742020254133397,0.1561875000024093,-0.0859170537352863,0.17206635450460495,-0.35681868182841486,0.053984313973650465
2018-09-04,1.2944402963570523,0.6037067414621128,-0.3232245721921456,-0.20539409775156917,0.043777859541247625,-0.25627884609670804,0.4099636020834988,0.11265280378840416
2018-09-05,3.1967905475995573,1.1857302560618028,-0.991329595460496,-0.7946596257590169,-0.3061083157245997,-0.09885627407696254,0.09831779376724252,0.03591523950806493
2018-09-06,-2.6226566261877515,-0.7527058574952594,0.5767238992624695,0.4608740453881377,0.4076897987931899,0.21465081120795268,0.012868153720021192,-0.31429524243405066
2018-09-07,3.6984645349410994,1.8123002829868085,-0.4522251919904786,-0.3001652193863863,-0.092464772426978,0.17833000418094386,-0.0834642203205781,0.06989227463975034
2018-09-10,2.1190690876708644,0.8302621989194818,0.426707385145221,0.37562850243372603,-0.06181808950142124,-0.79757473085364,0.4801015239646675,0.33626790004947976
2018-09-11,2.9159509683006086,2.5071332555657033,-0.4292789417647957,-0.6539508791228654,-0.22323137752118885,0.6315693967405523,-0.30952428424820483,-0.32767511628604407
2018-09-12,-2.557969234388861,-1.0788446459028476,0.07355310640815771,-0.022841101834324577,0.4210251798376918,0.12185393189885209,0.014555679494449017,-0.06611002799959632
2018-09-13,0.7856060343477502,0.02982847307472964,-0.5106033902027124,-0.06865470564772141,-0.5571667370281468,-0.2246595297288378,-0.009367145157664509,0.38167042252521116
2018-09-14,2.16333430985144,0.27003517483193284,0.05757199441511758,0.5543572603527812,0.08676036319512702,-0.2994060794873131,0.20988380915876081,-0.1055648633189763
2018-09-17,2.7062365376396347,0.6901705843796967,-1.1610948134301426,-0.7962948567419668,0.17751094562192626,0.4139068616641184,-0.08410183943968565,-0.31970242878498384
2018-09-18,2.0286096063000585,0.6683705693250152,0.22714226380385355,0.16956260133702752,0.35537393744496504,-0.37815365408080215,0.5164094905677042,0.012945624573738549
2018-09-19,1.7372018689007507,1.534120439611571,-0.8475688067869389,0.05835617231238637,-0.6228920405350516,0.18470147151485278,-0.35824291898263444,0.17775121902098845
2018-09-20,-0.44688687576717084,-1.6819626786235722,0.9740471852808797,0.7925397242371436,0.9177277709038522,-0.32233559608838874,0.22266956144180247,-0.15451391653965318
2018-09-21,-1.5044511195784147,0.03795770799193865,-0.27191602902964085,-0.22407927008135536,-0.4242478272673153,0.36507946539937863,-0.3413738366231466,0.005830385337275722
2018-09-24,8.403613369404429,0.1491458616724483,-2.9435800022243703,-0.5294794978393993,-0.6479332450983003,0.10230731576771862,-0.07703250340262624,0.14467159908865782
2018-09-25,6.005681480261628,1.3674392203173613,0.24003431786805332,-0.8681331597676397,0.4334676145224892,-0.11477053425141036,0.5461493444638014,-0.20215873091576467
2018-09-26,-4.362409169645723,-2.344850914046223,0.14274299429024812,0.609228410158579,-0.08311869204574529,-0.021626343012827,-0.10617686452510738,-0.07618774916758976
2018-09-27,1.477167918617512,-1.916781915825519,-1.0881335768704712,0.5426081376277448,-0.42963038483266947,-1.1760773692000979,-1.5687983511927552,1.8629130296688439
2018-09-28,-5.454047902433591,-0.6496973554916946,0.6831173050509056,-0.02267608829346918,-0.26448169486992845,0.8630859060543686,1.477012406446819,-1.4600139770371219
2018-10-01,2.156585326097271,2.024187042900214,0.6294976851938785,0.18674068256802726,0.3794227346989289,0.12340436496595901,-0.15922291225921856,-0.10780618145246526
2018-10-02,-4.544856166221752,-1.55867892084149,0.12714208803812857,0.5252983721465793,-1.9569537226693965,-0.8903609418697803,-0.12552650131681514,1.5563033280812075
2018-10-03,7.182226708295155,3.1723564638030752,-0.7169750843909112,-0.6898111503029526,2.3794602456220213,3.4003021308290857,2.105275192819354,-2.205219579564081
2018-10-04,4.985605024880224,0.4487856447537831,-2.1636280134636436,-1.3142396940408976,-0.8248213235344668,-1.9606574773258485,-1.9873091718751223,0.29262837283379234
2018-10-05,6.556649907199328,2.608098404399301,0.49279120424152095,0.35448331185109044,0.5209592552203549,-0.7916240057667724,0.6338709788306852,0.1263850362720554
2018-10-08,-3.565204297001244,-0.8310340270446993,0.5530324463326485,0.9558289613745833,-0.04875382907760187,0.8320087533624139,-0.9503717900540792,-0.11878532235043379
2018-10-09,-0.2945040021925065,-0.0672981050530761,-0.18033218222591543,-0.11183742423740341,-0.8102244988344441,-0.7108032432860905,0.33439891419613893,0.4649523183830092
2018-10-10,1.8521940101466898,0.47254595868424076,-0.004454159665193024,-0.13034355168974315,0.4348070291224272,-0.38438557443091825,0.6143816309742143,-0.01871921608183184
2018-10-11,-3.483297325357507,-0.5166555992247204,-0.0619711432564038,-0.6654668844429615,0.4870990088801024,0.5219154188315978,-0.2960207123225271,-0.39474971180807966
2018-10-12,-3.6890150443339413,-0.888595806927764,0.8320878492985352,0.32026426032985034,-0.28493909074199975,-0.7161305745633536,0.453488610610527,0.4345683187787697
2018-10-15,0.25185132821899653,2.0895192342819002,0.574954328965277,-0.2703313781835304,0.23669226839682228,0.484585420803061,-0.278158821972257,-0.4962141679072394
2018-10-16,-3.8794604600268943,-1.3132649914775214,0.49759138202617603,0.10966297984453127,0.2684796409263611,-0.24218922026672846,0.22538228249496417,-0.006136394805418998
2018-10-17,-4.9638978215297875,-0.8396118443089511,0.6404454900371744,0.041694541169946295,-0.05341429516830231,0.09887138423972448,-0.16775771729992583,-0.01728084826587437
2018-10-18,-4.864766540750203,0.06440699586614236,0.6122967680749984,0.8758825303449878,-0.18757067934829497,0.5902037170034142,-0.2679516232499688,-0.5450277180080934
2018-10-19,3.598458425823976,-1.185113204424846,-1.3730504828131298,-1.0353678535293047,-0.2023833869526393,-0.7652028793486758,0.2639986207474409,0.5294596843943159
2018-10-22,0.692087906593023,-0.1783492142404958,-0.3259045422441423,0.5420677156534315,-0.38119263587642827,0.2990911717379451,-0.3205930357447307,0.11487905566083104
2018-10-23,-5.14678041910302,-2.3321351177370166,1.1196741995030972,-0.6397527650876963,-0.16606295066206073,-0.36443365935193706,0.34164857999241377,0.35428554940100343
2018-10-24,-2.3619227357769965,1.1647174689148112,1.0375362322351502,-0.1378163972359546,0.6347682456685138,0.45576014069020965,-0.26283508969868186,-0.5392769421127636
2018-10-25,0.7422355129314138,-0.3234811652077679,-0.5917074820582297,0.23582980319807445,-0.20759883113016128,0.3002963390836989,-0.4097525113261951,0.05240186792356935
2018-10-26,-6.062395235492303,-2.0707921709912425,0.020913110040972988,1.0166888611204414,0.6041402569982763,-0.350730595681787,0.2579714287047557,0.06815278519569323
2018-10-29,1.6494011450314012,1.655850890681889,0.33071751393602633,-0.2007100726650039,0.010262240710371013,-0.277005811657179,0.19614493762889038,0.049708638100097687
2018-10-30,-0.8161933468693591,-0.3979314346116623,-0.10647205359945687,0.04601803100012435,0.09764881812893837,0.11037026026917053,-0.03980224059604482,-0.08237005357300434
2018-10-31,0.9293550185420663,0.14216026090638337,-0.6193940313338359,-0.34572617810564016,-0.19643522842991684,-0.03527305021126545,0.00972756474538808,0.07466109583948324
2018-11-01,2.2417334364162254,0.9436198980941468,-0.22607215941644745,0.2944609687669483,-0.7345968764647399,-0.2265333118229239,-0.15950225007671417,0.4001553092987544
2018-11-02,2.123413677842631,1.6479573668341498,-0.20483869466723129,-0.4668953055580738,0.1947977877234815,0.23975151046597473,-0.27108647261431285,-0.18878264358154365
2018-11-05,-2.4128485085699642,-0.603313016706413,0.14072556574529535,0.4663875208613272,-0.697040045264276,0.1997690229278032,0.0880203247533938,-0.35353862246804135
2018-11-06,0.7665764804456656,0.5465496821303317,0.20067174021365186,-0.7525200805844804,0.697165263988228,-0.8584107065457656,0.8435658504594331,0.40332424669651495
2018-11-07,3.1732683595519138,-0.20290938436729863,-0.5346033808306679,0.9019702514301766,-0.030284928439340813,0.19932867171472282,-0.3490284217058992,-0.09996500566688216
2018-11-08,0.3521932676620208,0.3995227760153272,-0.19768838255955296,-0.4008628203453529,0.3604208018832411,0.13752583984624567,0.07356403759270033,-0.2505310864857572
2018-11-09,-4.889190262815252,-1.8861753897110387,0.5896137647882618,0.31866910319166314,0.46370404757484646,-0.02279179034640948,0.11049090402746879,-0.03103403280712186
2018-11-12,-2.2326031156448938,-0.21517374300899234,0.2770721365956072,0.6208743310926967,-0.9138898209254391,0.10470928730524454,-0.5859960076062087,0.5186682026579733
2018-11-13,-0.8453425137290266,0.22924628218144222,0.12222034634961088,0.26278694711845996,-0.6830384452448816,0.08073760284290063,0.27107434974024536,-0.2093129889440854
2018-11-14,-1.4823697228877508,-0.6461828872355836,1.066724324238292,-1.075315715515453,1.4254254981195271,0.319223953166309,-0.1594987816955406,-0.3929551487467086
2018-11-15,-4.537262032961589,0.11091578176875255,0.2780037893394397,0.8979529736239132,-0.307880162595806,-0.4301508586545286,-0.16962277683252125,0.41355062320894476
2018-11-16,1.6013112642446605,1.578834272142653,0.26353996346057296,-0.02377036267261087,-0.12651469543634125,0.029951159940694763,0.30550110418150367,-0.32942990615163326
2018-11-19,-0.8338667555263299,-1.9739694167293924,0.650930052551527,-0.24943884162116114,0.7137229851939556,0.052953681079569416,0.039083751824289734,0.011289825119889307
2018-11-20,-3.19851934158427,-0.6766416589661184,-1.2059396622162992,0.11053931080301144,-0.05219430464918451,0.12490318030419638,-0.21092146542876433,-0.03871811793585195
2018-11-21,-0.16584483958723717,0.3197212440686813,0.24583845123081896,0.19960909326054777,-0.33302817201656154,-0.33695104191904673,0.10552182138614419,0.23005665049632193
2018-11-22,-0.31074275145865926,-0.15771616582730213,-0.19739710588545809,-0.11736008689725247,0.029941653370567457,-0.039243101487783795,-0.060326379246770034,0.15101136654808733
2018-11-23,-4.193357335300975,-0.9983094644722637,0.10729156940526319,-0.11344125735654104,0.058010675584514004,0.4912720694477721,-0.28227358379155915,-0.32265684573421693
2018-11-26,1.404893373055846,0.8275150836226027,-0.4842117703242028,-0.07317983575757546,-0.702261019865006,0.05600631563140013,-0.39942974605001813,0.3910389222750281
2018-11-27,-1.9065237744968484,0.5617268935986113,0.8662996204154729,0.1143012561279244,0.38087297362957173,0.11542716349750895,0.020999451960946627,-0.26931866346232297
2018-11-28,1.3494367799193379,0.545349746083012,0.0953169023994605,-0.4475257677025635,0.8226132162370239,-0.4020160594266039,0.6118923402888294,-0.14105189234024773
2018-11-29,-5.137763915570742,-0.7195958793605893,0.7161834749126401,-0.10908936891818244,-0.3521048784042735,-0.24726037830371778,0.14264680153787962,0.47832029452516267
2018-11-30,-2.1726630726395615,-0.927260844428758,0.3925737440137238,0.7107081116347005,0.21449207468584,0.25538981784633674,-0.30294813178587404,-0.3781941040310919
2018-12-03,-0.49648214470852986,0.09950783625570003,-0.11132126149663892,-0.4697743199222374,-0.20293533060123298,-0.5327589639646951,0.3155844391452132,0.4528943047169634
2018-12-04,-9.079266291530569,-3.4732061126391307,0.40240614376297534,0.2898593593584954,-0.5912529500279237,-0.26334510003381595,0.008823040310893223,-0.04015254434539469
2018-12-05,8.256402601657452,0.6450177277032098,-0.44427080098644406,0.13771940546650022,0.7299895771227525,0.9280240784436188,-0.5186628747193587,-0.5823926080775932
2018-12-06,-3.2494827764302747,-0.7826737205930538,-0.20011917250653127,-0.5631272653406236,-0.12596032228167298,-0.0009716873714111247,-0.0416238838721282,-0.058987259311707174
2018-12-07,-0.11480109313427617,-0.6993942654116573,-0.3396787305029402,0.5715132040608197,-1.263803518266272,-0.5101672387658268,0.23574523964383606,0.5311386025459605
2018-12-10,-0.08281162654515892,0.3847342177586186,0.3514631834420103,-0.5260217777769459,0.8285151350218712,-0.5922155579512022,0.41611910450402606,-0.21002124508068373
2018-12-11,1.268252881789789,1.0363523791654483,0.1141240485900153,-0.013352614587138996,0.3793691891997649,0.29429813159782736,-0.10592406775310623,-0.3074443127689877
2018-12-12,4.730414668529956,0.4729503269809765,0.2604724813096275,0.3401853913310775,-0.6544408526053201,0.6286082445467517,0.22589011224106953,1.2063191431382296
2018-12-13,-2.6365499489617297,0.10303829553089701,0.16375745211693915,-0.5009849352595541,-0.30246031681908747,-0.5669815633202483,-0.541593267244218,-0.7840878691011542
2018-12-14,-2.9667402118159485,-0.46205422171090077,0.8479876136801184,0.23903532112680873,0.1740065206454271,-0.3750165494996969,0.26692972993871755,0.3013905013468546
2018-12-17,-0.18394128306484026,1.3272077331522354,-0.7565041267747266,0.42617742851544804,-0.08077092172338995,0.34882020219098536,-0.10361671952358231,-0.2952668593117119
2018-12-18,-3.242912518703699,-0.5692219832863541,0.6002521272755876,-0.2884955849057393,1.4622371525822184,0.9766863340900985,0.4684409997803066,0.8679031325433476
2018-12-19,-3.608248836277913,-1.0207146158197768,-0.014251064840953115,0.22818605558565475,-0.009770788798584945,1.1632179618529497,-0.15127950063898563,0.37591252206067405
2018-12-20,-2.9480091217380457,-1.197924081672463,-0.1234135831597574,-0.6209653216920994,-0.2900728796694145,-1.5506472975726553,-0.17542002612073326,-1.030852964501927
2018-12-21,-0.06145689965486206,2.3664570027653324,0.12672311485984547,0.17559844327412769,-0.62016647613157,-0.4313325482963967,0.06605249628164318,-0.702089698172865
2018-12-24,1.821514112408762,0.22820227246394834,1.0743729850630126,0.27284004009538587,1.2647610282407593,0.7848207383170196,-0.01063125177868706,1.0201848911208742
2018-12-25,-0.1975853036664143,-0.17192955244660627,-0.12724192883879112,0.19804650047589142,-0.1277929511413818,0.15846141632812996,-0.000980633355682904,0.15206400342880377
2018-12-26,-0.2007080523181631,0.05315108000151059,-0.030060814895986707,0.014499501737869156,0.007806995443770207,-0.008238474190014035,0.002930784714565099,0.0007240236457190396
2018-12-27,-4.4775709347222,0.5347218882964433,0.3496879523759014,-0.8837749405984408,-0.94319545563041,-0.37810241699800357,-0.059563818790225875,-0.2742610088703357
2018-12-28,-1.0664623674020028,-0.6787363653924663,0.8444884799707935,0.9160181577978006,0.6400393964842944,-0.07279490903634638,0.41755281603924116,-0.23977775544742425
2018-12-31,-0.47711183580275435,-0.043215843248868055,0.08966378406490741,0.09143099613309151,0.07857614854062782,-0.08469489169064805,-0.18512874408237157,0.3640994314184897
2019-01-01,-0.23876500803316222,0.014210406036615386,-0.04926950200394234,0.01474055656528225,-0.001371367261434045,0.03251985771733835,0.044367190987859136,0.057326148503039916
2019-01-02,-13.046662369017007,-3.6441737433450996,1.2488616303503426,0.12587444147721513,-0.15424305352471224,0.00903645613323584,-0.30243708746037185,0.056326783013288396
2019-01-03,-0.4643230194658809,-0.7902745855185486,0.3154930403657178,0.4002561966600878,0.5276650309646717,-0.344300247534912,0.2557241215945673,0.825120916837296
2019-01-04,10.222850742114444,3.444920419773106,-1.0271907916299594,0.14253512176453792,0.2280748635171362,0.43628090335185643,-0.5694848756480352,-1.03801867565507
2019-01-07,1.9180920225060627,-1.8989992409168357,-0.47273501305424387,0.061321777195539454,-0.9691176384203133,-0.5317320876776049,-0.6743253986597868,-0.590494510178788
2019-01-08,4.122314539001049,0.6923886430018332,-0.8784117877538277,-0.32635598902990065,-0.03991924484292703,-0.33747657042623075,0.37859684284223555,0.18825713806389574
2019-01-09,-0.11497583280727867,0.6399833141945968,0.6423100952623704,0.5596704083137305,0.24929835622697663,0.31095374983722057,0.0014253949047098762,-0.3849960015472929
2019-01-10,-0.451064361408439,0.24604902281544624,0.4193896896474553,0.3697214268860938,0.11681376195557051,0.020255546801677165,-0.13144297178338069,0.034973683548761195
2019-01-11,-4.19572778065033,-1.3322005550392773,0.7202395590365317,0.3095988168591603,0.2410105839358656,-0.2847506303541018,0.18893324429382485,0.07244681957996363
2019-01-14,-3.0660306052752686,0.6605109718061147,-0.016419292178822664,0.5156960942645649,0.1563402106524462,-0.07842338086976414,-0.04570176316109898,0.018141026296230954
2019-01-15,-2.708774720038235,1.8473454648328933,1.1189400785184676,-0.39479528173714123,0.6326099180690544,1.1143585427570109,-0.11326333683224983,0.09579767090146568
2019-01-16,0.8936354703697859,0.26492029008560297,0.06782108253903314,0.4018246791436101,-0.0057381498215527535,0.04455893046321107,0.5555179527008316,0.9283773974831473
2019-01-17,2.237909760225831,-1.2373500707654856,-0.40124033150515276,-0.30784671647299217,-0.7220223234812827,0.25789245667893335,-0.3207198222725179,0.18386987736965243
2019-01-18,3.8204804342778678,-1.023397700978279,-1.6615524410157787,-0.19667297055157723,-0.15434511538606052,-0.951957926096381,-0.3732832069401719,-1.1760896658637285
2019-01-21,-0.8576635841631208,1.256058661299879,0.4222534497008126,0.670243202432783,0.7444125551558743,0.7894679398922381,0.34701941942831904,0.8904512418808899
2019-01-22,-7.227433458997868,-3.1990316114046458,-0.10507108201194326,-1.327808052082485,-0.7178865709947143,-0.7475264821048241,-0.1613386926413723,-0.9691519062631926
2019-01-23,-1.0486876615031522,-1.2078912516842217,-0.25489102331783015,0.30437318443510786,0.13887703574860313,0.05645764577542804,-0.13009575466969148,0.14757919712950957
2019-01-24,-7.404891247813505,-2.857194989042406,1.4072801201777103,1.4273410263276154,0.9096215657225765,1.2385853453477202,0.4213191573294914,1.235500165473185
2019-01-25,2.438494109926399,-1.5502563230140773,-1.8049347109321745,-0.07527191271672713,-1.1343952133106974,-0.7750289023009771,0.1597148119787226,0.49900679029859674
2019-01-28,0.7413883776566779,2.126166602907653,0.10904636460599047,-0.8770240905789665,0.38214797686479646,0.2620239592377799,-0.3665125867709443,-1.1088860327904253
2019-01-29,-6.426211790089241,-3.066486289851989,0.20604302106755754,0.06752056359665594,-0.7513427159043589,-1.5795167216550678,0.07964732126798635,0.1776437655540525
2019-01-30,-2.859450597369808,-2.783405282024488,-0.9019796185494054,0.6511701339794959,0.27863252503602837,1.44474835952789,-0.1346465493293999,-1.4051918560496837
2019-01-31,-7.009582668401808,-0.6737895740662954,1.5220522967514123,-0.31732135702662273,1.0383529261093494,0.38808736757024653,0.22730393792402667,1.7050658773583791
2019-02-01,8.662830218687969,3.5922861795957335,-0.18586968598153542,0.3319482418181621,0.24841281467293905,0.1100087470488935,-0.3486239302137392,-0.12255482764784166
2019-02-04,0.5270952125738101,-0.4751159046461824,-0.49114468258283317,0.3738096444813417,-0.18688058936356777,0.308467372028924,-0.28494320384735156,-0.08025132338354225
2019-02-05,-0.18334713914074685,-1.0345259490412426,-0.365699873673922,-0.2156709742798756,0.25373802311424426,-0.7350639715293644,0.32421627968773564,-0.14975358314346734
2019-02-06,-2.6646081861134983,-0.7669653146132975,0.09875669496251055,0.36367865530901367,-0.3813092306411456,0.288208662995422,-0.38786966019604197,0.46404666235678693
2019-02-07,-7.534444765391659,-2.320757339876304,2.451924739034653,0.37485126028619936,1.0257631423675853,1.0184932195178678,0.06331695545436478,0.036776485434190764
2019-02-08,-4.64760816496344,-2.494834795295784,-1.0847843069945213,0.6529771842199147,-0.7277642464994031,-1.4497180636682858,-0.0023900863316210284,-0.11672895036438959
2019-02-11,4.383648912990948,2.9483937858252167,0.012156481620240005,-0.5441375187115458,-0.09803979662973318,-0.13907762125049905,0.3275430704764376,0.514229336560268
2019-02-12,1.7342700650943035,1.0837580164844065,-0.2555164246474525,-0.38592601190058945,0.03504544739020575,0.02413646925242196,0.15195667998575257,-0.13543550036369711
2019-02-13,0.6639555137523673,-0.30196104163252196,-0.517340389485829,0.3108045601510305,-0.21959881411030865,0.27425817655798906,-0.41108477706757507,-0.29607149826208495
2019-02-14,-3.040388583109715,-2.200405715956585,-0.578151798015402,-0.04478238533214835,0.39775077566803213,0.36868826753467426,-0.3284690684278049,0.0998320429862306
2019-02-15,0.393622610055916,0.7472130523066158,0.3936436455690109,0.29944056524064305,0.27777370002889934,0.34239643476722326,0.026010042553369247,-0.08856567210652083
2019-02-18,0.12989411872785833,0.6661741129290369,-0.20556109659390445,-1.074338388667778,-0.027441203658360728,-1.261862079692282,0.04336416307043443,-1.0161767715369907
2019-02-19,-2.8668011253408903,-0.8126112326338164,-0.14339861352810612,0.21031385576189887,-0.4485543485608132,0.5039935829690256,-0.49666282408466195,-0.030476866146554808
2019-02-20,-2.572651762360227,-1.6625838852797432,-0.35512980454184273,0.11868293768718702,-0.2888358408306957,0.0015426323359038355,0.19047826092463932,0.10243848061744781
2019-02-21,4.413959664109601,1.0174839817688501,-0.6518183387900578,-0.2342561762391226,0.40907455665393583,-0.16619483999859366,0.021664882468424743,0.011916882348494962
2019-02-22,-3.603041479041909,-0.43850339542234834,1.0887579257728508,0.6757365951082799,0.6938059049061187,1.0601595134719002,0.32575031224471956,0.7441162827490757
2019-02-25,0.7525457741440158,-0.5397499040297611,-0.5919224314200582,0.08383825614999041,-0.6642889185477618,-1.033087162609156,-0.4919809754786496,-0.7326338864823637
2019-02-26,1.0490654356364733,-0.022129909848283363,1.2030821743267817,-0.1309647954808739,-0.4310154977761028,-0.6636968943091995,0.6023704926869325,0.6403165683048146
2019-02-27,6.065838321048854,2.553886435213332,-1.0933373019152668,-0.8017515160370949,0.5229130578582002,0.7874756734645331,-0.4173010008991035,-0.6114904876277885
2019-02-28,5.948589501594706,2.3047191708377484,0.3905773032487419,1.2388851918288495,0.10947951862563475,0.5666136505755845,0.057098124682232056,0.6145624496150888
2019-03-01,2.670736125707186,0.6683866790736303,-0.3674615962116629,-0.5583997083980804,0.7675196717203905,-0.3735790864790756,0.3180378482627372,-0.42859068950858314
2019-03-04,-5.987544746451057,-1.6030115858094134,0.7030819759895588,0.51964438615105,0.034544663018331055,0.6896812399045632,-0.16149871917291037,0.4927938375917801
2019-03-05,-1.6175217030285756,0.8487037695364462,-0.3315887982829756,0.873953753624163,-0.9799143474794645,-0.29654981324760854,0.1455153908736795,1.3758992895935414
2019-03-06,-7.425983432897785,-1.9588267140819224,0.7985891017013953,-0.0445940986473243,1.1828574093265862,0.7264707858401249,-0.5057924309769717,-1.1559296889658455
2019-03-07,-14.329001278724496,-3.446323902711563,-0.11405664728226618,-1.4375655518960668,-0.3510004420427458,-2.1699499733946657,0.6906819682987841,-0.15648940037571824
2019-03-08,-3.1098726114886897,-3.808096661123116,-1.241195441394346,1.267817112985873,0.13663075266926503,2.301966719708814,-0.38732556100588983,0.681849355314177
2019-03-11,1.9305053035216588,0.6190533344329391,-1.025736835127074,-1.1649528277961614,-0.1824250818120259,-0.9879112876137116,-0.3889309211799103,-1.2585230030681949
2019-03-12,-0.00582352565016728,1.3097180797620749,1.4578177979267775,1.2498265038958412,0.5229482956339341,1.0873417739288798,0.2771072151670877,1.119832808964007
2019-03-13,3.56754053747108,0.37809212288451954,-0.2432705586845263,-1.6582306817988488,0.31309157492841094,-0.9027798928779555,-0.15121058694341993,-1.9776765009610422
2019-03-14,-1.399274716330471,-0.2614304261299685,-0.7703584853011467,0.5904031874787756,-0.29236173766495704,-0.5888058298355481,0.4261442674150557,0.7277050118045377
2019-03-15,-1.2562686696322085,-0.2433918350193017,0.414270589828712,0.4795411176032133,-0.06912939962143819,-0.07594988894443055,-0.05417952306778067,0.02058225082248245
2019-03-18,-1.6819344588529266,-1.4946957701549353,0.4416731962582611,-0.4066212465963861,-0.21568002944841894,0.3756370229903693,-0.19694753597445483,0.05553833177322123
2019-03-19,3.7876438088436175,1.6567881567523994,-0.514710303957847,-0.10630115992887827,-0.3646418924693363,0.04763301312956895,-0.21919258593095903,-0.026498054531006763
2019-03-20,-6.031772429135438,-3.2927461277309704,0.3302440298262328,1.0463385746905345,-0.07318488778018532,0.10006158926726341,-0.24362604800063845,-0.0076302834373412586
2019-03-21,-1.3943174494742792,-0.46186712832675414,-0.3205940318060921,-0.7683905349001487,0.6595308829268535,0.35209547968173976,0.458392953027801,0.5581252453184397
2019-03-22,-12.60046367258625,-7.5086408437771714,-1.6917715117229943,-0.5308270481698525,-1.7376532123157675,-0.9500851614467488,0.08249761971861523,0.37040303673827313
2019-03-25,-3.6576761566152003,-1.9682577796340193,-0.47305404844349846,-0.5806391961958607,0.7100039546828472,0.3012980244145715,0.24963929588370987,-0.794943099149046
2019-03-26,3.211740545253034,1.6427122743669689,-0.01877220550263929,0.5006936274744409,0.09854055503644188,1.211061816948608,0.14611921612324635,1.0089645267017648
2019-03-27,-14.680741188863724,-0.16777712883454418,2.094172709931343,0.1817570270566985,-0.7701596043065927,-0.6804157126713729,-0.21240776912933723,0.5355725819086612
2019-03-28,6.563796820364568,0.6616762060618946,-1.055375062533642,-0.041834333808939916,0.7161130010617456,-0.7376098079036334,-0.3261936944818535,-1.5660322841841385
2019-03-29,2.564008694309099,3.0629308734202825,1.667271589234173,1.0362789836517134,0.8534364742407305,1.0610127079225755,0.06853855591253728,0.6409619643952225
2019-04-01,5.399478403190633,3.3600908417899316,-0.2794899920455744,-0.9304445509312025,-0.0385159552547212,-0.36475223349751407,0.17667548218560766,-0.27764947026878006
2019-04-02,-2.542671201910793,-0.6755235257579258,-0.3492003775174735,1.0465756281276277,0.2976861475420946,-0.2031519823687037,-0.002983818568259747,0.1238278528055967
2019-04-03,7.636693913344535,4.494446856327059,1.3288805628245828,-0.12151128333494646,-0.14849766730447445,0.9396142340208166,-0.16317098889075013,0.6043430681000453
2019-04-04,-3.6875339918475696,-3.470806534294903,-1.8329649235847665,-1.0299538775240535,-1.0044082888510582,-1.396823600270492,-0.1763668975818418,-1.051666312911895
2019-04-05,0.9779340759825076,1.6818992196820894,-0.09649213420041124,0.9014377125026194,0.8063218042152653,0.6502938614512629,0.37120287560453036,0.5664047208078363
2019-04-08,-0.21503943543303847,-0.9101903960282741,-0.06708603059051985,-1.0858386584968043,-0.9832969511138113,-0.810944256199874,-0.17150049322879624,-0.6645601280322331
2019-04-09,-2.5322921609759077,-0.49987394986333733,0.47098992853272126,-0.06543056804662789,0.3892036410180299,-0.11505476006188968,0.2961946061568328,-0.08623233265892771
2019-04-10,-8.268019893376213,-0.004292138865344777,0.30881273371997925,0.058729535409790576,0.15847717978879713,-0.004932025360669851,-0.3411066542217813,-0.12739374036984746
2019-04-11,3.9187201261097555,0.11081783190844632,-0.2649765692047184,0.6646760369871059,0.01682181201651641,-0.09767518321193872,0.18823220354475387,0.184447408734345
2019-04-12,10.976333108488532,4.320405792815053,-0.7230554708147625,-0.8668038229039668,-0.03535765363246892,0.3258911798230741,0.09253594291666857,0.08388690869478575
2019-04-15,1.2584482733384994,1.647428030680645,1.5521528014036006,0.6888540301136558,0.09396826909916399,1.0041861133343941,0.13828865137492566,1.374529250639673
2019-04-16,2.5452364745178024,0.8740611495610447,-0.25496492778297697,0.24393609216011958,-0.1720681710379035,-0.15180239777100935,-0.3664120893294683,-0.6777245521059208
2019-04-17,1.3052950282230846,0.729030140893156,-0.33170464223357154,-0.34333538168805106,0.35108591254562826,0.48240252399107447,0.14533575367676477,-0.08447711996931745
2019-04-18,-10.204005663553332,-4.386981684504958,-0.298666016392597,0.49264367874869996,0.6755127206935757,-0.9102130082942919,0.42021540191168844,-0.23373680224903884
2019-04-19,-0.6729507794837505,-0.5656472811189589,-0.4810169420004526,-0.33703636136070364,-0.38491576097169494,-0.6561571920645285,-0.10249830195587153,-0.4139944140941619
2019-04-22,-0.13477170236342564,0.7821093208631664,0.3303834783798349,0.34103546893102543,0.32746732698480135,1.0705832970727227,-0.09886910618353502,0.28201407841191595
2019-04-23,3.033006125015,0.672128182283062,0.647387007224084,-0.01913583373092203,-0.5511328772499393,0.3424068000393354,0.10426755362267948,0.9117992391572407
2019-04-24,-9.964680237828999,-4.8469475383614355,-0.03562174644655321,0.4294560168073803,-0.36912434355971124,-0.07239691176903734,-0.26892307012876554,-0.19691908830458607
2019-04-25,1.6930572606474068,0.28393267901619673,-0.39849814400743794,-0.5818805063348922,0.38803576557424413,-0.9790523562423674,-0.1279635155931392,-1.0309206750657445
2019-04-26,-0.6260607476512656,0.2768078232248031,0.5400466586622457,0.5993809323484195,0.5311458645397752,1.0222893278356044,0.07775771713577295,0.672641975507111
2019-04-29,2.607810677382331,-0.4202303060645486,-1.0498420084069933,-0.38667790576051314,-0.6656479943496771,-1.4908371292989353,0.15918156486762378,-0.32204665596276044
2019-04-30,0.2613698312453424,1.4372803871403297,0.4317211977282636,0.34951357331763905,0.027244691735966126,1.1082900440284422,-0.13505112617254342,0.22442085316457383
2019-05-01,-0.21497626054074234,0.017372689086019737,-0.019720221230987666,0.057004299034859686,-0.03561803925465223,0.027473902051098707,0.14944964314200526,-0.02883703142318454
2019-05-02,1.5056888037299407,0.5918115322967454,0.2264429161209825,0.013804673247432304,0.5817099845692084,-0.3326569801129722,0.19547920838846106,0.024664295538306073
2019-05-03,0.6115437411287936,1.5707887454818719,0.1845728476614613,0.11153279221994618,0.0674834231772273,1.3356567888364859,-0.16507588466767598,0.6516448151587243
2019-05-06,-3.7725193920525633,-2.017302828788662,-0.5757668138657344,-0.895506768182729,-0.6214203407028263,-1.8437159037248243,-0.03212135641079274,-1.1711739364304028
2019-05-07,-7.92141651098874,-3.2851411609909604,0.10378719451944378,0.22375429303047603,-0.016596744877312438,0.27428805992977306,-0.5683155757527422,0.011848917719742898
2019-05-08,1.0930181048342147,0.8836758180567886,0.02853850842666578,0.0010303348095897433,0.3715062953930271,0.7019039130792067,0.27947548506241227,0.10037154421609835
2019-05-09,-1.6199626777546965,-0.4610024788470215,-0.8698679566863503,0.4559134669468696,-0.369089599126723,-1.1034745201669847,0.08914301187561649,-0.04633460466574476
2019-05-10,1.876175243973171,1.3664651470207023,0.0004260356670667838,-0.21571811804508761,0.15134921201857213,0.09879334455575937,0.08227171166838684,-0.09662675234821615
2019-05-13,-6.805719359442405,-3.717880365560674,-0.26165815059831554,-0.08355495242318699,-0.17214525511726447,-0.4758383188986481,0.33725592154083484,0.19357044723014805
2019-05-14,-3.459622832146801,-0.5141490595960361,0.08667692142438248,-0.35065857114398125,0.042395874526994615,0.25756417427432676,-0.3237919360428024,-0.012756236333143446
2019-05-15,-3.111516858695992,0.43188056000531816,-0.21799156669714537,0.5250879838899434,0.5463042901200436,0.9641148026310471,0.3712103413223339,0.7125227627404834
2019-05-16,1.4698923812713682,0.49951860956773836,-0.8430509895548614,-0.9985302264570627,-0.817112660370326,-1.4383398670250223,-0.12437431311102856,0.028633614674547413
2019-05-17,-2.1446211413155067,2.259974471749831,0.23460941440483363,0.6555667519376598,0.4302987021264873,1.5506545669648402,-0.2103864090364714,0.6378769796726572
2019-05-20,1.8974906352377798,0.7600721719824889,0.24198890604397919,-0.04434440674508332,0.08757212351362456,-1.273593243991577,0.3143128902711749,-1.5535948613471449
2019-05-21,0.9913659958131456,0.5955812360711527,-0.21852477382773322,-0.3351669785867331,0.4605679055060194,0.1613391312865289,-0.3007358750987218,0.22651426266761704
2019-05-22,-3.728535552189516,-0.8759794121444275,0.40325424556970024,0.7716691462474392,-0.7566173846570171,0.38099753458034913,-0.30920426541202345,-0.2156188860821027
2019-05-23,-6.21319306895412,-1.4921400011828805,-0.035143062940780116,-0.057719341050143834,0.4686003097846661,-0.23002569195312564,0.49362519241140557,0.2280056955682745
2019-05-24,0.8746140151781452,-1.057545320191348,-0.06923421509981073,-0.13278451107241476,0.1948280942421657,0.19423235930611224,-0.6212772225490122,-0.047253636746582166
2019-05-27,-1.5876744243269616,-1.030601009981398,-0.2625503567963472,0.07740620459531501,0.18203200542909972,0.527624412120622,0.1329256124625425,0.7940682161285412
2019-05-28,-4.527862323789254,-0.5624876391339967,0.8578132526121606,0.4442049546410646,-0.011467405999313946,0.5931226404959864,-0.08742561159549327,0.48403217712648017
2019-05-29,-3.4579266652672254,-0.5108851349748259,-0.6460363687193503,0.1945389163537939,-0.23364691531660772,-0.5944018227492882,0.672409216162934,-0.22656686825243227
2019-05-30,-0.6047780959574175,0.23054826393080263,-0.18191526138435987,-0.019203322917456373,-0.4318081224100698,0.4140255414829731,0.08162351525379971,0.1264264064459099
2019-05-31,-7.326868354627558,-2.6253734482122075,-1.3815815024173805,-0.9263989361509875,0.4026967307078153,-1.1883595188518996,-0.4570061984104161,-0.9613477235801794
2019-06-03,-2.5349344875460806,-1.6866677080997636,-0.7069022984262149,-0.3522629798296021,-0.6390189435017615,0.24080392495580466,0.49263009078304293,-0.5270800116846808
2019-06-04,-3.019501966158355,-2.2745065355707887,-0.46047577592630656,0.27394804343974866,0.2393215837271478,-0.19267125107414967,-0.29232728253054474,0.5242204720054303
2019-06-05,-7.198555235832049,1.0570751880236735,1.2715469968996718,0.41335854396724175,-0.12677411589861243,-0.46599856240075943,0.36466427694217146,-0.17389629858236394
2019-06-06,1.070328701177204,-2.673870904773911,-0.8336006883427363,-0.3353998113060098,-0.543924331760366,-0.14162613986081526,-0.05837214484263347,-0.16283951869866833
2019-06-07,-6.736508780972727,-1.9983430384907677,-1.0870388070491492,-0.3684833884268969,0.4186685621557554,0.18100273592505947,-0.06953835582158079,0.34047556244734695
2019-06-10,7.718731278074017,6.507699882174871,1.8757910421505894,0.3959420736165796,0.2914542442859507,-0.17142153112724612,0.06461880480405369,-0.0708359671373487
2019-06-11,-3.437698638086675,-1.990487557309044,-0.05156303544054392,0.41200127373510315,0.04027343888497767,0.09144412329263968,-0.18621479415677142,0.014735565709767529
2019-06-12,-1.1223101968947709,0.33107036630896497,0.5648336033241065,-1.2435376721133502,-0.18479734382887947,0.6005811380374169,-0.27505162007714795,0.0434029256461911
2019-06-13,-3.384205226200837,0.24932527600398288,-1.5717395634252807,0.41871424821878844,0.10243171815767221,-0.39007851432344587,0.44760652224557,-0.26817435458998884
2019-06-14,-3.5165301724674367,-2.2770000371240253,-0.3931585336386524,0.17644502857000435,-0.35458749233068193,-0.1854230956936225,0.0431189938433477,-0.029506504808861692
2019-06-17,2.6673968783257105,1.8145101409636852,-0.056796645115990745,-0.340924755549827,0.17869166362229963,0.17917070490689851,0.17955757373207662,-0.1066368866976767
2019-06-18,-16.70757671444129,0.6475942865005488,-0.6780352383222484,0.34594184818450147,0.5886568184833749,-1.0081557596840323,-0.43739321731597214,0.6500259886148578
2019-06-19,3.786463611355808,1.5091733567691772,-0.5035746179522848,2.083950633224884,-1.504525315816297,-0.3497564798048337,1.7071532998064103,-1.0899454945253724
2019-06-20,-3.4719449315216493,-1.2792125608619827,-2.5494804700149856,-2.2102095341898393,1.4602825868281497,0.20445752412162285,-0.2473383581730604,0.5448298408897059
2019-06-21,6.248212339451608,2.3880202516720543,0.70614948394682,0.08879018696107407,-0.4535990347723818,0.27617114946409027,-0.3842556282920226,0.030545904900001555
2019-06-24,-6.030243708969895,-2.0129433883971215,-0.3501346959263473,0.1240121334450056,-0.19433531148250113,0.007295912113661633,-0.09648635475024277,-0.04968205367394824
2019-06-25,-3.073187432968798,-2.770617258363121,-1.2084334992242372,0.3176267659882331,0.6854253227028699,0.2966859578786603,-0.16563805869351314,0.06769637469984227
2019-06-26,4.14957527573283,0.9026766069799079,0.5727116385462986,-0.1536732737531437,-0.40517056432603993,-0.0007404907206278247,0.4096736876420324,-0.18816260355982278
2019-06-27,-5.133579578137492,-0.8186878366280245,-0.2740450223663423,0.6104726288240082,-0.02027955721203129,-0.08880973284150122,0.011571822189882001,-0.06715750416531957
2019-06-28,-2.41010023069039,1.2660904637897084,0.8760422446001763,-0.6352930566834407,0.5327876214152816,0.21733188543943283,0.13479022389481096,0.016137443298118472
2019-07-01,-5.150686938851553,0.6183236513090844,0.8855547868457694,1.0142330168659446,-0.4845771853809761,-0.14778915321086533,-0.24711400396083544,0.06261898472207703
2019-07-02,-1.4553853951808864,0.5546187996945179,-0.711745063565602,0.22236317603136788,0.9713979606462948,0.10489833704111062,0.00728434874195042,0.030518815851236534
2019-07-03,-8.231239439767238,-4.228051317355129,-2.064226776166323,-0.3968590633934582,0.18054822285126113,0.04211232931985857,-0.31365072776507785,0.37785271767606043
2019-07-04,-5.956238934758552,-3.811149881424047,-0.4348372761277058,0.5411738565553742,-0.4755460300103149,0.06681302595126519,0.235945181372736,-0.25667430049727546
2019-07-05,5.117588383777889,2.6118885279335733,0.5052754327796517,-0.023787642501975327,-0.36034744487459264,-0.23800304620795584,-0.12337469075125611,0.22242734625341787
2019-07-08,-0.6230149536496906,-1.4000985879519714,-1.0428370427367162,-0.6940103223901218,-0.022568579797739168,0.058482269282003625,0.09811500914641394,0.02037231502861017
2019-07-09,7.0607323163671865,1.8081099528925595,-0.06181836376621226,0.17966870296372625,0.28216126707446904,-0.15208854338241878,-0.3429199865952959,0.31431269493280856
2019-07-10,6.4987706733324,3.5081458046603973,-0.3435946773656255,-0.2426817790331634,-0.41846849415677034,0.21753910256973913,0.19800256238054814,-0.311223499821241
2019-07-11,11.065138705148158,6.973432049384951,0.4616185504095356,-0.2282073963851038,-0.02611502389755212,0.3905277289085068,0.20061621556078105,-0.3001217636152279
2019-07-12,-1.4039291399572607,2.7970607369824987,0.6018687603219642,0.4279821303965102,0.2517766327194471,-0.8784502730594321,0.3381268297893211,0.22891207966909508
2019-07-15,-8.83346300095658,-3.1599193407972916,-0.4822962598397196,-0.07010526340079462,0.036135159856263185,0.05512478448906292,0.14785922485467565,0.042244664155507206
2019-07-16,-4.62172935818582,-0.9858770539430997,0.13408474607994592,-0.20393659623757912,-0.3332717521211497,-0.011141653126750072,-0.19570067924799922,-0.14568450371738728
2019-07-17,-6.97487302835,-3.8998133899141174,-0.9698300365035618,0.8305389709731041,0.9012917505103988,-0.3029143264847215,-0.5394790371369655,0.5608283813814426
2019-07-18,-3.549580759201998,1.9849048619074043,0.07012462750377807,-0.38223339828402747,-1.7274054043504365,1.560502875534052,-0.6976547905058996,-0.7243367733993343
2019-07-19,-3.488072175432305,0.2492474526161175,2.0067995494618756,0.13210872804706153,1.2296462882480605,-1.3014303267086405,0.9840236425777187,0.24622685477628406
2019-07-22,-2.6537006615985117,-0.9553846794556443,-0.4765754980009183,0.30367000246379156,0.19649568175866278,0.21876051700946236,-0.11749756118490502,0.18087116114414567
2019-07-23,-0.9059386518272926,-1.1680017068302402,-0.749997063363749,0.6146357956139408,-0.11240462834179955,0.22754839560596699,0.1463129556106712,-0.49431049055675425
2019-07-24,-5.757946576133749,-3.476626704002929,-0.7422508125570368,-0.5743605454019505,0.16455238836116903,-0.2003533985716141,0.2720031449203436,0.1003274356604017
2019-07-25,-2.4640844268590594,-0.6539008845012592,-0.38977466253579357,1.027259996282923,0.32049347527841215,-0.13152944304124198,0.04772586593142224,-0.08381554220976108
2019-07-26,1.1286950369716908,-1.4794596062972034,0.21271761998849492,-1.3648733127973982,-0.5019618849840396,-0.07520884562054747,-0.18367361606065127,0.4016113345135479
2019-07-29,-0.8245658615496312,-2.4577622644343715,-0.4869336523492979,0.0035902980993728815,0.7046637378236869,-0.168691048547647,0.022093980150673435,0.1924066628971821
2019-07-30,-1.0583054554515672,-0.9787620042333157,-0.094068360960419,0.9831119060009614,-0.7156681889330309,0.39684639618338924,0.1477078536827992,-0.4132863998520024
2019-07-31,-8.458461428952303,-2.2977570207737457,-1.259406553021321,-0.5760026084667199,-0.24054132608681694,0.040435332464932784,-0.12359092773756797,0.20737061667494086
2019-08-01,-8.766788816018273,-1.3205520549847958,0.05045551852648593,0.50347011002116,-1.0201778425964947,-0.5778786182202513,-0.8728824106407302,0.44257630313865237
2019-08-02,-7.45710013483383,-8.849912357076859,-3.1124305530647574,-2.2491854233075235,-0.16584691203336163,0.07136539153859182,1.5191400408994085,-0.3910409236685976
2019-08-05,-6.642302158817484,0.38537069228541776,0.20310928597020755,0.5094610692494862,-0.15912788172286382,-0.25584584500844954,0.06809154433293439,0.018547019559199907
2019-08-06,0.2580843732999301,-0.20363143542297982,-1.505080712513609,-0.3747635088034639,0.05517678585123173,-0.09490524752042177,0.17378236707927375,0.055656440166892106
2019-08-07,-10.369680743578293,-1.3404286649984924,-0.493232366185833,0.4671906014492988,0.028874112631837992,-0.6926958387816781,0.4623680680694948,-0.020827225560022235
2019-08-08,-0.5406962092222233,1.0133706453482172,1.1013746246571183,1.2406415993865867,-0.14002786901941716,1.4941948593683063,1.7967223111231332,-2.278895842216582
2019-08-09,1.3936895372969502,2.0213580807076643,-0.16772278645310593,-1.5444979464040935,0.41003063194996653,-1.3522171967832013,-2.169837694386882,2.50159350095764
2019-08-12,-3.9284309781983193,-2.2187843023898144,-1.2442554729133275,0.6287287011914758,0.0008969387099058817,-0.1343618210327946,0.3409480767188681,-0.2242975128564949
2019-08-13,-3.5833030902594967,-3.025355875018623,-1.2365866014409994,-0.47323509261745017,-0.03634933060865071,0.0008184826207513604,-0.15132629348124593,-0.10618328802043374
2019-08-14,-14.61829139884563,-8.276050406539259,-0.9673090403543005,0.3818820530890649,-0.7758072820665075,0.3752870920346679,-0.08815749214976887,0.8809788715908162
2019-08-15,-26.325938539427877,-6.683396702065137,-2.53139463157805,0.5345130716154208,-0.4002940954181793,-0.46255820806833875,0.6236688146119208,-1.3365875994538374
2019-08-16,0.4685461304031078,1.2706238571147246,-0.3227761221526232,-1.082218607221826,0.4106402336859326,0.1882773999192757,-0.6144659248518112,0.33270928037083564
2019-08-19,19.65359587787718,7.380928138582628,1.5502501854430777,0.7155923011252,0.8780311200082016,-1.0412317577190453,-0.0008742272381498422,0.20173453857172285
2019-08-20,-5.2939237690610845,-1.2382567408244478,0.5899302882690679,0.10051745953094089,-0.35049247038375164,-0.6652230633231824,-0.8120747086165117,0.08955101411131366
2019-08-21,7.352539629293502,-1.3497622676155798,-0.006581720741660778,-0.25884539264749623,-0.3765746767755668,0.0745375151698639,0.5566479639644959,0.0624577357319491
2019-08-22,10.56846844057141,1.9922264558265779,0.6606368087268638,-0.23412706956275778,0.2656911917431322,1.3046957326975572,-0.19772005646241686,-0.07265664306626039
2019-08-23,-8.415371675742328,1.2207810682464941,0.3596533227467011,0.03226159027339298,-1.0605314690756928,0.02668911327695095,0.4882764061595159,-0.017214211530311434
2019-08-26,1.8867294578754106,1.0679272573234224,-0.6737691632712005,0.07165435658028167,0.867023193420583,-0.059784828851758835,-0.1592260914808868,-0.29457663963607195
2019-08-27,-14.026310154385921,-5.8485055217977875,-1.69482299305639,-0.6789137041358222,-0.1505236713063392,-0.4593426731313473,0.34654230382988394,-0.08921157231171528
2019-08-28,-4.002738790200254,-4.637970377085527,-1.6081268212556543,-0.059974137521470516,-0.9183735733388606,-0.4618708403533277,0.34468037208939895,0.25095901239134627
2019-08-29,1.9393714804624205,4.7348015006959345,1.1545185030688858,0.7996454636265105,0.4552231899942712,0.0338772847247448,0.08391436273624336,-1.0707764483844977
2019-08-30,-0.6682363704598604,1.018233099465105,1.155378394454697,-0.9915014692060217,-0.034406875788830824,0.3541654289958771,-0.7602379584752329,1.0831217159413529
2019-09-02,1.4874958425820972,4.0110632467831495,-0.6822940506153141,0.4777870451409791,0.27870310395781883,-0.34183134940099774,0.6818894266514207,-0.14625081153265104
2019-09-03,0.28752856574345154,-1.6917152315211488,-0.833401376662783,0.019306928068150507,0.12693312612497193,-0.8626267357852646,-0.5427277462973538,-0.11006325513855081
2019-09-04,2.9699371950555156,2.269940567946621,0.9166431580750948,1.2111329122518169,0.10374920192938715,0.9280872570744015,-0.0972506852426694,-0.14496757154528708
2019-09-05,21.3928978283099,9.797799105749071,4.247873146194565,1.0478409800063722,1.5806265224905096,-0.147940722902408,0.26026964235301986,0.40073036063552175
2019-09-06,-10.432705747656184,-7.452578206776875,-1.3509565158895533,-0.7617277207824489,-1.483363876290957,0.1751542911322544,-0.7737104185185419,0.25084769039425103
2019-09-09,9.371663571914858,5.384202018780706,0.8768500298886154,0.36473133355610887,0.12556340539325048,-0.2680150843389327,0.6043442314812619,-0.24706452753617725
2019-09-10,8.690546139862501,4.036550511431311,1.087325410092039,-0.49970054488375215,0.6740765755235406,0.223311896808066,-0.3595752282670906,0.12044394211794288
2019-09-11,-1.3247943440935774,-1.6276077686458956,0.47628012781897533,1.3758138331015073,0.06943617260267608,-0.25853854742229154,-0.10332612663028884,-0.06395231626790739
2019-09-12,15.078045023704943,-2.7725141804846514,-0.7291937463380118,-0.7152548618890994,-0.6677078117978729,1.071674747091104,-0.1591816386322937,-0.26997642414313405
2019-09-13,18.874677394482166,8.599812356187806,3.278301087288904,-0.2572862588991998,1.922870950001239,-0.4209179196100967,-1.1357812004787189,0.7773744280632897
2019-09-16,-9.997135164303558,-5.738654710753133,-0.2078098718236162,-0.5457084556138738,-1.0590976366063445,0.6213388970626268,0.1523903719920354,-0.2339726114112124
2019-09-17,-4.324233480989438,-2.383933135961957,-0.889333053598665,0.008713932427937205,0.20961708381729116,-0.0003978093974390623,0.45507461249126674,-0.4504449930159571
2019-09-18,-5.807492201471755,-3.6819463071308913,-1.2097397777443888,-0.022719050571916026,-0.06319276834296657,-0.49881559797923164,0.00836765264256443,0.3124208267055303
2019-09-19,-0.8821156942772326,-2.8593447485060373,-0.20412429534489873,-0.030709304108161695,-0.38627501454641994,0.38259480351692327,0.37496666301112686,-0.31096134135068243
2019-09-20,-5.902147388733144,-4.705991880307353,-0.2522152794661133,0.3624308779296212,-1.167077487630665,0.24169148647048563,0.05025129182616375,-0.16863111698251376
2019-09-23,-9.22650319679115,-2.15805293198396,-1.8472858677273567,-0.5907066249558827,0.3255609767920361,-0.15349842038206918,0.15721275081167163,-0.033136119125568964
2019-09-24,-9.65640975816353,-4.504497619702788,-2.039697625529114,-0.9420062428522585,-0.3479931341190574,-0.8528219375874317,0.4645542723065262,-0.1525372791454009
2019-09-25,9.822343011313677,3.924713356237088,0.6086035726548198,-0.12601176819460558,-0.3407367791127976,0.3209356912733669,-0.0045592146362583704,0.23401098443352045
2019-09-26,-1.478740453501477,0.7807984972394525,-1.1246240439558506,-0.5051365701669824,-0.061684146322175115,-0.1876275843211914,0.2566954018100676,0.08828060861043625
2019-09-27,-0.10904700886310457,2.490178860657099,1.2107472398402257,0.13811873725492535,0.15640175361795924,0.4660442675464896,-0.04185118010714459,-0.4218603581034257
2019-09-30,1.5028625778099285,0.7107832497610854,-0.028731058356040735,1.5696594896867797,0.370834619477261,-0.6401736253923495,0.08197896369356895,0.45839527613616293
2019-10-01,2.9960002935843004,2.495538906673078,0.6129538680283202,0.046223147231069656,0.8384322074252433,0.38763646031130927,-0.4039744597267395,-0.22085237113702025
2019-10-02,-1.1241504980262937,0.9337548300195782,0.08792708988475349,-0.7133903096949563,0.02542881520981274,-0.015029894783099698,-0.38291415230137105,0.31902167413983457
2019-10-03,-7.137497757362672,-2.186966980133526,-0.4974425668989513,0.8022549966377208,-0.5866071331691959,-0.12186333706983694,0.5146984418174527,-0.2187534061263502
2019-10-04,-0.5296485820991346,1.346872977481001,0.12587824294070707,-0.6805289002974882,0.09374373594359674,0.2860991302356728,-0.14321341789748024,-0.07223098818175472
2019-10-07,3.128282897883105,0.7335709283309524,-0.045134395979233244,0.37837380574871443,-0.08745307397279654,-0.5323365046446312,0.16053342145879665,0.4736135922037032
2019-10-08,-1.6701598127062043,0.2487299962259532,-0.3576099559532515,-0.827336409242441,0.20368069763074662,0.6576680070665414,-0.011246854958766464,-0.3376327645866395
2019-10-09,8.050502817756936,1.0518033549403565,0.18748285692976666,0.5640465991234485,0.22438310939222336,0.2602607919365441,-0.5503940583394608,-0.15965084637255064
2019-10-10,13.284178932521494,3.3101760067146437,1.1939616241213133,-0.2562066751560284,-0.5099121487614151,-0.6952839068377549,0.43293221632443746,0.5136890297229911
2019-10-11,8.83955980353481,2.6451303775375314,1.5728004451324773,1.5712596138620916,0.5260423147905259,0.6668102431500569,-0.5165715311618363,-0.4557766628523798
2019-10-14,-3.93471382819452,-1.530388453448422,-0.10830266453749499,-1.5924347090774902,-0.03349618099846472,0.25217997033050193,-0.09636234613047799,0.04023632977104336
2019-10-15,13.017219602297143,3.027651802105728,0.3966517900907897,0.3975646202139055,0.1886458673788622,0.050194718792408353,0.10440198925504979,-0.03388664398910953
2019-10-16,2.266409226089048,0.5640082108185404,0.37725293768263074,0.9028884186479804,-0.11628681029234009,-0.27626045452846815,0.3734423937039828,-0.24968376135115108
2019-10-17,-2.3062667987385144,-2.7911902939598456,-0.6155268147990901,-1.2195045698813471,0.23309021162142604,0.45409348685185086,-0.6900508742207422,0.35580299882746735
2019-10-18,8.148495923318757,2.8559218637594648,-0.6568576095208363,0.17745092144696833,0.18537143408787107,0.5022435290881271,0.13933705146039146,-0.35299033121547496
2019-10-21,3.4927860233535117,3.3805157317942895,1.231104519789851,0.45279221871776226,-0.11284923438342809,-0.36528258723297935,0.07196151875937105,0.08618637272309257
2019-10-22,-9.237281836151404,-6.041937734831695,-1.2814286748644763,-0.47020929483621826,-0.17325150303794162,-0.1710006492490037,0.46441353071239305,-0.16396483401757206
2019-10-23,-2.3618454042146557,-1.89633231704366,-0.7889534898732387,-0.36254477239441574,-0.30660916002632815,-0.46870743375487506,-0.18146698944005518,0.36954326587212366
2019-10-24,1.1375048761601325,0.040044963753226165,0.7767127480431947,0.2774127823211891,-0.5397845405656233,0.6041186997200846,-0.4260920171270346,-0.11156600065499372
2019-10-25,8.79149722341186,3.6257640763828607,0.3322946968169009,0.06200912488687388,1.2642967357022314,-0.2119812199732776,0.5658611950159949,-0.09122028223336442
2019-10-28,4.116944726190114,2.262000166072486,-0.03541625490673603,0.2733503903300321,-0.40993138190326467,0.2028086553595291,-0.011332567783167269,-0.20562046965715644
2019-10-29,-2.176515622696015,-2.042698849780844,0.1732762363979775,-0.586378863482279,-0.02298488168237748,0.40555562924087335,-0.43134294932945505,0.14365538702919495
2019-10-30,-1.9550087237274902,1.2601603168591957,0.17869169902124452,0.5014271464203829,-0.5904128708155807,0.6523659699263261,0.9241149131298363,0.7700329829022564
2019-10-31,-8.736905317587652,-2.9333062930183273,-0.05201100107390906,-0.427981351990649,0.4205409079100695,-0.9956299568403638,-0.6718458598422219,-0.7144142485800747
2019-11-01,2.8984068596073054,2.2403132734883235,0.20661782537937812,0.16945375150642092,0.46416883156490474,0.0279567901826852,-0.2931902219421027,0.11741519968320073
2019-11-04,7.710030970885275,3.206754962841568,0.46435110237662164,0.5392004323378624,0.09826069380421108,0.2540649427027518,0.0397860688084391,-0.3730314851596714
2019-11-05,5.603174062182358,1.788889831374266,0.6217429975085186,-0.42462592861009935,0.01935656052094536,-0.0880856265702067,-0.08186698733008875,0.31818963151554797
2019-11-06,-5.470271214982263,-3.268632843812369,-0.11700035642759266,0.6898554345045639,-0.28960069864706617,0.0750639856062514,0.05611614243181601,-0.35363765570494543
2019-11-07,15.866681383794834,5.3849694351306265,-0.5296564967835811,-0.9356803444718489,-0.09624172774083468,0.043054702974201046,0.21662732267163734,0.13910326173484192
2019-11-08,-1.564861611588016,-1.4790128088925019,0.39399129002597366,-0.5523767985920112,-0.14936594429704603,0.08293450039242457,-0.5267427465804452,0.2390936162967548
2019-11-11,0.647423593482841,2.5645347669225473,-0.12999290881332295,0.34257957164680525,-0.04996169607836856,-0.2942091496200745,0.5943439783006734,-0.11070181858940696
2019-11-12,-4.291935862798632,-1.2793877804725737,0.18044086661684788,0.018194977583803666,0.1825959418565279,-0.06598417447210718,0.01405911821940777,-0.08850036831339762
2019-11-13,-6.08690981809323,-3.970820434481336,-1.4806189796179139,0.2958739710139878,0.25720946503185815,0.0676971024322756,0.19575629610806017,-0.024612916529870698
2019-11-14,-6.237000341743214,-3.4905466883636,0.8548326157874433,-0.3540658338000521,-0.19467907171305135,-0.27549967970539163,-0.12348876626766812,0.24175030986402798
2019-11-15,0.5606881541680426,1.3524807616939225,-0.18344899118462452,0.03493215506544953,-0.2871125713247999,-0.010019519239981636,0.11662977057760314,-0.08273007573612917
2019-11-18,1.4954446442057028,0.033579395058538936,-0.13584612882052804,0.15233914172875154,0.21476331099769425,0.16165737566373828,-0.06864285733203201,-0.0582198280046195
2019-11-19,-0.9432791458705524,-1.197274880330732,-0.42765790163187717,-0.046805792242541965,-0.019094527444566946,0.3546426194955395,-0.310644700293642,0.007457626725112673
2019-11-20,-3.385650957767467,-0.8188365897223866,-0.5052173866590456,0.33232404644139013,0.6852966493453471,-0.14006644443015845,0.5612410906033898,-0.10372089690585783
2019-11-21,5.430161403117309,2.087300660048128,-0.03930559540244771,-0.02451670810729355,-0.3621305082421705,0.08263298213444763,-0.6342953609757112,0.27707234060011143
2019-11-22,-6.2669892853027145,-3.2224796671788836,-0.6310298349005335,0.44292238673720136,-0.15646701872185123,0.06159452225113305,0.38262747924313145,-0.40833966346369294
2019-11-25,2.154343054398006,2.909159524754953,1.1874411362745652,-0.27449994261640137,-0.06680503216735799,-0.20997882506122828,-0.08149370942290653,0.2539526738149896
2019-11-26,-4.159403145622177,-1.3969080841255024,0.4848582807812273,0.2941410489433291,0.5435005360199451,0.12361547312301441,-0.4051151166667842,-0.031925911948432896
2019-11-27,-1.684093612590015,-0.8489336812406888,-0.8300735785807001,-0.28243629613820254,-0.4314225391508088,-0.1893427413429249,0.45505572909701086,0.10211814585615667
2019-11-28,0.8167254420158264,0.02982322045852991,-0.48983095973454266,0.08277207352425751,-0.21839516450692673,0.34168408673168177,-0.07479094059939106,-0.17866740045014395
2019-11-29,1.2414084868170887,-0.6924596874275899,-0.29749521918488264,0.3672507211670248,0.3583473882010858,-0.36904878469833124,-0.35242205478107025,0.4119071944820953
2019-12-02,13.40041984143006,5.313207379261434,0.6288107252092227,-0.4388874298846135,0.02085777406586825,-0.0878255665174387,0.7868824518490577,-0.24498247993673436
2019-12-03,-12.964025722528426,-5.274147434072886,-0.23832798043484796,-0.15668055689076946,-0.4915061917258582,0.5294614665078656,-0.411771366412924,-0.2900026646163379
2019-12-04,6.488734490832273,3.236068432244068,0.5199671079809117,0.2951768833555853,0.44002410673596165,-0.5080919905540933,-0.20337898756586767,0.3878366570388804
2019-12-05,3.8525026333498773,0.4854491117274202,-0.9176860542524129,-0.3282421353629936,0.0600042801968016,-0.2907538768587601,0.2872859734169035,0.07723396668944928
2019-12-06,1.8463988060532368,0.4849043819074485,-0.4210717333960547,0.27299065802379013,0.10173396626353758,0.699521836827057,-0.3441689968337889,-0.11333818915291582
2019-12-09,-2.6900624893742995,0.14903814504225305,0.2931482181595799,-0.2706073202169848,-0.0838301743760904,0.20404276008894193,-0.16535239934240115,-0.12730040815129187
2019-12-10,0.31738077275556226,1.316853623887752,0.5288176525425882,-0.4383066372039831,0.36066456546881814,-0.3574981997826922,0.31273976683901,0.2552606281434146
2019-12-11,-5.7791230288676,-1.3572377948884062,0.34273962942856084,0.8109030194704049,-0.32453086153347666,-0.010731516584251474,-0.15953125822734593,-0.13119358250638904
2019-12-12,8.991252854298624,3.301152561128844,-0.32781618431826914,-0.2702189612531397,0.026558652939308862,0.6827580771091357,0.3958055498625456,-0.23998278344417112
2019-12-13,-7.050862107862783,-4.32752935212048,-0.4582341560599776,-0.0889067550789787,0.05600758147239031,-0.5856551524388465,-0.10675323212686606,0.19576043699673262
2019-12-16,5.645121739609237,1.9208935828920093,-0.1829028638654046,0.5226588541029021,0.15757342230708585,0.03310703457113931,-0.3826732576996356,0.1211211006239575
2019-12-17,-3.372630370685488,-0.6140780927718746,0.16815230646288348,-0.46828181921362116,-0.3289627420885073,-0.14906595586074622,0.44730856535439995,-0.13242981320188085
2019-12-18,8.130610029581375,4.373788972562212,-0.5756472842973378,-0.1430203429840548,-0.22477732959825,-0.020669072565710156,-0.04266200210841477,0.09139613769364834
2019-12-19,0.7991457974623721,-0.030796528868584833,0.5959197654240992,0.4193896892599318,0.033867253888385955,-0.1070552572170103,0.1043275718960385,0.2617453350856021
2019-12-20,-0.6668641083474718,-1.3269001926360349,0.1686149215791404,-0.35147800909177046,-0.05481537046494084,0.1930871262177032,-0.3402653684081429,-0.4610207890072704
2019-12-23,3.010483811297471,1.2955797061572134,-0.19813161953856595,-0.4092093529647318,0.4322840094420078,-0.046868854935600814,0.23304626454299815,0.14909773845044524
2019-12-24,0.4984184820915257,-0.7992088780243564,0.09896847282427396,0.8708110058936904,0.13984036257189644,-0.1665699979953151,0.03198894069673171,0.03867904577003501
2019-12-25,-0.2007080523181631,0.05315108000151059,-0.030060814895986707,0.014499501737869156,0.007806995443770207,-0.008238474190014035,0.002930784714565099,0.0007240236457190396
2019-12-26,-0.2007080523181631,0.05315108000151059,-0.030060814895986707,0.014499501737869156,0.007806995443770207,-0.008238474190014035,0.002930784714565099,0.0007240236457190396
2019-12-27,-2.1490310131010317,-0.18522092176112892,0.7044010016329038,-0.11199769486144308,-0.39781443790897414,0.32498479115423023,-0.3006471527817807,-0.08790256761898416
2019-12-30,10.06002177199265,3.99383279605087,-0.16022179378934565,0.33537031773533627,-0.5270694992948854,-0.007307173608601241,0.4190296328321292,-0.3671334772401234
2019-12-31,0.7079652111675305,0.5595461003980104,-0.2691076190338389,-0.5896344012603391,0.0023676769489709235,-0.003949902747354909,-0.15944010316955243,0.30738923680256564
2020-01-01,-0.18434180463940483,0.068775130887005,-0.012874816260222553,0.030196073097636753,0.10903144007446487,0.09289731400552972,-0.027532146156068506,-0.005869008079431014
2020-01-02,-9.303817884208767,-4.574367652130145,0.21416712879107924,-0.11619548580421613,0.5326196589027469,-0.25518441590539565,-0.04916655707028289,0.09132502354832389
2020-01-03,-10.213034464868471,-2.1114078970220467,0.10197104706776902,0.14703305398273842,-0.03195586150824427,0.026137019720210767,-0.14261383431767055,0.008514593986971125
2020-01-06,-1.272972796163877,-0.8677321693986375,-0.08725325546173256,0.615200784288807,-0.044938421451875286,0.08677609467907849,-0.3314763336220558,0.22314566348415713
2020-01-07,0.057600513448148295,1.256905759011111,0.6869117401358746,-0.34388132722018505,0.5441207762680177,-0.41384171717052914,0.01985932659878945,0.3773297281060009
2020-01-08,6.368916539960279,3.109039716495733,-0.8623380486563978,0.4812147552910923,0.4678458909308154,-0.13148639240302312,0.8210347891252107,-0.38326665254731984
2020-01-09,1.7801086976063005,-0.9887903829464129,-0.38839538416163844,0.08867886567499098,-0.935546971374581,0.7863887810236426,-0.7364622295183056,-0.22010518299832776
2020-01-10,-0.05836100939012898,0.7087698286471331,-0.4669389062343751,-0.05856508836621989,0.25513463735721786,-0.32224395359922237,0.28283112745167965,0.17816660409814394
2020-01-13,7.28616633198962,2.60196240097636,0.27093623960050794,-0.18644580633427213,0.4636882382511368,0.33774827894320075,-0.25191476892319575,0.11825598916312915
2020-01-14,-1.1948151447666984,-0.9977100590167896,-0.5900326785948313,-0.21718508297133118,-0.1250172533639003,0.14837939688831536,0.24098947215410432,-0.12155574999074738
2020-01-15,-6.681393498796513,-2.7250038218021717,0.8838715289448346,0.7645313715484592,-0.00895288059895372,-0.4198567806175124,0.18934442318324415,-0.1502421391177202
2020-01-16,-1.3470012766322053,-0.2543325580267224,-0.6331104586002059,-0.307641147933631,-0.39563397601103767,0.6896308112402023,-0.27017015788711746,-0.13946122325592766
2020-01-17,-0.12298329288557852,0.11536550419467118,-0.01640092786078083,0.002139032394012454,-0.03339614352613466,-0.09523526324806396,-0.01837580132318609,-0.004637217001475909
2020-01-20,0.13810387677449057,0.4069200980820995,0.15522337769913844,0.09770238917615061,0.055416851413923246,-0.023630778713609468,-0.048679074658707494,0.06100509064474822
2020-01-21,-5.380367729795473,-3.841591031512743,-0.362478509370529,-0.24962266224397753,0.8363405647507627,-0.39612785179393256,0.6215508303396912,0.04795392552143911
2020-01-22,-2.938770416606427,-0.8874289761013282,-0.19933889675365216,0.1875625463083791,-0.5686165027939853,0.4272701279213884,-0.41985864731022177,-0.16967276409045498
2020-01-23,-6.738033165925335,-2.813602602753673,0.9594685598963653,0.58285334541008,0.6920533430201896,-0.6376655069271614,-0.8795517457153437,1.0068365103939418
2020-01-24,-6.799809945456884,-2.433667804757954,-0.41988230290257145,-0.8777371147944022,-0.06992685084966278,0.43260041055445414,0.7679774641052288,-0.6288481891901346
2020-01-27,-12.73430223036021,-3.5984576395624193,-0.898270767495036,1.2875275544716311,-0.8625472209217859,-0.614203673976728,0.39055133841877737,0.2565009099436981
2020-01-28,7.309588187381784,3.977065551841709,-0.2783264892516183,-0.442731183634762,0.3644425294040936,0.31634935896839034,-0.5925164954258325,-0.022647668166387098
2020-01-29,-7.613478807599174,-2.0694350820899188,0.7003040371055744,-0.05643751520100502,-0.0013742141408121119,0.03911994245830977,0.24221009294869267,-0.22268397789249486
2020-01-30,-2.6158337364169024,0.4390906572607743,-0.5368911670332752,-0.12123466244348817,0.9166363187295057,-0.18424945855285743,-0.9862431340938589,-0.0007444472371511775
2020-01-31,-8.202860935742594,-1.7620263648511851,-1.0413686421937474,-0.25138266198720155,-1.1994687855737622,-0.3949764022892734,1.336384656872252,0.10398564199887979
2020-02-03,-0.5399934418335921,-1.25488157522638,-0.18974151071891715,-0.009259691449378575,0.15151782813372902,-0.31041609923362806,0.13488014637977097,0.3586329769929934
2020-02-04,7.757888651604084,2.393125126352194,0.3781108476206527,-0.10394058267355905,0.34052929269324295,0.604438297737194,-0.6884283312076247,-0.2007044399123373
2020-02-05,8.307146508653503,4.3569326616862725,0.422501963776098,0.23284563033306188,0.21532830820648455,0.10715523671619429,0.7645505443993893,-0.4293240014432579
2020-02-06,-1.5504315157035777,-0.9027417665350926,-0.12488144587024987,0.025982232012238024,0.24930980521226742,-0.0915353445208207,-0.4609854497208812,0.2555031139737407
2020-02-07,-5.808516206448561,-0.8617120443534805,0.17835839343183157,0.02662750143081049,-0.700061128846803,-0.147361415262822,0.38823933542082617,-0.19067180185938562
2020-02-10,-4.523962732398397,-3.4921358954806068,-0.483552367373413,-0.5192274135185834,0.27157000088242483,-0.16407656013918956,-0.11327249362186502,0.5558191420147931
2020-02-11,2.8082616940920677,3.653703226543805,-0.3035009867323096,0.4625999579557917,-0.512940530176595,0.2504337495024941,0.4701670292786438,-0.4466714901861928
2020-02-12,0.28398971036077764,0.5332620139171014,-0.9715508623997711,0.12309515478673155,0.8375094734514243,-0.16307638952038445,-0.38304553855195506,0.15885795555379537
2020-02-13,-4.4058738958051835,-2.2483712104871043,0.3280704682504573,0.837145053104342,-0.41789438574462134,-0.21498822740992043,0.007022392039680413,0.024968370414571287
2020-02-14,-1.6039328498294922,0.6550748902637317,0.1352959010351824,-0.6939700330198161,0.02487351595141227,-0.2539303282550892,-0.6422176379403651,0.7124850288820792
2020-02-17,-1.3596101632034936,-0.5550931368538216,0.04913639508556651,0.39918368944072713,-0.19984436477043585,0.4351729194430466,0.5746887263507698,-0.7065176977505868
2020-02-18,-2.354605483461812,-0.9821892973347881,-0.23221308303104798,-0.6934336016895924,0.5225283386341911,-0.23330759211848892,0.05135300914887542,0.28147740284056666
2020-02-19,-2.6771738027010734,-2.6763834475810366,0.33937175452084173,0.45758995589838464,-0.6419549289385015,0.6528361516233515,-0.5187936862859077,-0.43807255005226153
2020-02-20,-4.980425469807411,-4.10201444267613,-2.794994362364184,-0.4313614798868052,-0.4070729658167914,-0.43679941545949397,0.49808772141993024,0.29103609133453995
2020-02-21,-0.29734201340090033,-0.9359678561996527,-0.10431887593663502,0.045791627616504585,0.23084592694523834,-0.5910971959266231,0.5188208445326362,0.014828723336736275
2020-02-24,-7.7375923129824375,-2.1057645321568255,-0.33997260184989025,-0.9925178356548293,-0.5760123684647278,0.08058817575190654,-0.3419435071335535,0.331112108835802
2020-02-25,-4.737266429331844,0.8038115220124945,-0.3259827545797992,-0.21944483662930747,-0.1309243010201934,0.39694510634488167,0.3456100272381765,-0.7241884366530381
2020-02-26,4.763514770208984,4.2117880504416405,0.05293829652501193,0.4135840328869248,0.3306082414623807,-0.3580778028294824,0.35103705490697046,0.09186581015800795
2020-02-27,-5.578793145068159,-4.0110063908797375,-0.9197767518283592,0.040530451783450834,-0.13427883723768286,0.055347657302141924,-0.1489647134672369,0.042543945857866215
2020-02-28,-9.829879469855044,-0.4723924562794777,-2.8067468975970193,0.15443097503757092,-1.3730005745472291,-0.2438159381884527,-0.17389407795871714,0.07073877302628745
2020-03-02,-5.260432896712997,1.8144156016157147,0.10801429329391415,-0.8762439157593112,2.629661402258963,-1.6191141691586142,-0.6253071904228823,-0.8005369975071772
2020-03-03,-5.115356398603538,1.7212389245902517,-0.6206549324532847,1.9792306409256792,-2.1890248679284126,1.988781183348167,2.1710877664085486,1.497180594453117
2020-03-04,1.1203789175425731,0.5956115216573761,1.2290248730466797,-1.9323017153029038,2.5067121752483685,-1.8356671875761885,-2.219078064330993,-1.6680144260970604
2020-03-05,-3.1412768907950412,-0.7506574300190584,-0.9094625868304995,1.293629205756432,-1.704230434572745,0.34167669445298615,0.9363839686454272,0.90060116837071
2020-03-06,-2.119586873290781,-7.516902165757532,-3.1140891890014437,-1.6956030208969544,-1.9391521354335663,-0.13287571625434186,1.860596179149315,0.2586217931003336
2020-03-09,-19.324950667327958,-9.919618547322782,-3.408316380946964,-0.9902981440939312,-0.6183595488048141,-1.1014496406036587,-0.2147768628234578,-1.1295368173258262
2020-03-10,11.474007562352458,4.2111489176730785,-3.4291666122963016,-3.3349096723115284,-1.2416263970817503,-1.084515980040939,0.4996580402482303,-0.8198929533961334
2020-03-11,-4.176892816939321,0.2585705889055562,-2.082087513641143,-0.10133295947175981,-0.7090132336277152,-0.9450898942018698,-0.3990815235087053,-0.6078736197740005
2020-03-12,8.95189809866509,-3.22142898941005,1.1483899403031557,-1.3718141594056137,0.2851993432748965,0.06692205492972886,1.0859824777587153,-0.027870991916520677
2020-03-13,28.466310058023637,4.065912848081574,2.0708381199063224,0.3077802151800786,-1.2042978689591368,-0.14336189571628077,0.1458747051173821,0.28310007982880586
2020-03-16,4.083692266813896,0.16082013932617564,-1.3453640172705954,-1.4397746901314397,-1.8196391156338199,-0.07109611046053041,0.5069043661891603,-0.04811855631037284
2020-03-17,5.741731966575435,1.2395455713420336,-0.8654748416192607,0.3540960767905911,-0.5399966820260234,0.1290253311388382,0.47937225687844914,0.10419191835080614
2020-03-18,29.786405115551187,13.439535827506445,-0.8438965673289889,-0.1681140495104605,0.5618501546392263,0.9708683754979368,-2.0090843671605665,-0.07959964281746028
2020-03-19,9.034924817077744,-7.685637770484282,3.642563695247316,1.3442386544204863,1.2898482346462776,0.4074385503624413,0.5598502857942642,-0.13884375275258573
2020-03-20,-12.715094756223369,-1.0439862613191087,2.366043149797736,-0.7318035926485671,-2.1032019929143653,-1.292706531177377,2.045692200077093,0.7878969542303625
2020-03-23,-6.105571741011168,-4.629379803315174,1.3312652352458878,1.707219574949324,2.339897959993347,2.0040463964767925,-2.370051203253951,-0.2219804909495801
2020-03-24,11.093136409143819,4.710368239748321,1.7195804388895906,0.6248663350754533,1.0849462240650678,0.3117312668510864,-0.2649080015141472,-0.48390599054269806
2020-03-25,10.893850004212549,7.099403672181529,1.971876701529567,-1.283990877618803,-1.7225782318147518,-1.0291338594031016,1.544218818639187,1.1886826200322995
2020-03-26,-14.625132882771192,-3.3014596144776536,3.58257460987216,2.483722355563445,3.295415841968706,1.5862028656377825,-2.1998191848097295,-0.6056064496210087
2020-03-27,-16.95695521961267,-3.459676493245791,-0.045153485720754206,-0.4695270916515939,-0.25868541652384625,0.6874313494224584,-0.05595145872721669,0.10642146748145767
2020-03-30,-1.5770977861073512,-2.069936930316995,-0.02461495272843264,0.3572760540652148,-0.06446632070694147,-1.221358765982197,-0.4697359244862712,0.25395333938393055
2020-03-31,4.315861414887587,1.9332483873171227,-0.5274991561623357,-0.14368660898963795,0.09699761651526051,0.6093073920628599,-0.24659746099670782,0.2051363635852697
2020-04-01,-1.412495792090543,-2.580100405814674,-0.06520589757265388,-0.7068982418258756,-0.06974557826770957,-0.17641503937216657,0.4940473683213294,-0.41208821874744267
2020-04-02,-0.6752546041995039,-3.410168882432572,-1.0524447250391673,-0.8760441415696615,-0.7784646999636724,-0.5346556849159708,0.0494951632894213,0.3533953542760394
2020-04-03,-1.4475780310657809,1.336871484068675,-0.19038653506308487,-0.13521188921053143,-1.5085897425772732,-0.18087422918530333,2.2395414104294065,-1.2194686173370726
2020-04-06,2.9404731200973733,1.1531725482437065,2.351522212602065,0.847330294805489,1.6937916609772707,0.10996426356895092,-2.814636978628306,0.7662855718332149
2020-04-07,17.781680500799432,-0.17016818582586055,0.479604941097161,-0.9469097624411795,-0.7092946199729459,0.9714313596725558,0.45619030455564924,-0.504777283567436
2020-04-08,-1.6524783998678974,-1.7808023516320177,1.1406629261468717,0.1756815523007924,-0.010226520978072761,-0.3191484742207419,0.2370121134394746,-0.024168405295859324
2020-04-09,-7.726346079645667,0.04055263373509137,-0.6181589375796418,-1.084580757147509,-0.20230732820824632,0.1407990824001104,-0.330848771233408,0.4936821650445425
2020-04-10,-0.659506345007872,0.5728946018874357,0.16631570635976445,-0.7780504846461611,0.48801992032854524,-0.2537321831193092,0.5046862164164855,0.007162305416301305
2020-04-13,0.2615889528844743,2.3456569984399884,0.17186628537345872,0.4358767763533903,-0.34660534800975384,0.06443740478424163,-0.46817925846340713,-0.10618793153022377
2020-04-14,-6.787204052172199,-3.1615434059746876,-0.4409027196551415,0.4686931269483856,0.46933461778360436,0.7190981957276166,-0.6055244270719294,0.2826508998269727
2020-04-15,-8.572615900713188,-4.834295096421035,-0.35001079717498224,0.15945189280479405,-0.6496171786756089,-0.5520974847043255,0.7206013793673789,-0.1532545893322274
2020-04-16,-6.162497278315819,-3.3969984166972007,0.9180074771840544,-0.34266958376585044,-0.11676248192233538,-0.3515362182767307,-0.26792780532307453,0.020703051081965258
2020-04-17,2.418265269359368,1.018308948798348,-0.2040851211297786,0.3345160528072388,-0.012794378960351543,0.5082572731682699,-0.348586051794319,0.12720570811696036
2020-04-20,8.58553274133361,-0.6019873821526788,1.1519787690320227,0.38150444275477474,0.7622471523545514,-0.45811836585437293,0.12190342669208502,-0.32056984472023564
2020-04-21,1.793354917209025,-5.40320418944853,0.4587061037774674,-0.1366860362384888,-1.1022409295121272,0.23084547462260968,0.4538403300931441,0.07530908267351596
2020-04-22,12.329321505850931,1.312716474812323,2.071058442666123,-1.5809296384772145,0.0962391490268234,0.17184589084719268,-0.9606854586936012,0.35491482361076676
2020-04-23,-6.395763225923823,-1.4039556152810029,-0.6839025900453818,-0.3383970617331512,-0.10314105649384965,-0.7287139082941261,0.4807586794454532,0.06375262624204535
2020-04-24,-14.71050174958959,3.4082142914626066,-1.5782800863101136,1.2370366020591912,-0.31725907196043285,0.2896267371827968,-0.13709481920669997,-0.5276310024545375
2020-04-27,3.9811842157964166,1.6502425096083317,-1.5530268031648167,-0.5127128616700399,0.5370175082156653,-0.23274436992056916,0.667677779659382,0.31304199378496195
2020-04-28,-5.945916196194898,2.473803447071746,-0.8782072609445156,1.3241473892109004,-0.07307663785073942,0.02829865136024345,-0.07561416438723118,-0.35204939586680334
2020-04-29,-4.451370353192891,-1.262831191208791,-0.06561171255265039,-0.38100600248086935,0.011115109535552248,0.12157649957076039,-0.4827660713663362,0.19974133081476733
2020-04-30,-15.798734717489324,-1.6858073372352351,-0.1906753714272827,-0.23299209868983997,-0.46870246488540723,-0.14831073776081508,0.5521293248113454,0.2696814671743386
2020-05-01,-0.22103547413458308,0.1274818484277262,0.09194214327948905,0.052985776017472515,0.07302222792968885,-0.17650898880057903,-0.22443055721997704,0.006610043880261604
2020-05-04,3.5736135999641747,1.4604157793208206,1.7672297892517401,0.8078236752604931,0.20113312486912133,0.36270901265469935,-0.03955726359610352,-0.6849895510668893
2020-05-05,-2.608557552134083,-0.8302275891730864,0.2177212636345686,-0.4565810381332632,0.8060977129629286,-0.4552582903214858,-0.5271331629353142,0.8195814625859154
2020-05-06,10.26262416430784,1.7587559077843196,1.7588521510459874,-0.4411466940657039,-1.0343006698584887,0.39032353480052184,-0.20142579121167484,0.3849978443493803
2020-05-07,-5.545637231393712,-4.65689441226485,0.5671972623556838,0.38651434247408845,0.20142857421392268,0.3885021104227782,0.36964595143899004,-0.9714996430728536
2020-05-08,3.6166986185589636,4.475490893618838,-1.6680809196064725,-0.6282104732581267,0.5674764036559756,-0.3322064627762765,0.4269030363016545,0.6535588667796586
2020-05-11,0.5445686487027022,-2.1474224210160853,0.20475112912878804,0.7130583241284155,-0.8488744068546219,-0.11137981623846567,-0.43506717479048423,-0.14939077950232565
2020-05-12,-3.9089290494566535,-3.3848108992560357,-0.17700114729906785,-1.8443073372927639,0.724696037811046,-0.3710002461243824,0.9643630288397269,0.07408734663621117
2020-05-13,-3.3058987806656317,-1.2309550803893172,-1.1023900117566119,1.1348363934782624,-0.3718461317699338,0.5766142631200611,-0.605832106481059,-0.37282085044290014
2020-05-14,-1.6160322921554975,-1.7261947539305065,1.1846291004355287,0.187318857162409,0.058511706107442246,-0.35442668088473456,0.1340094806573559,-0.18861353922060844
2020-05-15,2.6062462232185912,-1.6315092826908026,-0.6794694686287234,-0.2056970015387823,-0.3604515044263118,0.42596712078009713,-0.4037746179154739,0.6115848522005936
2020-05-18,4.181743730718729,3.758369578432129,-0.03405787552598806,0.4541366269911315,0.7254382043994855,0.03630372836734338,0.20828187586652627,-0.4030430370916077
2020-05-19,1.2604119801344087,-0.9469661857871994,-0.6057668462510797,-0.8092980545282706,-1.1376520543466841,0.043672508280772106,-0.1702878105424633,0.006887674971771684
2020-05-20,-0.1643816886900407,0.1007509539338548,0.0046281179582032695,0.04154072197622114,0.03801643824496009,0.04160142718494904,0.011040714458444909,0.03262544193340246
2020-05-21,-3.015974397384037,1.7030344150983805,-0.5873353868166666,0.31914309575398786,1.0654181780578773,-0.15802190297728522,0.5127868096136776,0.195321206999013
2020-05-22,-1.0800574271613514,0.1911604453768446,0.8262310927315426,0.6725044184175334,-0.18251016094800063,-0.5095486727964367,-0.3074776693074036,0.3495876746849275
2020-05-25,-12.029359643614127,10.814526333198769,-4.007595298031053,3.1050967170683488,1.9993440095830897,1.2441013886858625,1.1865048831422413,-1.6080985341164287
2020-05-26,20.62644163669292,-10.523355927949416,3.8009325985021367,-3.7076268488771786,-1.9609854257882728,-0.012827565132998835,-1.2659151087505276,1.4307120235353497
2020-05-27,-2.4923897273466507,0.9476416333247649,-0.07703734064639406,0.43107945188999325,0.40633292475886096,0.27329229680715567,0.002520772745388256,0.1564591900315411
2020-05-28,0.8636892668589162,1.0734127133267763,0.41501000978206476,0.16178912033764828,-0.12048669165378546,-0.2982906872061859,-0.046162965677569806,0.37933004976523266
2020-05-29,-5.2820259554541,0.3380738371585224,-0.5643699430872974,0.60878038036464,0.716624994858325,-0.48567633577457225,0.47833792942877656,0.06388699808886239
2020-06-01,5.022657708799681,3.044118066673595,0.24587357334068236,0.49586156712371593,-0.03859503528352483,0.913384051052832,0.24621215506660635,-0.6640995115607706
2020-06-02,0.12658450067307317,2.9025301778255863,-0.940372007600183,0.35011907996894553,0.4082722124839502,-0.5315178113608129,0.1856760001095451,0.23529150704122248
2020-06-03,6.837947893017504,1.74890350350387,0.3120061231345003,-0.1628540579472139,0.22754625727247027,0.11955700776103846,-1.0660688865614674,0.3826988926696941
2020-06-04,5.242338974816823,4.87402263912501,1.7260578950291317,0.7079550803117957,0.05500939522981224,0.09601698214450692,0.4028618553255013,-0.21037022086527396
2020-06-05,2.896774556681981,3.684356971765917,-0.18471020990663126,0.30289440802479994,0.536517820984254,0.20789457377961396,-0.8071538851882762,-0.24921876446342342
2020-06-08,-7.695911787620636,-1.876572246297565,-0.2949070522237166,0.16669392889757192,-0.49304796540869356,-0.7851268930513478,0.7666487105024815,0.529123304321609
2020-06-09,4.566372081962241,-0.07524030022173843,-0.3113445725423681,-0.21751105336405446,-0.5531891595761901,-0.06323133661106108,-0.4301620948178325,-0.2446386745645926
2020-06-10,-3.3893261423172563,-3.6336758197610344,-1.0333331996481288,-0.22561320483199956,0.42836514330233616,-0.18332102811615414,0.42944320428786276,0.1631327579720489
2020-06-11,-12.978003487692257,-5.38923558209648,-0.5281655486630323,-0.031068962104484187,-1.131433918466151,1.1292568190703225,0.9320581818674782,-1.8202429844113392
2020-06-12,-4.598051803726187,0.5427844553469056,0.5437105218079442,-0.022509655035658875,0.9304435793613369,-1.2190612775612553,-1.1215414160004133,1.5406123338373796
2020-06-15,-0.5633863294099265,0.2226969827751065,-0.7719809133642169,0.5407045304847187,0.2726369577090787,0.043678533405595375,0.38395947227268273,0.40614768360585063
2020-06-16,1.820893291435981,1.3411368515182336,0.07929649053393638,-0.1549078570179999,0.897128646215216,0.6187672024849021,-0.3296641625490757,-0.6066591089745832
2020-06-17,-0.8448232533170297,1.9275017130039764,-0.25320746630852004,0.08439309609500507,-0.632857279308855,-0.6286682921098997,0.5683525292535562,0.18005653249654324
2020-06-18,-5.836927809572991,-2.0919246477304787,-1.2643544400834532,-0.05689619729273889,0.37135496141164465,0.24159092171057472,-0.19317271172371245,-0.0070502464919273014
2020-06-19,-1.6822769535664297,1.6347041491236203,0.12521095405233057,0.38908052882130667,0.06657313805298123,-0.36563922583376185,-0.10334248585390238,0.31175528813727216
2020-06-22,-4.782926169477732,1.1879283445835327,0.25553665778329626,0.023759895845977187,0.2169033837007628,-0.0860911868232288,-0.5095635602378722,-0.5007470295645974
2020-06-23,4.656720032856125,2.811908214844229,-0.34048613381897036,0.6763708598081807,0.21621939808315296,1.5584420333546143,1.2376272896197236,-1.1995738116988965
2020-06-24,-4.317393741668018,-2.1123232663629614,-0.6744699674219089,0.16214752674650154,-0.35469917793651196,-0.4223925011271068,-0.0866148294789961,0.1041841338478056
2020-06-25,-2.81326198594378,-1.35691762344523,-0.956294771258896,-0.18915307827848127,-0.2850732647954825,-0.3095211872330911,0.3930720547950405,-0.36413779890346787
2020-06-26,-3.1304967166592093,-1.2472347751208641,-0.7166043765900941,0.05927933108217579,-0.06979034069234329,-0.9943165231026627,-1.2598922306126654,1.3694075085002908
2020-06-29,1.0277706958465822,0.6743864131332827,-0.14579655294288615,-0.2787635435326662,0.25814421529891374,0.13800613091778413,-0.11685899960016571,1.062375025999839
2020-06-30,0.3726810933160339,2.696077876156519,0.9676677325076034,0.8532831715896682,0.9999161955907366,-0.540266344584339,0.11643542653982168,-0.8863638610151515
2020-07-01,6.200448193292819,2.4051429359260963,-0.8968739599065118,0.1472863104434092,-1.3180911531757524,0.10906134671115308,0.10712413365471,0.4820910993283044
2020-07-02,-4.707443188442973,-1.5707219162108261,0.8425228055089807,0.4822040799886229,0.670610941552503,0.022446213059482627,-0.057815288815543715,-0.7191957298105
2020-07-03,-0.19701766480747085,2.57956242348536,-1.141623632726249,-0.06521099510774965,0.5585179043379286,1.1143243750009693,1.2309034573467244,-0.9779279589179821
2020-07-06,-1.0533920823873413,-0.7467590552558885,1.369849790405123,0.2061726076334399,0.3962674833500325,-0.67452172608402,-1.475865622886479,1.1533782217757151
2020-07-07,-0.6994997606242446,-1.2951914850803925,-0.782025655686208,0.24275101299859184,-0.16739262565741808,-0.22243426720009457,0.10696481049466848,-0.020047621420218518
2020-07-08,1.0776668968309635,-1.859456955494696,-0.7868913752343175,-0.5074261453794336,-1.1671862754375149,-0.15082786794442124,-0.2880611245636028,0.28067384177311866
2020-07-09,-5.8557923360410395,-0.7988920463692083,-0.576617943152577,0.33812622782025054,0.9604447399461157,0.025277104765657633,0.28874632414535295,-0.23666345211629541
2020-07-10,-1.564016910131363,0.51338166086261,-0.28436153939738723,-0.3340105119107038,0.05238332068465065,-0.26794982704865006,0.1208763553001818,-0.0461853502218443
2020-07-13,9.17565687269334,1.0241678370417298,0.7850972143779918,-0.19288536849925794,-0.35065206597643367,-0.1504404154808003,-0.008127080648145222,0.2360527007348898
2020-07-14,-5.293821426601384,-3.395237438852545,-0.9828208182157032,-0.5973814431772552,0.11790444661466709,0.2987527753033932,0.733169598203834,-0.4944012779809008
2020-07-15,-1.4683666474811257,1.1194248620389895,-0.13179965513550684,0.8354595835093016,-0.3812353178659183,-0.43391156699045075,-0.5284474132940562,0.12304069288981509
2020-07-16,-2.803651356586522,1.1324253838863603,0.4637239985984686,0.6129102907124692,0.688451643241053,-0.50831722298697,-1.053506400218943,0.4019955028911336
2020-07-17,2.7421485848001583,1.392487935827766,-0.730405268690591,-0.6870508122953465,-0.5226362396790968,0.3170063056724828,1.1379561024237919,0.1016187140747957
2020-07-20,-2.8201889155885094,-1.5315839261585116,0.021160579430101523,0.34324305148825063,0.10891395141254175,-0.1860613672345625,-0.42289171215051446,-0.9652317816579347
2020-07-21,-3.3367228320606146,-0.08559230895656461,0.5534388215522242,-0.16840583870780723,-0.013493375840212572,-0.3235888253976278,-0.7884039995950944,0.5651928830849229
2020-07-22,-3.384241664445517,-1.4012251619647507,-0.0011937871929300578,-0.19434573472657882,0.44306525695354365,0.3962349241976016,0.6330954875588967,-0.2781985682154207
2020-07-23,0.6696108273856152,0.41086691774911677,-0.3428298109101768,-0.20858216061854642,-0.6193518189248987,-0.04023117252657046,0.7818284016002449,0.07793377258266976
2020-07-24,5.533696124328007,0.971713795009606,-0.8947599674191035,0.07892681238879248,0.5430495942710123,-0.11373993376077636,-1.0079873475169292,-0.2028075637866222
2020-07-27,-6.45205757693504,-2.6992383531462236,-0.378885781298967,-0.14830289888894083,-0.476935301736107,0.5893661054953109,0.36341519448229365,0.08036517200186627
2020-07-28,-4.429672971109933,-0.5548103719759183,0.7753965620623471,0.369262901071138,-0.07819832571480462,0.4980045485654543,-0.07099840072377259,0.21998527220363648
2020-07-29,4.520498471750359,2.6782552947651355,-0.4324947746847573,-1.0119101844725757,-0.1058647922912656,-0.6579429880461015,-0.07281084712654542,0.05357151497112759
2020-07-30,-9.741462381085995,-0.9438783456460988,-2.055378252244719,1.6497970742247607,0.7862171022966911,-0.9068992472395752,-0.31899644463121785,0.28157927002229305
2020-07-31,2.9002460823722283,3.3718710711381004,0.6307534156001731,0.20158218435752293,0.2892999229603167,0.628333295411137,0.907105705320494,-0.19243788892191419
2020-08-03,0.5567136854408561,0.46481718892472107,-0.5352568134278414,0.7298570418941907,-0.04891835208792009,-0.6481675685067005,-0.08116512004094253,-0.45817115691386723
2020-08-04,-7.552063345561431,-2.8461049545646064,-0.7942749636431096,0.25726817169825367,0.09640157670779347,0.5929777325573151,-0.10880845195286785,0.4164574985794591
2020-08-05,8.182655855625637,3.003285664759599,0.0232928171420541,-0.28816151526799244,0.05125732443411122,0.08602529659745144,-0.027842570788375494,0.051168335034685375
2020-08-06,-3.3631408071706987,-1.297542889332475,0.2512344966618675,-0.023114547775958547,0.2590747072229664,0.13596526981436674,-0.015357265007310099,-0.00547014176144852
2020-08-07,4.242710864717631,2.1392644902307696,-0.18041587971738549,0.3564617737327503,0.09180756764882812,-0.03178971474442679,-0.023384410316846942,0.004052664930204146
2020-08-10,-5.658551418771635,-1.43178561236283,0.21596622481729247,0.3584759228617738,0.2683892347670476,0.00776329990139449,-0.03156906290798444,0.023314390172694856
2020-08-11,9.406527490889488,4.322083926238126,-0.7703204917250471,-0.24875494734574988,-0.521777739024364,0.972999153129253,1.3567646897077015,-1.2934153672201132
2020-08-12,3.319732730189288,0.7024008623199586,0.4352199951327431,0.630792744583964,0.33045809498931666,-0.11854404931340284,-0.029176587101022673,0.13916494387119213
2020-08-13,7.221467592827458,2.9190099051791916,-0.4631050654610615,-0.29148339212216295,-0.25247389646969437,-0.06389118540692859,0.519725613173135,-0.2592543808292817
2020-08-14,-1.9850736428126163,0.018593921914001783,0.08961052198095826,0.005710970356355561,0.22695923511059904,-0.1608913123910953,-0.3869803426307496,0.27346106685953225
2020-08-17,-5.635377981766207,-1.7269058578984058,0.7324804403774793,0.6895062968143516,0.2343213653418301,-0.7345166345723082,-0.7455482675746057,1.6267458865552509
2020-08-18,-3.222378184082845,0.012962554612787868,-0.739855506237719,-0.0551804027455153,-0.15579377107296163,-0.5423092641274834,-0.06058515009787115,-0.30456208943213015
2020-08-19,-1.42394869562941,0.09523795139692375,0.4337670436226273,-0.3720726715857385,1.004360367416112,-0.16508709041445394,-0.39000111547732974,-0.07153320085232227
2020-08-20,-4.758773762141298,-0.9024797703032011,-0.7468287735619711,0.29457563127585407,-0.43749573237775774,-0.18129074741187814,0.4897885564375178,-0.7363890066377385
2020-08-21,-2.082975924454254,0.07542682965647803,0.3756346442000228,0.5437389725082336,-0.2802874166557566,0.8268814923136345,-0.3834360453030296,0.2874035476360147
2020-08-24,2.3454396676125366,1.9311070349629593,0.38814704155564533,-0.2344919111044079,0.11916288091483238,-0.8162829421000947,-0.6822619157261314,0.715702102025143
2020-08-25,8.731524202042449,2.0098695269078153,0.16367575753323962,-0.14104024077725,0.0992995697669788,0.3459202213421808,0.7245243079848165,0.11367054681206046
2020-08-26,0.2438612716536681,0.5810535673523743,0.3088051506231106,0.20258276926926772,0.26516490857811553,0.13684917589798828,-0.14748173844472331,-0.058976672627069765
2020-08-27,6.452565704745941,4.734188558142154,0.6857268423662544,-0.44144692373449074,0.30425301020564044,-0.41932949889327675,-0.2541315877775056,0.5214352632053957
2020-08-28,-2.437395451780966,0.5358388251588753,0.8082250136307112,0.5229324593454304,-0.1109871892721559,0.5593651250100362,0.016435292297960143,-0.6375913679881651
2020-08-31,0.8151245964100704,-0.9613650538980248,-0.6241878007406545,-0.029419317148541946,0.020816937746674147,-0.2357912142323701,0.3369886935235014,0.07675764342513494
2020-09-01,-4.698488061958038,-0.9070494390752661,0.518698458941339,0.16915787130733229,-0.3017482024436111,0.12918927839072897,-0.13101188082847992,-0.01608522312522341
2020-09-02,-10.155083702869774,-1.7399162236678702,-1.110310601823215,-0.11003859805999829,0.31244581808033084,-0.7542243521673487,0.0983603071604329,0.15743769760654985
2020-09-03,-2.000138259001352,-0.4748113996478681,-0.3430655941492551,-0.2005403381908083,-0.13656126734762628,0.17122686558487688,-1.0873149977874164,0.045518632934634935
2020-09-04,3.037673254032914,1.8231290251903856,-0.3936645279700582,-0.5218800991896558,-0.28802683923261657,0.29219590573571436,0.8549041681409041,0.07225535468883375
2020-09-07,-0.7036000507753347,0.7087250893417221,-0.1010050577646866,1.1447338954049544,0.028453057766980573,0.11428861625887755,0.7146407566523352,0.20318205386964666
2020-09-08,-5.237039301774576,-2.9722914365445545,0.8054628869619156,-0.7469648277558987,0.49218376342541814,-0.7103302232626028,-1.2097661949214098,-0.3514828778654674
2020-09-09,7.540739608771068,2.638428056740479,-0.5608716955772853,0.43857910317526705,-0.7110404718077764,0.23577555275151246,0.9088763153650409,-0.15991698522438264
2020-09-10,2.532081762508413,-0.2961185860359765,0.3867421678659888,-0.15943263075132358,-0.09129886054500409,0.0365148714654423,-0.04797905444120907,-0.03770475272289846
2020-09-11,-8.072719808310147,-2.1735579653468373,-0.19327272898889422,0.07254038407762473,0.9979688900686543,-0.4616541793129287,-0.7225764702571529,0.14537433207042091
2020-09-14,-0.7147512507958903,1.064820659610774,-0.8338634603570456,0.5804303226146522,-0.7985252930683896,0.3227178352716021,0.636833799284726,-0.7572146247768816
2020-09-15,0.22977206667446767,-0.0732905024377463,-0.4564065678652631,-0.4277405459243368,0.45068644133289143,0.1427500205825209,-0.3578200931210563,0.2875541258791246
2020-09-16,-0.7269522163387051,-0.16553807394807554,0.14150937163259078,0.05450608056970952,0.06154377329797899,-0.5217745465893754,-0.5628195115513617,0.34717018374761466
2020-09-17,-4.28122298882186,-0.8311599069227161,0.2430614738501913,0.048027631760435535,-0.4461133087013829,0.4932056466652021,0.4104086262058075,-0.4582356380901687
2020-09-18,1.1362126212627257,1.758802398332178,-0.8626366669695668,-0.6699837131855825,0.7962865654588094,-0.44987333296388005,0.6080953051996077,0.02955793062478174
2020-09-21,-4.99537915743016,-0.4225441254639228,-0.8554450250170955,0.018505381107134372,-0.13755077620393427,0.1403813421357531,-1.0457551734984025,0.3401484679310561
2020-09-22,2.361895486455915,0.5771345661527092,0.3149118736458054,0.9422651731776811,-0.06712900745625913,0.15752192711635957,0.6984344257848426,-0.21006469153514104
2020-09-23,-0.5922465211788069,-0.9298451019397155,0.26576455842822816,-0.6160135307237794,-0.5247145413095494,0.3926182232320892,0.2524448785535584,0.3733286882518861
2020-09-24,0.7953331346077152,-0.7340685333820949,-0.6764219429066245,-0.47225893630898413,0.6173044688387761,-0.1229102542380529,0.5780336858780319,-0.32804734873567815
2020-09-25,-3.4073527335613436,-0.9164785429975018,0.1753131718942829,0.23957362626805392,-0.6058113035694851,-0.6610006506789381,-1.386892979770043,0.4010682183205358
2020-09-28,1.57397907846167,1.2388018291959981,-0.005340867925898066,-0.04831082760568593,-0.35058549255225907,0.1611166658473924,0.7203324911091492,-0.4536658180999012
2020-09-29,-2.8245964469989415,-2.0967536718170536,-0.6148760591221055,-0.07987960610199009,0.4597787105199404,0.48393105125112484,-0.28153975686033694,0.01996466983585679
2020-09-30,2.1603673091123765,2.656379092909739,0.7569730664677743,0.6623366511268981,-0.0792020942374767,0.05122663297668903,0.31659364101218584,0.17685090925444952
2020-10-01,0.1820529835271381,0.3362168830011966,-0.616124897874809,0.17508870163953436,0.17421060815370382,-0.40362678102159216,0.1629182281173864,0.09447733067687898
2020-10-02,-2.617529506202333,0.2372301691377772,0.35324884243349675,-0.20112096436354965,-0.06194007305803415,0.3888406708778221,-0.03801997732864284,0.13284898063650913
2020-10-05,4.847435744403461,3.106654160156233,-0.12029437899704777,-0.768539202327408,0.1660201929194431,-0.20938387567143424,0.00017852056837279346,0.3406842795602781
2020-10-06,-3.6346997759048367,-1.7772306834332559,0.286379952812319,0.8424581975561204,-0.3836869613366392,0.2517299236310034,0.4513159004523407,-0.5090335490282019
2020-10-07,3.97974987532311,3.283598843601875,-0.3865360822677116,-0.004733510489484254,0.7091392203328976,-0.5540882617685884,-0.3685452614370556,1.45166196295657
2020-10-08,-4.815550214749791,-1.3159911762107461,0.5023511580354282,0.15074822423025183,-0.2736685039316299,0.3687671985549925,-0.01249233552463248,-1.51968890320258
2020-10-09,-0.01095295051867396,1.134540086440887,0.49978931071107696,0.18490837974689067,-0.007461986868329984,0.053390944557050415,-0.009727083098169302,0.13041183374941098
2020-10-12,-1.9862185576641467,-1.2986283808844996,-0.2744255909207568,0.15020733225492358,0.24717615125841882,-0.0685646763981974,0.029358679622083328,-0.012635929312990627
2020-10-13,-3.5565948453020884,-1.724750423911,-0.09167384852163377,-0.18289972571274007,-0.07264772213971699,-0.41545619214459706,0.19911367003718036,0.5068272722620117
2020-10-14,-4.691198571140119,-1.1680606987578648,-0.4255276183459815,0.12804815710228096,0.052076161226402747,0.39908298324963676,-0.2936813266131617,-0.511233131502348
2020-10-15,-3.059272910689481,-2.050132163451174,-1.0957463054673713,-0.03774174502483872,-0.16875661996969135,-0.3257062257352204,0.464624449368493,-0.35193772942287727
2020-10-16,-2.9778765397039733,0.1554083206307855,0.10460813021841427,-0.1570900946219448,-0.16583833318850227,0.20493534271944114,-0.3413051097389424,0.26398398575765836
2020-10-19,-0.9825075292469053,0.42020330628055796,0.4895778275862745,0.14182069676086947,0.10168741942996606,-0.08467399705476807,-0.08211331580450504,0.035920804721716174
2020-10-20,5.00621067040302,1.975093261993179,0.2812945214498691,-0.30309608790469844,0.14007653042391485,0.01844133898266931,0.22251492137615783,0.002248699698251991
2020-10-21,4.2199545794164095,1.081045545827651,-0.7708867248163515,0.4141937159408489,0.07455923016313336,-0.1978087665390919,-0.5263869555706692,-0.27824970821954964
2020-10-22,3.118046236441952,2.5767015383008314,0.600844504809164,0.004330305343176949,0.3789221960276433,0.08134669802311913,-0.1606009653498278,0.7643492535864812
2020-10-23,-2.035003291236781,-1.2245789418191628,0.382531209602915,0.03918701692783278,-0.5427998237883618,0.23552757797856805,0.3091554528662881,-0.5173126649902
2020-10-26,-1.4808269842941402,-0.5768650439768074,-0.09062296680810632,-0.05410058379606599,0.004606752133439321,-0.10303916066749569,0.21139861384324754,0.05017308884476895
2020-10-27,-7.132286549532819,-2.0775771721486254,-0.9369580746444179,-0.27111073308303585,0.46957910376368117,0.3803728785296242,0.13530042300112172,0.03245447971002153
2020-10-28,0.7649650902853526,0.5026217907690395,-0.6031448261084532,0.13161598464534222,-0.31260030628972774,-1.0151185165562346,0.22979952880571572,-0.053794061200866175
2020-10-29,0.06258382750899422,1.774303754419649,-0.39784074131974634,0.560602187153831,0.22015726427242957,0.23711707500395807,-0.612947603337101,-0.22337967779757317
2020-10-30,-1.8583041870670316,1.0945499713901776,0.6118212489008357,-0.43333153167699306,-0.48250726132110916,-0.2191964901527285,0.571087738945717,0.1325743374092258
2020-11-02,1.944435520657727,0.24045392548296288,-0.14652023274370013,-0.11025001347610526,0.6373675835236192,-0.7144881247865943,-0.49617651811348595,0.08852069257864771
2020-11-03,2.0228161768430892,1.0885937923875826,0.11258522223107868,0.7463580867786093,-0.5109083882245153,0.5364154302280519,0.23781550627167866,-0.16160020135041261
2020-11-04,-2.2150061617771413,-0.8320473636874735,-0.15030476870925377,-0.6752279120049849,0.5712100367106345,-0.3206946568780579,-0.06727925885027766,0.13400202107000056
2020-11-05,-1.6263939474053761,-0.7281508230849024,0.051552470596093816,0.418096921408533,-0.20429771755344378,0.41170151336817157,0.5280879444644215,-0.4239021818418388
2020-11-06,1.357556360012314,1.6986926114785164,0.852350111821156,0.4722810434238694,0.24527862597030364,0.19335151479119211,-0.035771586169530994,0.6329921103589626
2020-11-09,14.323229699240011,5.19293799657614,1.4665190062909215,0.2407747640116159,0.49150055486303434,1.0068080042992718,-0.4253044470887338,0.21960015047549397
2020-11-10,5.727447666960675,1.0165508077591114,-0.8033407211905311,-0.20090368088795474,-0.3661312685310127,-0.35845419165294795,-0.18979427408754038,-0.22631466394107658
2020-11-11,-3.641534135811961,-1.9810507274050793,0.1520041279839415,0.5291468873242419,0.21274572497126065,0.02216644660803906,-0.4789244621696969,0.24489706465713146
2020-11-12,-5.047675976350761,-2.2380266927702923,0.1861376221751262,-0.01612081954826042,-0.3112064506464578,-0.8931469862529343,0.27856233476525993,-0.31379399459298574
2020-11-13,-0.7545291322153626,1.0959105337567543,-0.020334371199487458,-0.7336471214645445,-0.0033886004795964965,0.3494526551151393,0.0063123477079178114,0.09037467467213675
2020-11-16,0.7293974001567181,-0.7765137415069554,-1.1769468213441132,-0.16334520958146337,-0.31393689909907607,0.3134240959393143,-0.23917576297946427,-0.43971025631317995
2020-11-17,-4.0198133513368575,-1.0352584499020858,-0.21953818676957249,0.5253754121416465,0.9926687494750309,-0.20978814767654805,0.06378129367410638,0.4113647547753399
2020-11-18,0.5606317365012469,0.26806729595208356,-0.4468966094727465,-0.289705821333602,-0.7099801473284668,-0.18975087665145832,0.7574986123686049,-0.01777048228038187
2020-11-19,-2.8718140515991895,-0.09596894838863175,0.11042631245416724,-0.39040950603201335,-0.2734061726663631,0.0399613612530807,-0.09478948553580173,-0.09046094737727498
2020-11-20,-4.468692291980491,-2.0873466472485194,0.6338378816806962,1.0925810801508853,0.2736812958332215,0.3335625233425236,-0.3194717866894608,-0.5543418796774674
2020-11-23,4.478703775462324,1.2513509687400093,-0.4053754244623629,-0.0049527666398332644,0.4684094073370957,0.10353328010405707,0.17742309897701466,0.1770403618550753
2020-11-24,2.9740934977427336,1.3721723470707947,-0.2446593564103864,0.10322858807009046,-0.5640202652745646,-0.47955355909738406,-0.5112188186007715,0.05919187820890563
2020-11-25,-2.2751412963610043,-0.8465344264156875,0.37068684377049077,-0.7456825477646238,0.2502476047856023,0.4205156951195614,0.5041289195591883,0.31665141104691213
2020-11-26,-4.209757533118794,-2.0930971768947426,-0.355939624494998,0.12402736919311368,0.05917342556108377,0.11275295633775516,-0.22285512237968969,0.04420523476608376
2020-11-27,-0.6631121965065915,-0.44979959426931226,-0.07595457598430859,0.7265068557296659,-0.28493405573133873,-0.9672077522036244,-0.11187825194426743,0.052316689084435854
2020-11-30,0.8123920000867184,0.1944874548241943,-0.6096207645894097,-0.4485044024012629,0.41797097211887546,0.7226615978778747,0.24410911064087829,-0.05194071242206964
2020-12-01,5.608246094358699,1.7559045077027369,0.5660250188353425,-0.49106883843066196,-0.08226546405133801,-0.2747622183781836,-0.1193934328556014,0.24902555429298293
2020-12-02,-0.6928719868563454,0.6779823568683977,-0.1610051720388372,1.0355806896591528,-0.05475342634644572,-0.25218015006110084,0.5123117719563294,-0.15649233119607664
2020-12-03,-4.650539077395749,-0.6285336465640198,-0.222424377106812,-0.5467810650690254,-0.39050612408747537,0.5775107101545977,-0.9148965610839379,0.19593591425727752
2020-12-04,1.2218125426373978,2.5180319290107174,-0.339076981158373,-1.0452674569617817,0.8706966706489501,0.05816550234019289,0.41848871968323126,0.11440815781469472
2020-12-07,-5.065378941741273,-0.6875903608327121,0.3982655481023034,0.6969725291235614,-0.6173139571881935,-0.0501508103595001,0.4057625354308523,-0.36388546656816523
2020-12-08,-3.563887429076421,-1.3923031248203743,-0.20624562323328982,0.25916369876185186,-0.09854078034327597,-0.012678400795613528,0.12121080344186028,-0.09501123800431219
2020-12-09,-0.6577288512542507,0.06770607781381659,-0.5914644872491318,0.27541647487769233,0.21678288384101768,0.0883818430536621,0.07514867018556302,-0.011382196114598194
2020-12-10,-2.304408773487425,-1.7021765981643848,-0.5524216881453377,-0.1091336024560309,0.05867579929290268,0.1910021444189786,-0.052667793375759955,0.6408383341151748
2020-12-11,-3.2252948014597145,-2.218333313811775,-0.5943765287076209,-0.03195002801157223,-0.7920311244122801,-0.6328250189155563,0.19859903291748235,-0.07666091500195714
2020-12-14,1.3139075278898344,0.9757636755049443,0.008725641224256835,-0.30017575933430485,0.3197281710055519,-0.29519436114433717,-0.5259655635557784,0.5460045804833082
2020-12-15,1.2636991966485707,-0.42613449532755976,-0.08662539299522933,0.6775907818290905,0.008463729441772977,-0.27674554450219174,0.19896348101462205,-1.0831956473173874
2020-12-16,5.300184303280679,1.486064982422785,0.46343378060597706,-0.5976836611710495,-0.19880147498849124,-0.6381739349540259,-0.3155705263084258,0.2082982747404188
2020-12-17,0.631322051502931,-1.0510571041524155,0.9669691264516858,0.638760202588192,0.5127939144864586,0.9714750372359356,-0.08607858673889769,-0.4222500237044013
2020-12-18,1.1400499463691827,0.3367851966354374,-0.7310177377398469,-0.6210768660185679,-0.14324198595446627,0.16558121375842424,0.4299984464828892,0.39985543493252834
2020-12-21,0.21618786845990767,0.49015769358276307,0.19671498903773804,0.03913017370209046,0.12980006529699226,-0.3659818918885291,-0.40332334827444893,-0.5333958066397427
2020-12-22,-2.0719200462674467,-1.3975374049973843,-0.3304125178785201,0.06393020706942314,0.25201623322052147,0.5099775132187432,-0.0007642430149329021,0.845007411156349
2020-12-23,5.354493355339528,2.2456876118772398,-0.06284175827077965,0.4892850889323521,-0.6399144301869567,0.2580820831092863,0.23697996075438038,-0.484225696867649
2020-12-24,-0.31793834536651683,-0.718258702572618,-0.013768735862655953,-0.22019224964735748,0.41383452769086243,-0.03512591801613518,-0.005865095351641437,-0.03362268869957754
2020-12-25,-0.4031002692043428,0.2088721318703637,-0.2986363279208389,0.25968380500856814,0.05944963583684434,-0.06841730270939779,-0.11328756161213824,0.15771140546414797
2020-12-28,-1.842906284947907,-0.6365776604218883,0.4911646509845486,0.18177022060292702,-0.18984414283982629,0.4024466974680973,0.3975125602968121,-0.46369032734205445
2020-12-29,-2.8815720537882554,0.2851428688449861,-0.08995550348338197,-0.2577690074200037,0.2581592128300002,-0.28211288044481275,-0.3918335001455285,0.4731732134833547
2020-12-30,-0.9050019769629531,0.4420320068344864,0.1576265369193906,0.3412620463029855,-0.1693086571956515,0.019136549580181607,0.10031280119085921,-0.033021886069719696
2020-12-31,0.470159119857938,0.7506340986128213,-0.5247836807799412,-0.28416139279732194,0.5532164451417453,0.3471021089840859,-0.07949292440692837,-0.4021079095430606
2021-01-01,-0.3198376775615015,-0.03700911861601347,-0.03369174893254346,0.03345338915039386,0.20477575146104524,0.1586535555073218,-0.08596662648879394,-0.16587263689241352
2021-01-04,-7.876247294841768,-0.517600410900458,-0.3036155072713408,-0.3010628683419771,-0.2295516381502517,-0.38902645907245637,0.21726249846583562,0.26482930396089155
2021-01-05,5.021633614387394,2.2569761123455288,0.34488943627159996,0.45970517687090795,-0.22337043712464513,-0.6482876378241751,0.3689017370520717,0.008865511903211939
2021-01-06,2.7808430968843205,1.4059941388092263,0.0050866683005557,0.3758535665692999,0.10896763116317572,0.2619344601094273,-0.6671014143904246,-0.2745690214812641
2021-01-07,3.897981084824523,1.6725639763065085,1.1392458928078446,-0.6082670014590706,-0.1846090673736126,-0.7370803845586275,0.447867950388644,0.9045654816605097
2021-01-08,0.7034129092023513,0.051687833027161935,-0.7136875631519795,-0.5296280631163187,0.32734264371530597,0.5731418937529857,0.2197793214092389,-0.14764496728511972
2021-01-11,4.036483668433647,0.99581112836837,0.23125925985177334,1.2299522946094308,-0.12989247013454133,-0.13948606915305692,-0.4010613651798068,0.4161610832100562
2021-01-12,2.7496772573228876,1.8191692622138722,-0.10911144335776468,-0.22018622268232096,0.4084711492726375,1.0388792597525227,0.6620166719442622,-0.11801263453981103
2021-01-13,-7.396665378104384,-4.3256927136435825,-0.5875882402289517,-0.350916496428718,-0.48679293794140005,-1.1234159302759987,0.1182698983993818,0.020887128375221987
2021-01-14,-2.4076228554823014,0.9822269814172822,-0.11602119516166799,0.2941859669063386,0.31953424968933586,-0.2612155334190971,-0.3280837198870356,-0.3992627754080756
2021-01-15,0.12426764305454364,1.2759140599920196,0.15944936879238306,-0.018238953105244066,-0.1601617598264781,0.33007025610250945,-0.7615777127432418,-0.3529934251891843
2021-01-18,3.0123814386512495,0.625408106403727,-0.08728021155685699,0.4063792452967232,-0.09395708199241797,-0.3194632756402775,0.3343889762958334,0.7319235099206429
2021-01-19,0.33461660575526797,-0.32026027896120923,0.26994829992942937,-0.6662291557131852,-0.495855826272725,0.515106580079002,0.4319000898387215,-0.5640888169101376
2021-01-20,0.44773024844320414,0.21230874115631768,-0.24827297074012603,-0.26549322449422774,0.6319430981400328,0.44178942883229955,-0.30916051465777955,0.4789626356052263
2021-01-21,7.309480990634333,3.650496614644793,0.3427373522547463,0.18629262440326544,0.14354841175561855,-0.29072926420191125,0.40821657508330034,0.1594405717859738
2021-01-22,-3.8393266419238854,-2.7866619394567573,0.5129124453554511,-0.15713596940600175,-0.31594615844801577,0.03803501792878247,-0.5356850717314886,0.1574840186867308
2021-01-25,-6.007931606908153,-1.6582615476671696,-0.6416268943735529,0.49278556684063485,0.07684837484289155,0.16768703671584473,0.07570866626756284,-0.33608105014654205
2021-01-26,3.9424330847180693,2.9311360923504663,0.338602246230037,-0.17734062478017257,0.2296301184669795,0.27412709816005576,0.29205034461236196,-0.2568468719146974
2021-01-27,-1.6407588136776916,1.6563264231536072,0.11345914966780972,0.3342749238623623,0.03368934056620852,-0.5875940243057292,-0.24387156416153238,0.07814607698996168
2021-01-28,1.107942806230392,1.365057961364869,0.6037083276795038,0.2693272587397824,0.024214822584503186,-0.20490274466543737,-0.12145790301260337,0.35977019828694773
2021-01-29,2.2673898824391268,1.645709697286684,0.08166114325006671,-0.22187492880928517,0.44822549744339196,0.2805174328722165,-0.08728425694195863,0.0035138446163667414
2021-02-01,0.5222403357541467,-0.8423419638166676,0.015280710820821743,0.8203742920050369,0.08206651728771244,-0.1668030888071993,0.10808594420922941,-0.06807266197858752
2021-02-02,3.5357257226291634,1.9479769963642837,0.6407141528265233,-0.8938283186819913,-0.35027297348208714,0.22222571998248888,0.21773575485300836,-0.22000821528489523
2021-02-03,5.619215006069392,2.349493949995056,0.07811277443159538,0.14185474230511994,0.35847244564994707,-0.26803559672680943,0.045456536038301104,0.4424421382599597
2021-02-04,1.0167659836408913,1.0435348944387708,0.25163438943873434,0.18061363865527913,0.2783412528901136,0.5129690936566024,0.2472654339507661,-0.6814821352148382
2021-02-05,4.314671630060352,2.1969619294974025,0.9967956669974065,-0.11151106202756447,-0.8493141594719174,-0.19641671620060663,-0.5611904279014295,0.6765997529529055
2021-02-08,0.18355367419905247,-0.36046549491644586,0.26923602243665135,0.2609161153862544,0.5184132828807727,-0.39616964446365915,0.3765182511172272,-0.01297055464837015
2021-02-09,-1.0577617274412654,0.1561488047069882,-0.3122870257170556,-0.11024085709125354,-0.017341000652557902,0.9235939314053476,-0.4890820714969006,-0.384785990446759
2021-02-10,-0.5032142473183108,1.154897732866996,0.9208986989510035,0.06221020148980508,0.22188946309385502,-0.1531407320605805,0.6073447858285649,-0.308952832133884
2021-02-11,-1.373124946618088,-0.9069613556068196,-0.8723019969417345,1.1843925416801069,0.3097567521605412,-0.04360843141424604,-0.7962369632406505,0.15727760707352212
2021-02-12,6.369623929067991,5.199905152412308,1.6203723571167132,-0.07576340209366363,0.1516671395714913,0.1376277535537056,0.08323307002063156,0.040245801429387704
2021-02-15,7.46692235554863,2.749819670434251,0.047364315012832635,-0.6688277692433217,-0.002725004554978283,-0.5402325711317817,0.001355431905116478,0.7448748872350267
2021-02-16,7.620973888349438,3.9193171434642684,0.44391354639553143,0.258804430688438,0.4685375176519856,0.0035008573517834075,0.33187366121955053,-0.5754713887703123
2021-02-17,-5.33606933840425,-1.7899093480334076,-0.13488849966229832,-0.1269361794957236,-0.536507799827598,0.3606931529545492,0.3315156900618444,-0.4026897127088984
2021-02-18,3.4878955956607993,0.4572399641930946,-0.6219960837231153,-0.20310442176139953,0.27855919955254643,-0.6450961033033041,-0.3202787300903166,0.29452273966643094
2021-02-19,7.916933188647498,4.19000490450684,0.621057215494026,-0.6550640095662226,-0.8422207068386749,0.3751532509294577,0.24288174178588104,-0.3645955092883958
2021-02-22,-6.3321036133235475,-4.238423526287952,-0.5268865017139954,0.3559770167031565,0.5509058375917606,0.3523853084687812,-0.7703899469138101,0.21706264224637817
2021-02-23,1.0779735318136006,0.8981772549368041,-0.029375536810803765,-0.06294402870223377,-0.3536745643074175,-0.03010153185248853,0.5121933861710779,-0.21001489419023386
2021-02-24,0.815102394677506,1.0878046355163757,0.48610890996972594,0.22615947074956236,0.07508376904544248,-0.14586990057139493,-0.1418918849371481,0.1957826021442306
2021-02-25,22.136617324990848,3.68821498577599,-3.3424735015018165,-1.7775284881574003,0.08082599758013578,-1.3442809294219793,-1.1477802827592587,0.5528889342885072
2021-02-26,-17.2720286029588,-7.512379197287757,1.2666773292648794,1.9790214875085033,-0.9051910977681249,0.8201648220571558,1.3012946702500054,-1.1617403908168045
2021-03-01,-9.795881353589193,-1.8092583181521793,1.123636575202976,-0.48374622749393975,0.6393151494428986,0.30135932361298967,-0.7693492151698452,0.7033934583247952
2021-03-02,-4.388255280787999,0.024042994838538178,0.23089644863992578,0.8819998386210999,0.27550984918726545,0.08164394463025304,-0.1490141540693916,-0.009975008581766902
2021-03-03,11.836173892657145,6.87253907163108,0.8354178272299764,-0.00090693901349592,0.2609778645015878,-0.2566710453341136,0.6283296503178539,-0.05577244978785854
2021-03-04,0.7875899953029771,-0.3806645755008409,0.4356668076163865,1.156287799644902,0.4861588738338188,0.4238097949498613,0.13520581714766888,0.36624461112283213
2021-03-05,-1.2081869292351608,0.5174103890928929,-0.4407015680513182,-1.1398174108506451,-0.5463982955874893,-0.706039908518739,-0.27897583202526577,-0.22606785612124966
2021-03-08,6.113907643599896,1.0344613586589153,-1.3420128681118606,-0.09406271759974569,0.09699688404286162,0.4625275640803606,0.06733442433530949,-0.13503855090359954
2021-03-09,-4.912514586190948,-1.981656549697857,0.43632931093823546,0.22492988104626938,0.012875369702872019,-0.3204341971371288,0.38605494479180097,-0.04786016699713102
2021-03-10,-3.8982147421440136,-1.2214191742284348,-0.35704266544933516,-0.5304529468705003,-0.29159630831611866,0.3817966178316094,-0.11196053469916405,0.082301700141783
2021-03-11,-1.8775699524601175,0.9871643504236142,0.47462123181991395,0.5998579761198326,0.47424543137198655,-0.12755508121440387,-0.15071924580962023,-0.023674083177088304
2021-03-12,7.0324482933202015,3.2289578665912346,0.8378685643935426,0.3614530767755939,-0.1221858093004551,0.138809334708279,-0.5965676256793826,0.1276208781567567
2021-03-15,-4.977420216182762,-0.3627991629074007,0.8130774757881206,-0.31121165353976693,0.2855718760506416,0.23879872503939983,0.2583615054705941,0.004011167449389351
2021-03-16,-0.7877879031890402,-0.00023456587247428214,-0.8810845617665524,0.42597064781072913,0.32961975842318453,-0.23344037387076616,0.08903498777409344,-0.21663286238998633
2021-03-17,5.161474627598268,4.186814770880405,0.9827451127052329,0.17077718806565037,0.2973512199826193,0.4751651510406555,0.42727929314480656,0.5276360241056177
2021-03-18,5.1751559988373605,1.878668262516444,1.0088364950648503,0.09339647467082558,-0.131539949908504,0.36250311887045705,0.47405898544320757,-0.3579006901273453
2021-03-19,-2.302150861254671,1.0523530338913274,-0.1382514046011123,0.11666432951141972,-0.17773912810810857,-1.2026405721990112,-0.5652059980499892,-0.046047556973303504
2021-03-22,-1.6024785618491086,-0.18110298950720735,0.20153016355580952,-0.5156315767788255,0.6956646403652145,-0.34012873973702035,-0.19630574865307482,0.18099227805656037
2021-03-23,-6.227289955928708,-3.008625608569905,-0.2614651661672693,0.7407853549406893,-0.20257685461630995,1.508344913074894,-0.15262634694489305,-0.18477637511571143
2021-03-24,-2.951955212159255,-1.197278166970593,-0.1517193984940111,-0.5664084058286076,-0.40673408481443113,-1.0987994252982427,0.368885475165396,-0.17793941687875703
2021-03-25,-2.3202768301596444,-1.621489005757768,-0.4182472507928167,-0.06272183648432289,0.40508020581380794,0.14253235402693357,-0.47563745249300604,-0.10497144027645096
2021-03-26,4.288855454311604,4.169711396873155,0.8743528647725242,-0.04003243270551649,-0.5257649788323504,-0.292968464693984,0.10822316910242036,0.2991467711278149
2021-03-29,4.891374942040941,2.139431845030098,-0.05124942312421934,0.20367471956774932,-0.27764849812956244,0.05248412340378816,0.00014194543752674726,-0.09470803373915646
2021-03-30,3.2218665906118775,0.14622632931383456,-0.8100226317045692,-0.17689245582206928,0.6144859855283373,-0.27597264294109414,-0.0862527003429211,0.3208081037026777
2021-03-31,1.53050941715486,0.09098293331168207,-0.6981149642945597,0.04729965502614903,-0.2782031504343193,0.1873828662184523,-0.3612206858888671,-0.01679230505366197
2021-04-01,-6.694737076490873,-1.809304931801586,0.3635740814571397,-0.4952494629524741,0.35208396480141924,0.087516869191407,-0.06599874781470784,0.0030045499674099187
2021-04-02,-1.0749844923962517,0.5845487267960477,0.03690720784592598,0.6774915049117911,-0.23505728957600885,-0.08891270010525154,0.5174247468709132,-0.20620278999268207
2021-04-05,0.6436736713143617,0.4618431441336658,0.015143733368740758,0.027825039482794314,-0.08266999955555313,-0.21123638397179287,0.03318759800310851,-0.13877353052819186
2021-04-06,-0.9652268218978076,-1.082769672274996,0.1708790961944558,-0.22853947125305601,-0.038530867663120964,0.30997845954501146,-0.12000178574804654,0.09415139593513733
2021-04-07,0.10177751314636817,0.3593202241497553,0.12053444484494848,0.07066116893779864,0.025207408612733368,-0.07347068008857253,-0.0567890044025873,0.029103672357064805
2021-04-08,-5.167585132232384,-1.6396286538522797,-0.1582120189178011,0.8133290994437358,0.5049510933207086,-0.2837535762511882,0.5076220700207345,-0.04726836566624493
2021-04-09,6.613711002396448,2.241976888741219,-1.358046704756865,-0.3522005076554515,-0.7459866179467425,0.14129911698794995,-0.4814509124647691,0.11039249611066596
2021-04-12,2.160449813494254,1.043876435587447,0.645061529601953,-0.804626599453202,-0.029965238333417066,0.22976017374587457,-0.27273114707777163,0.23002612593675079
2021-04-13,-2.6117530359486403,-1.3820669373006813,0.04284802446726404,0.435063550166763,0.006010022805033764,0.22218101441957652,0.03911251815103595,-0.3040972754084124
2021-04-14,9.442371706708187,2.6559033366392883,0.4026318368616769,-0.1664057523063474,-0.09198029514336764,-0.3021880985573142,0.43921986863632106,-0.004911579227896089
2021-04-15,-7.634582666555319,-2.1434780609001365,-0.556248530061949,-0.09046373284311048,0.6675736833411442,-0.10084970395169553,0.025997898505320458,0.006792867118189685
2021-04-16,5.234087506426467,1.351855910032463,0.3466287102417863,-0.5517856768028775,-0.08785499610979758,-0.04539656376796972,0.06482109962727109,0.22771905881479085
2021-04-19,3.3746064942142158,0.7343479603827097,-0.7658416405219676,0.6116326791113822,-0.9917109194447008,0.34612852912673503,-0.2507641606468668,-0.26058439204204437
2021-04-20,-4.118983563557396,-2.110252494732617,-0.32660674869962525,-0.38844298483394324,0.30134255395115045,0.11690659192433547,0.517007465746006,-0.3997764218584536
2021-04-21,-1.0545592197431595,-0.44021082380480386,0.06296503361458504,0.07258582107377513,0.15495351886229922,-0.286401352403869,-0.49364225466082706,0.4129047087458125
2021-04-22,-1.3610400407310164,-0.35859335605065057,0.33921106520957073,0.6727665013038663,0.0613143193673325,0.9617132501075171,0.6871940966034705,-0.010824600222986409
2021-04-23,3.220876127029412,0.14937985476191507,-0.8192393678359042,-0.38802217766226105,0.06792423367749618,-1.116157657400325,-0.486656030529632,0.08721672403046223
2021-04-26,0.4480166488677074,0.5859331346065435,0.11629801062339083,0.012105192560371387,-0.03257345767014936,-0.22759429635405748,-0.0810411445711597,-0.34737662734387664
2021-04-27,2.2948436149427938,0.5661568563451519,-0.7309127036667357,0.04733142019269469,-0.3318855700953614,0.5626969864148528,0.09740332266305363,-0.3318300996501272
2021-04-28,1.875791191394945,0.7998486843727103,0.48473373143779486,0.0830066550825263,0.983219299280702,-0.43723314524736895,-0.11744224398414502,0.6968071129250306
2021-04-29,8.265270061118802,4.316274168817429,-0.09762244632109313,0.5324011596004606,-0.726938820724562,0.5633323111187971,-0.01897613115555133,-0.5709270248051317
2021-04-30,-3.3400642721500784,-0.06126618525249294,0.5936765544791621,-0.1292452039530112,0.0670975686360859,-0.22751046687196558,-0.8004238900867487,0.5458534171624875
2021-05-03,0.7269683564807436,0.42637166189414405,-0.36943075172479967,-0.21169851614121185,-0.49579125929415807,0.09964555271597539,0.7789110171076843,-0.3137436121972222
2021-05-04,-7.576360035183516,-2.6245493553928636,0.032002071542650536,-0.6147403229706538,0.3293168194342059,0.1732999437114751,-0.02353953886648456,0.05418620601657269
2021-05-05,-0.5735312407220972,-0.17726195218017465,1.0761382563631645,0.8859262861280822,0.2986843257180119,-0.8687886401891165,0.14256309738090212,0.17450056628820498
2021-05-06,1.700973607456469,0.28749716240890244,-0.5691047062472777,0.1802296924471226,-0.05763258922555104,0.5852803393661619,-0.2654961532833113,-0.04459731009121871
2021-05-07,0.8359018247972673,0.03121231266484083,-0.8820076536435081,-0.7380327610615665,-0.10763685493088555,-0.03500501984073776,0.21713578155649044,-0.11291100317744815
2021-05-10,1.5238563269866625,1.7302108372039948,0.73219692022231,0.30175595553103096,0.026900541057755065,-0.27758980467120326,-0.15498172765598037,0.23405658273711147
2021-05-11,6.134519885559184,1.9238242494570335,-0.8532352946166084,-0.5949660359781744,0.45471859128975844,-0.09422291843924369,0.15465510779884298,0.17031421534591495
2021-05-12,4.546852880289605,1.6363823104067745,-1.1730733673898943,-0.5642229318035001,-0.5391449785198629,0.3971047547882272,0.3718583433102298,-0.2875112507580202
2021-05-13,-3.7477437514999967,-2.64735274613263,-0.7036117630194378,0.013529317383072318,-0.5305665904143234,-0.1801240113863436,0.25270742801934426,-0.20018860761774243
2021-05-14,-1.6678240788537522,-0.988229940956523,-0.13299253283270823,0.050462115872538335,0.3408944458572807,0.041699901687931744,-0.45980868391866797,0.2096234704108153
2021-05-17,2.905976128559364,1.2326055730148302,0.7286126357649287,1.0695352483519576,-0.030245461057236626,-0.266286731668308,0.3116590812307291,-0.07251950249577654
2021-05-18,3.586190510556746,1.9473491281838267,-0.5716559319265283,-0.851706192657267,0.448132739727902,0.3914986058938453,0.12130195881763803,0.010063393670029154
2021-05-19,0.9635857179394555,0.06496299815179017,-0.22026294255493997,0.2365715226617337,-0.1618615514444882,-0.5369259606898892,-1.218376034095041,0.9134120554671851
2021-05-20,-2.561458579991756,-1.2736341857888724,-0.593913416474056,-0.6042656423816273,-0.1759611039646879,0.31194629376248323,1.4000837594334183,-1.1444712915438138
2021-05-21,-4.356334692775919,-0.5776065446987525,0.6637449186095273,0.21320012399081867,-0.33472929094975545,0.017718615341467934,-0.17060184971009568,0.06353530979624437
2021-05-24,-3.1874560644493117,-1.784702028852805,0.5478856662428486,-0.5062480805435629,-0.724392755023125,-1.050519104375329,-0.32971959442818394,-0.41377618311581077
2021-05-25,-4.376222134431076,-1.6043239415169355,1.2606437723224375,1.0609347445780841,0.9955003659076076,1.1742594860090456,-0.0813626959128982,0.6093853772611757
2021-05-26,-5.370329926436373,-2.405246818463262,0.2676915185613495,0.17808523715732064,0.11641001875803873,-0.16632652116142754,0.37727534345845803,-0.2618638866265168
2021-05-27,6.957443674803705,1.993124018135945,-0.7738734407860872,0.14045599365556374,0.22534823715593716,0.2339928301545132,-0.24405990203290207,0.1067522959530231
2021-05-28,-2.43589497909745,0.8562924888018313,-0.2744975639193639,0.207752948222834,-0.008474515013409498,-0.33845606101082937,-0.02836251708677675,0.10805085164140997
2021-05-31,-0.8420055468753481,-0.606787082227323,-0.3659402672320471,-0.12486505290034179,-0.057203273695345974,0.07238603623213989,0.11426043320499006,-0.08793669206465594
2021-06-01,-0.09668124952585738,0.23594374923923922,0.13900120377422187,0.14666215689675113,0.23858613270394846,0.24283971370389387,-0.046325543054281326,-0.03075419648110045
2021-06-02,-2.7735511329717393,0.35006841069671407,0.6469993683606067,-0.12799002988502617,-0.05404777153536584,-0.21301621964136352,-0.6040636736232083,0.5239855385780977
2021-06-03,4.307662680277964,1.6474029411439628,0.15504667289408744,0.44572243332198,-0.036640127968949776,-0.33904946082547516,0.37356219556486653,-0.0906939373207922
2021-06-04,-5.072916393148182,-2.0660923506434896,0.47400475697545874,0.3006898141778111,0.23543245649928735,-0.04488213525200904,0.35508199986681616,-0.1643201606926102
2021-06-07,2.5854697005798104,1.0611002261049953,-0.3129587915864145,0.16503093478937067,-0.3580045704250384,-0.044569613807136664,-0.404685888412014,0.08599808144488005
2021-06-08,-3.762886763907883,-2.323234625069117,-0.8068501216310516,-0.857483197907089,0.7048341943338761,0.2588135172292556,0.18958306443979214,-0.0882456130554134
2021-06-09,-6.49773313740734,-2.350851725522037,0.15000708255561937,0.04359632849412911,-0.1774524969528429,0.002363241740938507,-0.5181017091051257,0.1712120884857182
2021-06-10,-1.8915531482211614,1.170210523300761,0.8464412480676027,0.22379051578594766,-0.5960368449123982,0.3656647403816286,0.6484715882392246,-0.7341287101980802
2021-06-11,-1.017937979115155,-0.17475690648186656,-0.2880857457194754,0.44952403680944303,0.009083877534314643,-0.5102276219623384,-0.3622927424509892,0.5231099209471922
2021-06-14,5.156554751583006,2.3338627539683476,-0.25315166504496156,-0.5059928525860629,0.16053865645020907,0.09844545625970207,0.05194820356206064,0.010550681167959671
2021-06-15,2.9199659738388757,0.35419902597461916,-0.18538664618266432,0.1942061324598727,-0.18419848124361635,0.24227532254274128,0.06352918232852722,-0.22937973225374475
2021-06-16,0.1221015758328313,-0.7044644278858074,-1.1588171507291887,-1.1531749570215741,-0.3004120075357388,-1.0112221316936574,-0.54316875114305,2.157216153188031
2021-06-17,-1.4944830407869418,-2.4258418563652056,-0.4446991856985713,0.9919066574407033,0.4047099811606226,0.8785176949034944,0.5843630124710857,-2.1292897451185397
2021-06-18,-2.4583198033704132,-3.7213335454508343,-2.3802561167603917,-0.6571123263874714,-0.5679385733350644,0.2724852335611892,-0.1936910679632471,-0.11340606063874169
2021-06-21,6.426223118964433,2.6938350870339876,1.1403443555499924,-0.16545918815686406,0.27394282795033736,-0.004628738156501521,-0.2637595496271129,0.3700108864519076
2021-06-22,0.014160724866486623,0.05753068141023758,0.8672060809658477,0.7987195198305995,0.16434683193170546,-0.4755536547017429,0.7069658556173288,-0.23415834923555473
2021-06-23,-0.8230963452251945,0.3201174297806809,-0.3053420932266037,-0.14379670943511977,-0.23903906622690851,0.7422415470268003,-0.38032304057532945,-0.0966801511084774
2021-06-24,0.22322147791664215,-0.33719174468817614,0.26368722236390374,0.24879670086981076,0.46803178120566463,-0.4424081016143612,0.3966480713527655,0.03827032956174949
2021-06-25,5.108642658147808,3.4052164778128327,0.060607167997339166,-0.6883797609220026,0.29336197214382514,-0.22289749917593774,-0.14123731529314593,0.2099800349940701
2021-06-28,-4.13740643177238,-2.4435816701353694,-0.03584235150089503,0.4825432982627032,0.3071020113212291,0.21703245449108685,-0.446267657229752,0.08749546988506215
2021-06-29,1.241047813335727,1.2594587193171836,0.3514607964066055,0.31075143670600347,0.18282966789168312,0.8752061089719203,0.6533024809753518,0.137644962993432
2021-06-30,-3.9223906806452695,-0.340303577070583,-0.5947523964760343,-0.009936662408296002,-0.03149366121392957,-0.9889855952140856,-0.6613375880575909,-0.010946894693860816
2021-07-01,-0.4113796533709115,0.46354042983654825,0.5982155308866602,0.57630068038769,-0.23631808944987598,-0.03590390203403874,0.25168234247030113,-0.3795476642190176
2021-07-02,-6.21251760697493,-1.9216929266808134,0.8997612825151636,0.03366052905620568,-0.2688320503996374,0.15086898598936746,-0.25362450870079245,0.06732571924873679
2021-07-05,4.818335510567062,2.158392364329172,-0.40626835597018096,-0.49058713875421933,0.04428792253791561,0.049899094568085965,-0.009417856785753803,0.1661111342936417
2021-07-06,-10.23728046325184,-4.75064387852273,0.08098735700417399,0.3625305538710207,0.035499322851054574,-0.10302515148826873,-0.1113129043079912,-0.03679833154201775
2021-07-07,-5.95134240128603,-3.327993245527512,-0.11814979979571688,0.1426769800215575,0.10371509492185531,-0.0720255466478911,-0.13749401439686887,0.09012324539981993
2021-07-08,-2.895379491938737,-1.85748889806143,-0.9393946839838619,-0.09420864286228704,-0.2548294001306769,-0.5404777530123971,0.8851999926081388,-0.011094569724273933
2021-07-09,4.909529138384273,2.923713997758175,0.8439628878725756,0.3702713209957314,-0.0016219962087817299,0.4833388497831041,-0.8059680085305754,-0.15191588116663013
2021-07-12,-0.3713052800201262,-0.9496688892265036,-0.48443706171243506,-0.8801694458673797,0.12779543500530455,0.3677535512538128,0.10987351466237262,-0.13549058432046293
2021-07-13,4.602461774538113,1.6643746407409636,0.04982512901452239,0.11067957903349064,0.48855537403825894,-0.6723199043879377,-0.5363722983304593,0.5461733022735572
2021-07-14,-6.750386576483198,-3.0732717667541563,0.4717844524530814,0.6800201079190803,0.05148232572038491,0.42785203401382566,0.8777525014778972,-0.620266766802934
2021-07-15,-4.298243589824442,-2.8838736520233956,-0.533708236302762,0.09335416630345843,-0.5396610968002564,-0.5353356255137551,-0.12089970297027408,0.558776664974985
2021-07-16,-1.4295432148068243,0.39508771852768565,-0.27166933898403706,-0.09864470442288466,0.15117781814422304,0.49550860372278993,-0.43569508775960725,-0.28380755817590275
2021-07-19,-6.003080241084046,-3.407444803952831,-1.2635893739260957,0.14534840904866667,-0.6338862802639147,-0.6154668825644366,0.8687824264571392,0.01269494564263801
2021-07-20,-3.616176683894531,-2.527040295765052,0.6746053052418801,-0.0767354731731867,-0.19778274192883397,0.06527972633162889,-0.6356645013197199,0.08338189897784287
2021-07-21,5.983857467764391,4.35164407751994,0.5990483224629001,-0.35048255079413654,0.7346020394919127,0.27223081432724294,-0.17740825403122024,0.1356345345855311
2021-07-22,-6.481825824528517,-2.0897497340859514,-0.8139700331892629,0.42505950426887396,-0.05311890178809178,0.13019940505494335,0.15154249617114746,0.0006765082815139352
2021-07-23,-0.8092905794134221,1.5596634283145703,-0.6395454642965628,-0.2639350814685294,0.29280610323536455,-0.1058934591126558,-0.043242886954618386,-0.13402575051624407
2021-07-26,2.2803897247871814,1.412849790562345,-0.28195892362377656,-0.5315380292289771,-0.298262052113709,-0.3921681197745628,0.198128218535449,0.4850599832186477
2021-07-27,-3.8726861504378647,-1.5518544154818068,0.8237305028431022,1.1022241451079189,-0.054196459114497365,-0.10134424894976965,-0.2942500174348058,-0.00928344953653977
2021-07-28,-1.0075055389978145,-0.07895952569933289,0.3990456682897874,0.5820615308073896,0.053030881213515645,0.4841209782972103,0.33757313574164544,-0.7282595421475132
2021-07-29,0.6662376516522339,0.18972847384238714,-0.5081661272310248,-0.5764580209819538,-0.06498129280897032,-0.4509911161141577,-0.24750463305613463,0.6548572999780095
2021-07-30,-2.752275183432285,-0.42651288252222,0.10313064891195632,-0.7289246727735204,0.08153265623806684,0.42404208002929117,-0.0630741267858185,-0.44542571605717896
2021-08-02,-4.231959295629648,-1.8353685317763486,-0.40906379244575525,-0.1128451722252932,-0.25330694819019994,-0.3742127358642465,0.6204444505053376,0.19021383087875604
2021-08-03,-2.6053510270882767,-1.306739310062249,-1.0238297863368837,0.5080906384605348,0.9164300506757469,0.12560550735112344,-0.4197205194696709,-0.2338758894586614
2021-08-04,-2.6535832047894536,-1.5238312676977077,-0.13409929819886146,0.2507775103540567,-0.428940161473772,-0.3132977140151833,0.07657126386177586,-0.024706647267858192
2021-08-05,0.3683634833745224,-0.07836069031384296,0.5603278473049997,-0.6316943980363515,-0.8067297970986356,-0.31874839375590447,0.030382330878277505,0.3907198300733573
2021-08-06,7.943511092782617,4.179471964483074,-0.5825601720100236,-0.6049747185815466,-0.01998713929423733,0.5563072782926908,0.12716842655544347,-0.14504021542272053
2021-08-09,-2.4935383099632844,-1.3202607856482884,0.22956981174802446,0.7087171417090157,0.20289664152562795,-0.043699455509378135,-0.1103119092808697,-0.22880092931770424
2021-08-10,-1.5320662883943263,-0.8369790314495491,-0.26559091718478206,-0.27299457877289907,-0.11236005502056012,-0.10097384566510365,-0.35668508087649425,0.40341846932713926
2021-08-11,-1.6627203110334963,-0.7757506970172442,0.016863537741905053,0.3910557011701814,-0.2345071603546334,0.36186161199320793,0.5199780147205412,-0.45580360012952237
2021-08-12,1.809328368268169,1.0935717403824097,-0.28036854285844875,-0.4371440494754834,0.16616515913097918,0.06113488226484353,0.030156492709476693,-0.002648152312916432
2021-08-13,-3.9373368210975577,-2.3358721189614715,-0.07906659761086669,0.39466395061472204,0.03416342284970169,-0.10475806454473528,-0.39516489206923033,0.2551963477906622
2021-08-16,1.3903327030451211,1.0263414081973115,0.010748687978938284,-0.2887315348628206,0.3315613454847462,-0.21228325272731952,-0.46171767830764554,0.5280058057970294
2021-08-17,0.5644923837071073,-0.3321758366962361,-0.041089895508687586,0.1127446556010054,0.34383873382180363,-0.08199317756414795,0.909828828407638,-0.487022387901002
2021-08-18,-2.2248201947929984,-0.13229106600780574,0.20591842129078955,0.38100954142329535,-0.4431873480524902,0.4463254202491602,-0.5149684363128866,-0.0172092118047135
2021-08-19,-0.852266646348033,-0.16676120865110025,-1.064972621943973,0.29709249351213785,0.00993033520357304,-0.4456389108764205,0.26953369830447466,0.06243279415938479
2021-08-20,-1.5352181281388282,-1.3827606875520104,0.5091556887340362,-0.4470143088440687,0.04202538745673845,0.3249311188187219,-0.5426725978198772,0.2323161027395665
2021-08-23,0.4251964956679532,1.5769397151485487,0.11776862901924601,1.0615075873340212,0.222783655599204,-0.24224709361233457,0.2768700381665153,-0.3366400281702362
2021-08-24,2.1294502907965818,1.066649244913329,-0.5223789345509651,-0.7891904326940072,0.18871607826792075,-0.3186651695552636,-0.32754600701919023,0.7407788761851126
2021-08-25,8.240544099085975,3.666654909375937,0.8285468048874237,-0.4108719198817492,-0.22094922771309639,0.27779054659330193,0.7466505010729134,-0.635627509366666
2021-08-26,1.155698291246183,0.960391679129962,-0.015715649775599815,-0.075304498046092,-0.3948777032773241,-0.11709832091054127,0.49088680013332614,-0.21537613483743054
2021-08-27,-1.87778123490568,0.4912717029151422,0.7266445907628551,0.7529910011959883,0.5461217740383001,0.3199755636169632,-0.6645490415346826,-0.0732118971355461
2021-08-30,-1.2967416712232593,-1.631647219276139,-0.10414245226937031,0.059139151630339296,0.04995227603025665,-0.13371523270809008,-0.06183658866796809,0.1850301694567165
2021-08-31,7.429612058563698,3.1144634961293542,-0.3811812479595235,-0.4525523531560132,0.34741689846500495,-0.3905678117183941,0.10163797933922847,0.31121489923324275
2021-09-01,1.9140778504550275,1.8805673026221024,0.5897626714960172,0.2548191492508494,0.0594290088447831,0.09761990490186151,0.18720932284815406,-0.31702814261407986
2021-09-02,-1.2370074309350754,-0.09965943950369331,0.5603982418784372,0.5517927880182749,-0.35763023780957687,-0.41004991098259547,-0.020103149134824055,0.3505514175188355
2021-09-03,4.153939345145263,1.261366639891502,-0.00494292846876542,-0.7288176239377206,-0.1682932034971708,0.7386320754877731,-0.5059448144200143,-0.1324250417881214
2021-09-06,0.22768735811777505,0.16819521395194437,-0.256480642921977,-0.06217829979699149,-0.0005572859508874274,0.4784958270895766,0.49682117047694263,-0.5986830512170923
2021-09-07,7.32548848574126,2.2588980414915443,-0.751759699927814,0.06216857626808407,-0.06955828544914738,-0.1842082913320188,-0.23953827134532601,0.2648875803258475
2021-09-08,-1.6867332805039035,-1.915134452964525,-0.19359070683815044,0.06939377240731626,0.5227302383888431,-0.6281556091067315,0.03477478986164916,0.21836692945463437
2021-09-09,-7.349846726592101,-2.779017326561918,0.17592025417356058,0.2833405973653955,-1.0605291198588196,-0.24267427414269788,0.23737161755120587,0.38173569497746124
2021-09-10,7.805623229470238,3.3543552666671794,-0.36930546540304426,-0.35158854798035916,0.8484056428515325,0.40828184545086077,0.2770828817449767,-0.7731288668636817
2021-09-13,0.752112810042028,0.2986719828265085,0.17578882075463378,0.8029195816383119,-0.225164711249692,0.23681502038184127,-0.46494806468801375,0.12169487385206296
2021-09-14,-3.778560786462152,-1.7721504003886546,-0.1660800432852042,-0.3171184570846939,0.28939254554099,0.09603416215738521,0.5269638328815629,-0.23165234579198873
2021-09-15,5.5012322254728625,3.028687518898081,-0.09600049457983212,-0.09084533975842164,-0.12641408713495722,-0.08029464176564041,-0.5070732117513889,0.2562683947652812
2021-09-16,5.085104818147928,0.9509709389820877,0.036605487332871306,-1.2026505312237403,-0.018874727985410646,-1.6194396680354812,-1.4055314937134842,0.73363330143861
2021-09-17,2.861938978695724,2.6143692371861977,-0.5481317883578951,0.7115074671476566,0.3066937931856843,1.5248976697463412,1.9302347491755831,-0.9433081538806868
2021-09-20,-6.058082924655132,-3.510433201171952,0.08265457753526055,0.7924661161787835,-0.1937919891450908,-0.23305289184216835,-0.39717405327860933,0.2513678120312474
2021-09-21,-0.1326316089024859,-0.558976671187696,-0.8119963209858704,-0.6332215636267065,0.18229299574955488,-0.0067176336665688815,-0.18709222518037916,0.23576248502324215
2021-09-22,-1.154985693151542,-2.917807214973144,-0.029312799333356506,0.06139196766756322,-0.06721204123287378,0.3160016054136198,-0.07142581764647693,-0.579252821959857
2021-09-23,11.719840842152049,4.864291903232853,-1.0103168800149853,-0.4875110562654144,-0.5105732825584758,0.12452614405657651,0.8903202195610675,-0.08123276054936261
2021-09-24,4.604160854780842,3.939445355466057,0.5966169492895819,-0.5142548725991222,-0.19501244401778772,-0.1495244665861129,-0.43473742711110114,0.431646825625421
2021-09-27,1.2682297816799857,-0.3242021896755661,-0.5056916464991251,0.49943442936201343,-0.038122992897285,-0.13027321302833225,-0.07382205488625455,0.06588949005545515
2021-09-28,3.7616886699587235,1.9258212343457064,-0.7857625554177388,-1.1113909398737514,-0.11781920506969376,-0.35896512337624115,0.1508081296920878,0.11537770791026153
2021-09-29,-1.9599189855567742,-0.5670866234512051,0.7370578202552442,0.3225493969408994,-0.21934873611055233,0.13211167202666488,0.15892596422001265,-0.15317191297574487
2021-09-30,0.9362048111281335,0.9973453047129507,0.08580260606961157,0.35536212337604683,0.15245962136507563,-0.6287888815931071,-0.5320209007408583,-0.017558528647092495
2021-10-01,-4.23250646663965,-0.22310055105620263,1.0633745157252277,0.5308599675087978,0.08676478283143721,0.5367709168697401,-0.23353663307604858,0.44227948057244654
2021-10-04,2.3281115020018794,1.9303144959032337,-0.9008211670357293,0.06643479337679159,0.38405203152797385,-0.03876707361716274,0.4208642346919312,-0.17632855369120953
2021-10-05,5.069157093111393,1.0671472275492926,0.1041007374872112,-0.6422576910592078,-0.018447386292013052,0.22585478145724427,0.23389941526037153,-0.29213836062436643
2021-10-06,1.5308365839669622,1.3617605711428982,0.20425747567371658,0.03493960963054254,-0.3170584045059803,-0.08265072405917052,0.44738687050393516,-0.12319364955071693
2021-10-07,1.22399132483912,0.18684495064806966,-0.2715859780336272,0.3212778443938926,0.14630215286833773,0.25096682472136245,-0.855115458305265,0.3712623171505908
2021-10-08,8.87994830439444,0.7440663277839707,0.2096819974744925,0.5814404773292398,0.17963715621599502,-0.4319018030823762,0.24870188798101212,-0.07672215243085588
2021-10-11,7.969654793373768,2.606884538092753,-0.8527001621264236,0.021965682127576935,-0.11680074203181487,0.1627741075338474,0.18591172048993002,-0.19567032733494374
2021-10-12,6.546649810114131,-1.0039209370517757,-2.5231379999220604,-0.37255690942288916,-0.30538079959431563,-0.8292572051318388,-0.24010678312537323,-0.20271761471312089
2021-10-13,-9.526620795572208,-5.3255468730357745,-1.2270442250953817,-0.41463587409415653,-0.2897930464003141,0.7783247875687946,0.09496368604603628,0.25055551793675185
2021-10-14,-14.498769326698818,-2.3651012187226406,0.9506275979355547,0.27877339541155555,-0.3413982056984145,-0.11540950428769843,0.11360312053709992,-0.05153391085887372
2021-10-15,4.971347049342198,1.5252457214335458,-0.4860955234888055,-0.148385818781508,0.16786733055939648,-0.26554134191396567,0.25926308330926406,-0.05631793507744659
2021-10-18,8.534107486730242,-6.4385863444338,-3.1569501894933687,-0.40917123395862565,-0.4193197725349021,-0.28927888858673523,-0.004591973772370043,-0.04321997919362537
2021-10-19,6.5478888641177315,2.3729571504342517,-0.007025151686597279,0.7683637914506963,0.013544629491957333,0.03549124185686875,-0.21443189528960716,0.08382458202553042
2021-10-20,-7.444507454363081,2.345714847018221,1.3397563942027038,-0.3331429877294878,-0.22871487415651043,-0.19578845857042856,0.41792030308757117,-0.029824601038817605
2021-10-21,7.3532623479726995,-1.8317998484375173,-3.5044086820314613,-0.0018806058795786658,0.13192977167908473,1.8615562154992162,0.625306157809244,0.29199714102331326
2021-10-22,-1.1116933735017698,-4.208928871433548,-1.9274597477362438,-1.1998397695442309,-1.362260686282605,-1.9326148217015156,-0.7145858148720522,-0.32083126862427525
2021-10-25,-0.6454211290857826,2.2991413629653192,0.9842611235867313,1.2269868985069443,0.33494618615983146,0.47688348393437235,-0.382276761076653,0.10529470922025276
2021-10-26,-3.249767613067452,-2.3490502296831486,-0.7773805385423934,-0.44771756910507915,-0.3007483998685387,-0.21353549540663877,0.10973203656116164,-0.11790761855134141
2021-10-27,-9.165452318392335,-11.38689918421387,0.1383733773206016,0.8968691014237328,-0.19442894692165935,-0.29299261596193266,0.012091224682681598,-0.039223407525787735
2021-10-28,11.260522978963577,-2.1784733781497594,-0.6857194857536847,-0.025922278346289025,-0.7779513927415407,-1.0199052708741758,0.41676375461972254,0.20510022894427643
2021-10-29,7.98464713179735,-5.374369644612467,-4.628960569023309,0.041722832480668395,-1.1221992517973418,-1.6377866598324298,0.44686354843196996,-0.3267535002759153
2021-11-01,-3.6935961707641423,3.0741191262962624,0.4060560267653448,0.48408167349762943,0.8259985289464006,0.45647627922427836,-0.21910266586030824,0.2258535396120254
2021-11-02,-14.919509310494284,5.486799758192103,3.1284778888515783,-0.5562180092656651,1.4984137601167604,1.4624870504549263,-1.2029982285549272,0.10588800558498636
2021-11-03,-0.43942577190819937,-1.1577011994022706,-0.2925895817147962,-0.08612997271496368,-0.00911157302014298,-0.8014170519131824,0.6095135785747725,0.102909068320872
2021-11-04,-14.53942735736459,5.676492629928309,5.253674324713429,0.2898469493531221,0.5116209086068725,1.031215708945927,0.18990796941985622,-0.18962128354228355
2021-11-05,-11.060830580689407,-6.1366577913987195,-1.4933697813456994,-0.30523507348266493,-0.8280249172370105,-0.08154691769772052,0.03682704663636431,-0.025032600697576214
2021-11-08,9.31331082301452,2.604982615134765,-0.3301196805313767,0.033722666225164045,0.8545035920905504,-0.08560511594381386,0.04786714432106419,-0.03922347651964676
2021-11-09,-10.747096335827012,-8.160574738066357,-2.162129260702162,-0.37789149485498363,-1.2589100735851364,-1.2485253327252475,-0.3167681076104253,0.3558645607361629
2021-11-10,17.6884415202732,1.0011246597265429,-1.5752379327816306,1.3850684011381196,0.06818585433469451,-0.00947553028994906,-0.04659755896008065,0.007207404018830669
2021-11-11,8.368827592797423,-1.7853534494817849,-1.8472905729327034,-0.19095801543915986,0.3195971922351206,0.06378930269044132,-0.49923196499233397,0.18472017212001038
2021-11-12,-6.119493711056529,5.3327796102350975,2.3617942027537238,-0.5831880067425103,0.2626994280245073,0.396353306248567,0.15116772519694027,-0.06753485048850635
2021-11-15,3.251019019213895,2.4137228083793714,0.2490899771351102,-0.19699822945119336,0.2757169375703224,0.20207858706381968,0.11760348903152812,-0.03756502682709065
2021-11-16,-0.5170044546371779,1.345022485057075,1.2019548150463235,0.20895837169534578,0.36319599413750114,-0.25597385220401236,0.32967821150118237,0.030891146951775923
2021-11-17,-3.087926755453667,1.0270067172405113,-0.6649432409580446,-0.05590575269809732,-0.4467119084378719,0.17002734177969428,-0.39568649113723475,0.017424190444404887
2021-11-18,-4.862082513074408,-0.4135372656281582,-0.4758243734719844,-0.7009276718865326,-0.6537385412698371,-0.1775352769467234,0.4348932009808904,-0.33551026983480475
2021-11-19,-11.081557060152011,-2.799684869929625,1.3814446786542691,1.1551030957059427,0.5882465623690709,-0.11052217171677947,-0.20576119276792784,-0.10883512708380846
2021-11-22,6.148471067948028,1.0753437658209182,-0.2428559267580569,-0.2615116299667773,-0.539584974649274,0.742840280772283,-0.27922857350576874,-0.2206614746746008
2021-11-23,14.59658519942958,5.100122873520773,0.09261155380768268,-0.3851583184124987,-0.32502244222204085,-0.42662191110765807,-0.036728248653925225,0.31460342749283776
2021-11-24,-0.06990032985941784,2.4759713663891527,-0.02465184256359493,0.08099020064997492,0.6262070675007242,0.09261748178156101,-0.238318688225808,0.1946029766580343
2021-11-25,-2.5668879325171545,-0.5561330237631297,0.4208207499322994,-0.11975406335074161,0.33796311812085705,-0.2554928947191588,0.23853834039578353,-0.20663729409160458
2021-11-26,-18.284270509414938,-2.628836881105043,1.2386624896989331,-0.6166016201073514,0.24978803660311075,0.2332475525264517,0.18960142123436,-0.4140599384654815
2021-11-29,6.163302853819498,0.0838314138829912,-0.9134201664671707,1.0526742565394458,-0.49112155158460596,-0.3837608553255227,0.3004594738836757,-0.27189890918655113
2021-11-30,-5.354184402228078,-5.939904200243883,-2.828398647498977,-0.8006671294645737,-0.3734663934308431,-0.09697432903356723,-0.9694353485104631,0.48398307508409083
2021-12-01,0.35773012998224385,-1.8958251968848754,0.0036517152787384323,0.011798213877042732,-0.5186020354652162,0.38207954007753697,0.6257441910762607,-0.5388529197164458
2021-12-02,-3.972338638272061,0.2041260473829389,1.12736370243114,0.5199714309721402,0.4906883948079018,-0.4075963738668591,-0.3437311069460284,0.38104001430562584
2021-12-03,-3.1068744729565605,-2.4767687932782283,-0.11954373344876473,-0.5857843147663948,0.5344439143753479,-0.3962234816830277,-0.038927901193082044,0.34860813834684556
2021-12-06,0.6228684884435965,0.46324808054661426,-0.2129167580781628,-0.08754367835253114,-0.19894122863534863,0.29722116230248546,0.5945820516740469,-0.44164616715610144
2021-12-07,1.2052542324527766,-1.8955030669936956,-1.218887634944747,0.627969713718276,-0.3385957327744536,0.21296597177012386,0.0009743851169273781,-0.1313065622675375
2021-12-08,9.709008533915215,4.175780800911904,-0.10312067590853682,0.10439271459017695,0.693792075308255,-0.10075832295241834,-0.9293985968429418,0.7947953704793878
2021-12-09,-8.07275369686028,-0.2663882931937368,1.5516454307923069,-0.12155899126126875,-0.15735032755753228,0.45754943914088736,0.465373393572629,-0.3751707887996576
2021-12-10,0.9695721110387573,0.31025710324306044,-0.5977812362652343,-0.5005076161547405,0.31453361408307834,0.4580697864794661,0.15194960254820913,-0.15116673686145424
2021-12-13,-6.906642354311354,-2.1489196017993932,-0.4966115085515246,0.6448381258902783,0.3374696402244889,0.20755731549962286,-0.2923551852918616,0.29036938017842306
2021-12-14,2.7584534165429555,-0.06783078981751199,0.4989200533910178,-0.10278885389656772,-0.0922551727864475,0.05279932938157893,-0.024826031011782983,0.10387914570307749
2021-12-15,4.444864625414848,0.2192634490051597,-0.0005956435137593095,1.2374371179782635,0.1401629154071372,-0.14055453257521827,0.6269519219119525,-0.10021436696536012
2021-12-16,-0.9964328821190563,2.619207734967484,-0.22458529022394974,-0.2856832608504212,-0.0805347836093711,-0.68496597134705,-1.441515125829564,0.4000201699632497
2021-12-17,-4.596262843109205,0.10035314285394248,-0.19653248202717602,0.10712373673480889,0.4361291334082017,0.8334537575669915,1.3331589287410632,-0.24940674119436376
2021-12-20,4.3481157473599925,4.170764201522556,0.4737028597232809,-0.21538843759173437,-0.17571907310244486,0.6847150049857349,-0.14840716081354774,-0.007546438837062186
2021-12-21,12.3344834252371,3.914603125179165,0.30140693629250653,1.050918140569712,0.8494515186442088,-0.9180131660281109,-0.055651763010327635,0.36765841912122244
2021-12-22,4.546031004613681,-0.701228014071954,-1.0231979112036311,-0.7729906802984957,-0.17448050451570835,0.21413588931755867,-0.628532095208771,-0.037927885087351565
2021-12-23,8.9369459214774,2.9791967386868343,0.6678507575673631,-0.21540572635387628,-0.7939705059230618,0.13802419707327143,0.22022372194820253,-0.1259390345440844
2021-12-24,0.2698281819730978,-0.5720373991001395,-0.28460371445085564,0.904047289570919,-0.11089508839211534,0.043564720573798,-0.2553087286246567,0.017643282515385304
2021-12-27,0.10937850279624238,-0.10697097628056386,-0.20545558558643243,-0.20403400702377245,0.500307871425582,-0.22441586096536512,0.11550731408587481,0.10524093630052368
2021-12-28,3.6997279720045,-1.8707661887022482,-1.3670362017299869,0.9879345209688772,0.024368172460243108,-0.03588978765935835,-0.17579793019368645,-0.24151433093671004
2021-12-29,8.983549844256451,5.838526758421515,1.2840017535172925,-1.1826148751102716,-0.15196665439398635,-0.012372857774870818,0.15315555779633575,0.05052049976810557
2021-12-30,-0.42952037753549027,0.7533719262964617,-0.20707559812940257,0.8662816067303298,0.38631285586540237,-0.26706135097013417,-0.005637758671780952,-0.01107896411345534
2021-12-31,-0.2007080523181631,0.05315108000151059,-0.030060814895986707,0.014499501737869156,0.007806995443770207,-0.008238474190014035,0.002930784714565099,0.0007240236457190396
2022-01-03,8.70852106145593,1.179848135448993,-0.20855773242340703,0.2192043179013446,-0.18023023441483824,0.09420500431503616,-0.1672409705754272,0.011402965504515746
2022-01-04,-1.942556482585318,0.6250754877788238,0.3177490786991163,-0.3316155788864867,0.007212481207213958,0.3503314938467772,-0.09867216964598495,0.04199399924901761
2022-01-05,-2.2015474214552526,0.9750403632074023,-0.324146402328496,0.17564271181672422,-0.07459701614811419,-0.27639932756775526,0.1268546931321121,-0.015109549639984433
2022-01-06,5.4731534352400155,-0.7243448006352821,-1.0411679745081734,-1.072391662139626,-0.5578121127354561,-0.8852682830594915,0.6465564445262085,-0.3459251276756706
2022-01-07,3.3533431516824486,-0.810557569703954,-1.2666244134846045,0.6196504321370633,-0.3274881408136077,0.38475294853493597,-0.11860834764232704,0.06548032388774604
2022-01-10,2.804003357160241,1.1640230037491566,0.1510575118508365,-0.15580305526879112,0.6885516484550985,-0.2587284306600118,0.48400342994825774,0.13591542383428057
2022-01-11,3.5601013903516714,-0.8084398443650134,-0.41345791464887477,-0.09343032106632419,-0.26830579529862264,0.5016499122279302,-0.3528239891912257,-0.11128192821825827
2022-01-12,-6.73095960171136,-1.7637369329006092,0.39004444798061316,-0.46173528570301864,-0.17022088787045822,-0.30719759241238087,0.20277525156654141,0.021613088197491907
2022-01-13,-8.629613664615555,-4.825023961109607,-0.129145622543416,-0.023432438710659212,0.5863347769390989,-0.9932508555417935,-1.1101038697425545,-0.5479214799799261
2022-01-14,12.347471542168838,3.616896168514442,-0.0893690642846046,0.11601253307507356,-0.7915065695548346,0.647949513373184,1.2757796753866217,0.5012820082240119
2022-01-17,3.588303085544391,-1.0386978797434236,-0.3245714356089494,-0.1976073271065389,-0.35683858760354353,0.3693395998356867,-0.21759628363694564,0.00914082860202593
2022-01-18,1.0075498491310846,1.0691624415366723,-0.2065875818414759,0.0821523670203387,-0.5238774022538606,0.25897563805787005,0.8262351965633375,-0.5601443317449061
2022-01-19,0.4881274379263254,0.6829458348063712,0.286793572611274,-0.02803886486224687,0.28965754314323366,-0.4836992545862021,-0.7196766712634932,0.5085564746724185
2022-01-20,-1.6867663668924002,-1.2096027949175934,-0.44842064619955935,-0.12767919705253827,-0.002860974447759958,-0.05773855455972874,-0.12121624785001948,-0.11703444522454311
2022-01-21,-5.736576140958507,-1.496116257422951,-0.6423484397408223,0.3963263976229801,-0.016384790764672533,-0.10033637497464643,-0.04301678160856601,0.046208787071484146
2022-01-24,-3.555977762395205,-0.5994912741581017,-0.05700263685593104,-0.19621076566653245,-0.49131961814420333,0.689583377268417,0.7090932868570808,-0.8094304427614569
2022-01-25,4.928521926697935,2.467837170272158,0.13069049860194146,-0.4939962487382018,0.7058907472279861,-0.48357055206376287,0.42252935563161415,0.19218557408312095
2022-01-26,8.289506287737911,2.734777126900942,-0.18618526009774372,-1.4922876288519975,0.7283293770528136,0.06393162150892483,-0.5846752219261877,0.70600273525052
2022-01-27,-3.3162480540897077,-9.078684886878145,-1.3617206922919383,2.517354529978624,-1.2036980153862062,-0.18932076139213452,-0.7938784336552016,-0.14189762066087253
2022-01-28,4.952405181724035,0.08884031352626569,-1.038303619021164,0.07567854672124834,0.3420483349411135,-0.04738436664293501,-0.04025358517962613,-0.04216285553974834
2022-01-31,13.734214017032876,-3.74216665389954,-0.691613611006853,0.2869187899922944,0.5194586522457212,-0.2460376195513609,0.12441366105373575,0.1086680300009665
2022-02-01,6.051314489621443,1.3455387215759234,0.16569620203877972,-0.22696643125190472,-0.024066827856310983,0.42939246955124066,-0.23785058895960104,0.07007284534374664
2022-02-02,2.8712839897510714,-2.452116834581452,-2.1035594909442223,-0.23050952847485448,0.030307235108166675,-0.48015085493980153,0.39895970977345163,-0.12975555250194012
2022-02-03,25.701520196434775,-9.877045580701143,-1.0692169791645192,0.8958202928762954,-0.08023835289860805,0.6117469358437644,-0.11879443996911034,0.4930077185838444
2022-02-04,21.82188138801787,-6.86499969649288,-2.2775644996570303,1.0558987669946618,-0.0913424970369928,-1.1750263188097252,-0.17449577699486837,-0.5418202163814648
2022-02-07,8.919700730550975,5.767244639790814,0.07031194200843008,-2.1628568371044725,-0.5514634144747071,0.7207555692097094,0.09528146036327605,0.060546700759207366
2022-02-08,13.49196675465169,5.92918126732796,-1.1357661816951172,0.03369624624891752,1.1423561475108008,-0.3399538810258144,0.7259890412910415,0.22415827133725294
2022-02-09,-11.032338005907224,-0.9402021201422186,0.9792859249070603,1.127212553522737,-0.9481184393277846,0.09750264383576583,-0.5817348822351457,-0.1872180645591418
2022-02-10,30.38595427025775,-7.8722281757998385,-2.0065524538943804,2.4929340694328896,1.1615446153854898,2.232335716046159,-0.00822719156800666,0.8236983932328168
2022-02-11,-3.384976775941761,12.31171948425653,-2.247783943879015,-4.842298663375131,-2.370607237809323,-3.560486141375633,-1.2722481720352792,-0.16645837607856592
2022-02-14,8.373246486087577,-3.7449127505521775,3.5070557021882274,2.9923496178927884,0.28587751882710627,-0.579963618300215,1.6607969571464731,-1.01012563906436
2022-02-15,-4.806768892946632,4.293295044559919,2.623418123700759,0.653617083371975,0.7020031317719544,0.42532441782480007,0.23834736454239647,0.5233662611605047
2022-02-16,-10.306804563270271,1.3889087571841718,-0.5484259677054808,-1.3730934377273152,0.6738074518063376,0.05198246693156473,-0.12913694823867267,-0.40710325125904817
2022-02-17,-7.735311814946561,2.911130716916324,0.27348580822712093,0.28071689023807456,-0.2722343251295872,0.46526828705277945,-0.3692695227828636,0.2457167209748926
2022-02-18,-4.049324394181652,0.8522493093415243,1.9046092732155584,0.5709661061919905,-0.3524401534137906,-0.8145325252842534,-0.1210705234184831,-0.4166803507827622
2022-02-21,1.4961162493382791,-0.41854849392862564,-1.1390619750842137,-0.7889024211318415,0.8264489414080463,2.1645880394036467,2.538726848959328,2.8977461507593163
2022-02-22,11.933040984055216,0.4885031255160476,-1.2196625830261305,2.1582556871148864,0.21977603179188404,-1.7005587927234642,-2.6158360909692573,-2.4763389726511846
2022-02-23,2.585853303054861,-4.1594329758935755,-0.6096628589934454,-0.4502241297777953,-0.2795737659337824,0.3069067003239899,-0.15939349468934702,0.04011243356122538
2022-02-24,-7.996482563626946,6.38606479492289,1.3589380104618454,0.6897230465501535,0.4060060712177316,0.8618932316722109,0.8779669418806109,-0.3813481030959302
2022-02-25,9.028630963973756,3.085549607175402,-0.7263299742267532,0.07195242392383121,-0.41378679581608985,-0.312735712215469,0.47906063740835314,-0.09206274708397641
2022-02-28,-28.31367939739053,7.164117956708119,3.6479949998441614,-0.8536800233408064,-0.8149726801422732,-3.0491699466593607,0.3411405776362016,-0.08321337309564805
2022-03-01,-33.95962238722459,0.7633327028364566,2.5661615117650762,-2.242147717001117,-0.33750251685657107,-0.24021384555409658,-0.8491830404584929,-0.7077029298828239
2022-03-02,19.03704755625569,-5.6803237964316935,-2.9737031699639283,0.8230659929832964,0.8472212464122315,0.8495153272946343,-0.594329341713322,0.34733240996786047
2022-03-03,6.555291749720072,-1.765823740149696,2.348639235924777,0.9110946714262581,-0.6545335476564579,-0.39448509472377796,0.18493065296753866,0.06924445475784241
2022-03-04,-10.389541039900143,3.592180568452003,0.5848112056297385,-4.2227077755400115,-0.43806483542882785,-1.9835803463080532,1.580324830220884,-0.8129161564645593
2022-03-07,5.454595103343482,-2.7947257535775174,0.3575893703008079,-0.7667410123886534,-1.1137772115704303,-0.1465129382232658,-0.5399619644404026,-0.5328777505447349
2022-03-08,20.070853518181174,3.272292882867928,1.253634587613808,0.40891663714225535,0.04747849316680405,0.4910580886716473,0.770070598264299,-0.5360295552123093
2022-03-09,20.098304625077784,3.1373969659946117,1.6676466449636618,0.5912529474738023,0.48021701277374784,-0.7471995525685668,-1.0072243594537096,0.378888493289021
2022-03-10,20.678876912570267,-9.818920326441766,-2.0521066762647693,3.18249904300354,1.084323122415297,0.25398789235782193,-0.7654914498775209,0.2059675657949914
2022-03-11,0.6075421000081126,-3.476755060980071,-2.1309710136376756,0.5090281064778337,0.5972752285459731,1.2762876492123605,-0.9349044816837878,0.4378704254402622
2022-03-14,22.964150332763428,6.395343034896521,0.978943625721305,0.6020310562401958,0.5608220283577575,0.4105753715261034,0.05250760984149829,0.24355192994344876
2022-03-15,-6.541003664732902,3.7234701796491634,1.3592431118851034,-0.8201190164308759,-0.1451878762272972,0.08982479912105257,0.13640899009678598,-0.04188483076750785
2022-03-16,7.836413791197274,-5.2941302090966715,-0.9287251249144401,1.5928122072578392,-0.5466498328545892,-0.2108014466171474,-0.02919390743963176,0.25685020573104134
2022-03-17,-12.700549885608805,2.0599693363705986,-1.1748472804950567,-3.06645533782351,0.10473202907703187,0.525830589265082,0.2513084223321551,0.001143347315464729
2022-03-18,0.9674274518390803,-0.6699928404736388,0.6637589769891212,-0.16895649850022906,0.19586211342775037,0.28740645443471563,0.18671728816827904,0.03125558926325277
2022-03-21,19.888948910809123,2.380146713901118,-0.25415019215763485,1.013989069137965,0.07030095414984314,0.13977874616077693,-0.23711316832470428,0.09096418962287166
2022-03-22,10.053574975360274,-4.231209736380213,-1.599973816069865,2.118680548350708,0.08210678527380272,-0.6971109645385297,-0.012331406098175804,0.038520504208800495
2022-03-23,-10.9977976374646,-3.687555041356054,0.06221213338605324,-0.33163802107083507,-0.7248420542344806,0.26673932899098557,-0.04421535566208174,0.16515802709425345
2022-03-24,16.390498432476353,-0.425253378359228,-2.3612727424219657,0.6445510477109294,0.32164212055552677,-0.1811875640252603,0.090965481482089,0.07372108007127658
2022-03-25,14.671779616209847,-3.477280029434529,-2.114086588368603,1.7951014157161955,-0.5312447566729278,0.6304849343463038,-1.3462418291224751,0.23017773236915995
2022-03-28,2.118486208323087,-3.7794605786997617,0.615832051805182,-1.9102379168719787,-0.032948449941416665,-0.1682465512673866,0.9479060508252233,-0.019082150239616874
2022-03-29,15.626510840907404,-2.888767177875658,-1.6108317508067673,2.1568041140044705,-0.5581281499626884,0.4336136389783234,-0.7775108353788354,0.10725226047712992
2022-03-30,8.119858508487344,-4.731411170379877,-0.6882104974261866,-0.043355959532383956,1.8034255388767735,-0.4482059914164979,0.6943329120658325,0.06215405682438321
2022-03-31,-20.194485884223692,3.7541039567093364,3.0391187749283954,-1.1431755537099408,-0.51340965116676,-0.015971885352400815,0.22544938451736116,-0.021180281409786228
2022-04-01,1.738777728164649,-1.5818918429680113,-0.7992908722233304,1.0502617193195616,-0.1140962673401867,0.0992531567190015,-0.3816754467584671,-0.07785387022989447
2022-04-04,-6.341173359639668,-2.7565652490164894,0.4530628326149579,0.353483783173514,0.6547377074506372,0.21241658959910592,-0.2763594316818359,0.08227235224806145
2022-04-05,26.041724050817663,2.259148828392763,-1.9572059506946917,0.5800377607552071,0.08442344879329437,-0.4699963977029867,0.0012179076987890044,0.12528707898513602
2022-04-06,7.454811144287465,5.579086452713957,1.8870608721849476,-0.5248240142340926,-0.5550814258850393,-0.10307915761762335,0.17017328471782245,-0.08312396467405544
2022-04-07,7.254395166972216,-1.7337215019882728,-0.9879455793522851,0.2502082973563712,-0.08888258312113037,-0.751048418721113,0.08070797724880044,-0.14334445720347927
2022-04-08,15.204547622294758,-5.279284515521902,0.7510774023359378,1.2318008173405304,0.4102132572890787,0.12245141036969405,-0.3379557407890657,0.10375092908422945
2022-04-11,23.13084764325733,3.560724918257775,-0.4141140832104808,0.6351904607323634,0.5550160893097884,-0.2525426623088927,0.3118300113739188,0.16270968037639433
2022-04-12,-5.0402345078614434,7.453660768530053,1.4711198986701755,-1.440284337978097,-0.20310643565786002,0.18554887513596569,-0.16331533483455754,-0.34830992393997656
2022-04-13,-2.778490183814745,-1.6238525411351847,1.1001738527215146,0.7375704683394698,-1.3738641975858246,0.11050665132662357,-0.9156005522369692,-0.3761321865473542
2022-04-14,18.637448075991173,10.63842774597055,1.5752914320442741,-1.5099470598441387,0.820681055734191,-0.9577267799711885,0.09161311443483995,0.1387153209959977
2022-04-15,-5.188173018144776,-0.13257967348459385,-0.1410368368476835,-0.35468894324404115,0.20069253222772104,2.025075236363752,0.4401962942534206,-0.057679014345821365
2022-04-18,2.040682300618218,1.379230885601523,-0.9686425834931868,-0.33560964041456387,-0.4092868431748247,-1.648201413803237,0.017556487166340225,-0.41618107645634966
2022-04-19,8.522202342480087,6.77969107860654,-0.6014216219645185,-0.05922465254580169,-0.13605021533923217,0.038374160639460336,0.06075329643162361,0.04188700492216596
2022-04-20,-12.141665248569451,-4.094003001538169,0.642566579417017,-1.615011567731006,-0.1259116975077627,0.5168030709010949,-0.25984834441355154,-0.25288619014765934
2022-04-21,25.414972207874566,-9.395711311703247,2.761626599894099,0.450801038380375,0.17421334665366106,0.6414371966349183,0.8546784461856144,-1.056064993907199
2022-04-22,14.655800791943623,-10.628645485201433,2.0032979874496517,0.7837341220811872,-0.4698858266596959,-0.8203199669452741,-0.7912717068619142,1.0595784985325916
2022-04-25,-26.483036233745,3.8230416588695197,5.032879158528108,0.8618431870582665,0.4922707846261997,-0.0852260980585848,0.35468243712983044,-0.058743693276572986
2022-04-26,-4.978827489191299,1.0591430185601085,-0.13831310807133787,-2.363517352164872,-0.14109045946626197,0.7901108886235346,-0.19439387478068149,0.0024478793997463537
2022-04-27,-0.8331566279024796,5.096150021795221,1.5078117053764202,-0.5836425667221633,-0.13066421568092124,-0.08980267963930884,0.25961419005783687,0.06098415257692506
2022-04-28,28.73851503672601,-2.1927618878797324,0.8010535050520486,0.46714889930069103,0.026307656115878666,-0.20327211761632463,0.04808474822625291,0.10646037673689623
2022-04-29,12.998070578055959,-4.625344562566078,1.802539841808574,-0.006460799337658723,-0.3716720002101297,-0.10558578546894626,0.1583239310046725,0.16634060074690854
2022-05-02,6.864374189423797,3.7500526393413782,0.1383803135794611,-0.9664139454260208,-0.24793431756012282,0.14798414016999067,0.045064003452942265,-0.0726506371582246
2022-05-03,4.249369176519976,-8.784138305571789,-3.6514985382937866,-0.5610195603521482,1.3216160286448704,-0.7252904018317703,-1.539436245610619,0.9016912255140278
2022-05-04,-9.795202020559834,7.238125945579179,-0.1851978154888064,0.6574218509882997,-4.605773599364289,-0.13723270043535915,3.0553865677742023,-2.3323111915931545
2022-05-05,16.969111718709495,1.5354470726833305,0.8990455044462603,-0.6643456595774057,2.3621407381589536,-0.3380031345389222,-1.2536153146851843,1.171697170906141
2022-05-06,26.50729827624178,1.5310166371876148,-0.7076532673978124,-0.48384908417928424,-0.9518040328874701,-0.5123111893230063,-0.01195881616749621,-0.29196040651987654
2022-05-09,-3.6575182333757406,9.434681705278383,2.232568054497032,-1.75677099807808,-0.7907598484615166,-0.3486711193300843,0.10672274112287995,-0.3543559035862819
2022-05-10,-22.516600313568016,0.578303775612301,-0.9134794419764429,-0.810862422902032,0.13893584458885033,0.3739925971661829,-0.07773875137187197,-0.11638068259400823
2022-05-11,-17.974009320572836,-0.663151404500738,2.787920025190087,1.0119497557369546,-0.738190978398918,0.8786620268318714,0.37367128195477045,-0.7723838357591807
2022-05-12,-37.40461122320115,1.0851424370327336,1.1701502388650624,-2.0776308123165137,1.3359932760784465,0.08154903167976618,-0.4501482812002483,0.3572988878382643
2022-05-13,15.984925089218429,6.021567920268074,2.5184748016239524,-0.18672957045128288,0.18942765797706312,0.2550576918460694,0.2630181918274559,0.13412906404071065
2022-05-16,-2.7761647664488804,-7.191181604554385,2.718487355441657,0.058865478650586923,-0.30703306782476775,-0.12456515901762885,-0.012666521281704216,-0.08460970675528753
2022-05-17,23.653003166101392,-7.736903729699736,0.3652127736766001,-0.5754654137572591,-0.2903959155500183,0.20605001989386926,0.1638571412218134,0.42553637247417014
2022-05-18,-1.4514919291269106,-5.6174084414188625,1.1814176296930756,-1.1826850096771289,-0.6760625575577196,0.04422745007524233,-0.572498948942186,-0.5191932912807212
2022-05-19,-8.210739650939402,-7.863499909310848,0.7736654565193676,0.20685952668777804,0.49669781089990467,1.4298754400367002,-0.19730719560773646,0.4679193740654022
2022-05-20,-6.8647678821668,5.293907802775419,2.407695124427747,-1.6300635574960083,-0.782704016692352,-0.7308274224765372,-0.16041398271065538,0.11823963900604931
2022-05-23,15.969840663779992,-0.8577960243695885,-0.102983222997782,1.7567375866465924,1.3176410853555454,1.5256087759772599,0.3869670614000016,0.3841060517502091
2022-05-24,-10.851877150480092,2.2803745248073595,1.89984880795589,-1.7971506365042225,-0.39711624761603564,-0.17613154464906566,-0.32215589144327944,-0.43241905964801225
2022-05-25,1.221790755645816,5.279272805085501,2.1724539093280044,1.0300645336436878,0.8150404502001045,1.285211624566958,-0.1404786862733743,0.09506450632174439
2022-05-26,10.671641918811346,6.292547202501652,1.0683934865629403,0.5414199729476347,-0.00022214276200767778,0.4068817762688524,0.34075706406567174,-0.2339655841676705
2022-05-27,-7.329398381506406,-4.867604334623109,0.09357363332612932,1.102682972220749,0.4524148917776865,-0.9804702659475057,-0.7809251140800194,0.1842197710071782
2022-05-30,17.466256802118764,-4.462517926601468,-0.0503815308631973,0.1779851836214617,0.21040349720349447,0.12556393466557983,-0.014372035874129585,0.057274359414989234
2022-05-31,19.355393831841752,-1.2924020174777326,0.1705886051979017,0.39412403759613374,-0.2547981737730815,-0.09280325300035895,0.05638673681530278,0.25571571896664497
2022-06-01,14.855342315436047,-3.040353782360264,0.08490307435962242,0.4572443702901731,0.052123361705786894,-0.32085658947694345,-0.4407357417646218,-0.24381894331055157
2022-06-02,15.411413742550035,-3.1560210655063003,-0.882405911830825,-0.4604125611617757,0.3357058442841069,0.9398990775571917,-0.029366835856100403,0.5064986399953602
2022-06-03,11.169683937390428,-4.792516128248497,0.7372468410794575,0.4040853561416526,-0.4937652144246109,0.16218980029161595,-0.2838240482775678,-0.016834953877366436
2022-06-06,6.5992282033714185,-0.6795364069817279,0.38776231035707626,-0.6208882461979572,1.1223314372292301,1.4586375722465277,0.5370091299548522,0.29654908166531757
2022-06-07,-4.3156253333228936,0.14259130094929684,2.3313493531041787,-0.8177604869477908,-1.5590850670448095,-1.6410977631937151,-0.20711335431262765,-0.11735566787129512
2022-06-08,14.360446738415352,1.8645362815504285,1.538036318425102,-1.0054180435146027,-0.352090376641033,0.39761022450936795,-0.08577505382895381,-0.018932598722021323
2022-06-09,23.106751779960284,-13.424172397696061,1.6978660190075543,-0.4111984947870809,-0.37549846830948863,0.21504868900012278,-0.055096459247418024,-0.0827668131511204
2022-06-10,27.949758796299594,-11.634667669131163,1.8988709301317777,-2.0198399036185233,1.0259810344891775,-0.6998538081100838,-0.8506036909107564,-0.23541863271673258
2022-06-13,50.04392707391816,-15.340358008120798,-4.042986474876817,2.7458152232621815,1.9591653167130736,-1.9743242631487519,1.9691725303888845,1.4415438708622446
2022-06-14,47.86916251606851,3.3333354888127853,8.043860608240267,1.128729284898448,-7.192106166970778,1.2540372692334336,0.8430881472571462,-2.656391825071653
2022-06-15,-51.113925689177286,17.24439689619526,1.336718525531877,-2.686895157084761,-6.903320777692276,5.321650924238531,1.4422226006603571,1.8280853052042911
2022-06-16,27.343296750643702,-11.324119740034531,-0.3238229809304939,-4.64769710568013,7.832531466465196,-3.032975507374675,-3.1866924142214326,-1.8021878896337686
2022-06-17,-16.79854005482368,6.026425980709451,2.799852413385418,1.0681421292749584,1.2108370936217323,-0.3639108118426116,-0.7669419569682986,0.9279779498879499
2022-06-20,22.023586058056363,2.3996248338775303,-1.3462889123428843,-0.5458004949331926,-0.274216826358322,0.8875475428358979,-0.4098009459950208,-0.9706678752645697
2022-06-21,3.579601771568998,3.918066022290666,0.9835726648850562,-0.19489763935195564,0.6023807019964839,0.5208814170308824,-0.029033988938448316,0.16160482330385853
2022-06-22,-28.25910379333042,-2.0446899828174554,2.026382068598136,-0.4707287445767237,-0.5559155145064402,0.06261901728937042,-0.37689751993161846,-0.39172232742573715
2022-06-23,-57.27389557388275,12.454465290888276,3.2180949613862224,-0.5402877065087712,2.3864689363868745,-0.3197200115599654,1.6411458947528854,0.1783895903129347
2022-06-24,-2.7338220828659163,5.470383479903593,-2.9640813656229943,0.4603347185982638,-1.4973784700735955,-0.6787684815918519,-1.067926249437375,-0.42383720513991896
2022-06-27,25.598599944222585,-3.3270411011200625,-2.848024240728787,0.6417146015275589,-0.8481322910832044,0.00182697671944522,-0.29992469245943565,-0.08375231624610631
2022-06-28,17.414686014473087,1.1872445151572055,1.6572418568983718,-0.7992935858377109,0.10074370769437285,-0.6941228838955236,0.3867254320129757,0.09017495492572163
2022-06-29,-19.793200917253643,5.2235472651782136,3.167972183881635,-0.3936415094773206,-0.35620818586589176,-0.04377670430792016,0.3000878264436805,-0.12240255343620014
2022-06-30,-49.9300968295722,5.208013491303533,0.3797442239926088,0.023580443019293972,-0.04950475871301095,-0.30048953481175195,0.0008398334632362612,-0.21964620165092874
2022-07-01,-28.984463568139507,11.355596760111727,-0.7732878465665722,0.990592327046153,2.391234041360353,1.0693112772191256,-0.3770370314710884,-0.018844779419857266
2022-07-04,31.77654188714984,-4.580537798658109,2.7021532277800446,-0.2336206377779065,-0.882194993919925,-0.34569515514430993,0.1006278028712833,0.2762802719915651
2022-07-05,-33.83833669491397,7.264413406997865,-1.554336181194418,-1.3667267368496956,-0.04913317403755006,0.10245130990142096,0.20138816188786365,-0.20312370834645518
2022-07-06,-13.802361694109228,-0.11354162946712675,2.3587808120065294,-0.31007271858825025,2.54735646814548,-1.4536995718367416,2.3239759709023287,0.14000876544184648
2022-07-07,33.4584517809892,-10.817181453442766,-0.4163183211318539,-1.4023173785659337,-2.760224645497923,2.0262446527369575,-3.2831219351891057,-1.0871646461099074
2022-07-08,4.964148345071336,4.157702465026963,3.544266154025877,-2.417963779730299,-2.1378932151117107,0.29708296612729895,1.3109194007089708,0.8717238115393131
2022-07-11,-18.274339338229552,1.7458585017401123,3.610589335005572,-1.4786224883525327,0.12651437202057483,1.0034466068540335,-0.17319341614058276,-0.0782003417833434
2022-07-12,-26.012293295883858,-4.173635351233836,-2.3959380110540582,0.09978589675021694,1.0446933891126036,-1.1148545918344777,1.0359782300606455,-0.18575748441821194
2022-07-13,2.7118260777156133,-10.152918715500029,0.6919900623835349,-0.4514537081391051,-1.8982885744087994,1.7843833086524696,-1.4007461911292143,-0.08766249861950517
2022-07-14,5.438838499805102,-6.32745830808149,3.3840644138428173,-0.4441492650584432,-1.8067341303133948,0.7531539564975467,1.2028507035590001,-0.6274821623591411
2022-07-15,2.1947362109725943,-2.796709270511807,2.5942090610193844,-2.3312840553704457,2.091861826698379,-0.29328457607019154,-1.4717583989599077,0.7606620982831345
2022-07-18,9.980091479007887,0.06612854360638112,-2.2786261010460946,1.3827514672860388,-0.9404049202340554,1.532675564959708,0.6694761893580886,-0.877221596281955
2022-07-19,21.9390142248494,-8.636601453215883,2.86817405131391,-1.3561757122476028,-1.1256518828043505,-0.2444748579665633,-0.9437884313878144,0.7717419141949988
2022-07-20,-9.50808692189565,-3.3023679883508663,0.27919619486775504,-2.203442607931092,0.5300540082714705,0.3715044156444843,2.2305743429288154,1.3895151644926558
2022-07-21,-1.0349405052196214,-10.273368145069567,0.8126385970067427,-2.1685566162451093,-1.2269965664779585,-0.5819781516644332,-0.41818943224783384,-0.75288151276055
2022-07-22,-43.13845195387533,10.711149783056834,5.6258942233977125,0.6417846300579199,-0.857496605923664,1.5867486953445888,-1.816154383727561,-0.7613081403644258
2022-07-25,-12.225190114288203,3.600758253314719,-3.0149984126691507,0.9682396823270117,0.5180042405115175,-0.9192878483930502,0.5459871041304732,0.040964965229720846
2022-07-26,-20.78960582055982,-1.264767178861007,0.4444392223622302,1.1693777013969795,0.19605500029032844,-0.1995708527170361,-0.028622412757911476,-0.09117383145690035
2022-07-27,12.060172609815842,-10.275501327739542,2.163234269435224,0.25310121219424625,0.042894111778213596,0.5554965351877421,-0.6078124718153969,-0.014610051543426955
2022-07-28,-33.30836893330833,9.800631470608076,-0.638795453695719,-0.6558238253386484,-0.8787835044091226,-0.5508967962963552,0.3318993060311225,-0.02728925532617018
2022-07-29,-0.24381976508981398,-5.2846402053264,-2.4479480712872004,-1.0974600714495268,0.9227998118900687,-0.803236336256685,0.8290562081988251,-0.16013624898635187
2022-08-01,-6.507665895051755,-0.5368800567623454,-0.25224232023392684,0.5681668482886184,-1.1857540265465962,0.7373907221401836,-0.6130597416283243,0.12046848281020948
2022-08-02,14.475114040718374,-5.153379408836721,-2.260340811092003,-2.398191788273339,1.155284835378671,0.05269507390038935,-0.4868234711933816,0.7401701125567896
2022-08-03,6.640315452691701,-5.465773763504334,2.2626788292778373,3.7082640348561635,-2.989542216233409,-0.4784476505851027,1.6916616361086487,-1.4079290985918391
2022-08-04,-11.811220388570568,-0.2439006419413834,0.5292664105300263,-0.7915764674407961,1.6103147317077968,0.4355543369227582,-1.4634251222071866,0.6171454714279632
2022-08-05,42.94524667400257,0.7757253322328416,-1.2176099342574092,-1.052132521875666,0.04669277544137623,0.25657133187789155,0.009181683377533542,0.12248201554460382
2022-08-08,-10.940716437171655,-2.245088497086439,2.1495438440358354,-0.6972739981358398,-0.1013146303296839,1.7163162485372332,0.34792784118443476,-0.3839801033901869
2022-08-09,9.183397597915816,-1.1197112539489003,1.6814163942204008,0.5209164409089607,0.13190256687777624,-0.7260091427722938,-0.9054598318698808,0.04040753933752353
2022-08-10,-5.958447381356255,-0.04321417967944248,1.2009141324858832,-0.8752940505665344,-0.1667937247585365,0.13599108757293712,-0.07682466072537539,0.12102015704772795
2022-08-11,14.91436291687872,3.7053065757120476,0.48197952442142106,1.4433935104063509,0.0894625701811169,-0.5807727797896202,0.337599406211428,0.12721585740318872
2022-08-12,1.103973256674574,-7.0395921170423925,-1.4353454842651885,1.4119185912701406,0.8574733342085907,0.2272802661875488,-0.5378676352136044,-0.05698744578222596
2022-08-15,-20.93805727796751,1.2054837905406786,-1.1918792844531207,0.582373234934345,0.39893295452456606,0.0946434250932946,0.04526627281395325,0.1926020838931656
2022-08-16,11.071483751433414,0.9444349757927072,-1.505951010565036,1.207193068552769,-0.02663004935669515,-1.8269458559794327,0.3725324091658795,-0.2898742060779747
2022-08-17,31.09147208291902,-10.539190505016803,2.789144549165138,-0.20625112740938623,-0.21903776777349332,1.0999672079095864,-0.23294184107662194,0.44490656394324685
2022-08-18,11.301442646217202,-5.1166789492983735,1.455589452394245,-2.0381962654844785,-0.8536579304451949,0.6022104554936449,-0.04203654134038987,0.25739184819327066
2022-08-19,31.81113033769347,-1.27395064206486,1.3242574502883857,0.05621636277885539,-0.4981363511917972,0.08297266522216686,-0.11580992553492034,-0.19081749386765215
2022-08-22,31.42053421920368,-6.618180103551496,0.6948736439890036,-0.843484542628843,-0.3302977649661182,0.37191145664111125,-0.27930301784638173,0.015761868434534976
2022-08-23,4.066006615221721,4.076906694122999,1.235752450225343,1.667177998108994,-0.5937996889817937,-1.0625698090843472,0.30776029537667127,-0.21477788364376393
2022-08-24,18.308575661148346,-0.7238075207294873,2.014600422227831,-3.1146019138893384,-0.6908593737920778,0.2614064023036306,0.1486435906658929,-0.16286456562044102
2022-08-25,-16.972557928921624,2.037912767641735,1.8690183815306374,-1.4025982370785985,-0.16922805505438557,-0.16473740156976516,-0.5788392729094138,-0.6232272893341616
2022-08-26,26.908594100862892,-8.727069770791307,0.4498083851063856,-4.256579021830522,1.86176226210054,1.6107569298334652,-1.778859571236809,2.030625315251431
2022-08-29,37.045083821547024,-8.419354480165504,9.269865991639989,0.3382646419500949,-4.250428264397049,0.22257872984522434,1.6876103357650056,-1.8048743395451292
2022-08-30,4.6948517861546994,-8.849662205597467,4.9009051230638905,-0.7328163950095826,0.19253326377999175,0.7944544879093183,-0.2048387322247036,0.0380788232805939
2022-08-31,4.280093122736864,-3.02620503907709,1.628121597492825,-0.7706479071438106,-0.27275318578526125,0.32630681988631055,-0.0003895571327829514,0.2936672968913024
2022-09-01,1.4834681713903046,7.77267801972885,2.6856891479287626,0.0436098780483701,-0.5215800647099743,-0.05841079360678501,-0.2505658013425971,-0.09561163688883771
2022-09-02,-10.704888089955942,1.959053451347103,2.056961715821899,-2.1967318531704256,1.7331707137933865,-0.9289062290561981,-2.1667390611961914,-1.2651963622536613
2022-09-05,23.808484900235488,0.8175078322093379,-0.984113694403698,1.3607490897621068,-1.5359214122450013,1.6260654329350597,1.830895138762702,1.2074996179591089
2022-09-06,11.139350288587218,-0.6554945801296933,-1.7464961035317637,-1.4956397393262026,-0.8881129327666776,-0.2523555050029739,0.025607817485523536,0.03877182845508234
2022-09-07,-24.053686021438356,-6.9294065064182435,-0.616174757933512,-1.1952856661977183,-0.25186001649288764,0.32283044292344987,-0.5406760070083134,-1.4832503431293271
2022-09-08,20.77602836398655,-4.346456973141651,2.4926809673995294,-0.05338154800614202,-1.7826212511699706,2.795953843073824,1.8374580348600944,0.5080959508743462
2022-09-09,1.9951738154862273,-2.2035739164095687,5.470672853752844,-0.82598361149609,-0.592738748136845,-0.08047819899145518,-2.5055272571078793,0.052462216767158266
2022-09-12,-9.483235084123814,-6.43963913950803,2.3235345352874384,-2.757259062718135,0.6954236191698461,-0.35663091054626833,0.47447855378688425,0.5440096278602139
2022-09-13,26.308114273554576,-7.724798309302373,2.5109946939930214,-0.8159812576917541,-0.7062877704081211,0.6665241087686797,-0.34255740208649166,-0.08343556584744068
2022-09-14,2.620450814004078,-9.324972140120416,0.6191561915129625,-0.7158802553764552,-1.2015208445875143,-0.29417787892653274,-0.008315320022380009,-0.2494130696465371
2022-09-15,9.282232742874006,-11.802729592969303,2.1546462528809687,-0.10277189702184907,0.22809473086786272,-0.014931598007609796,0.5251530277515344,0.21034805563666154
2022-09-16,-7.984286749927376,-0.7159273863102272,1.3217704327944073,-1.6424601735695046,-1.1109104600959456,0.3130862027129585,-0.20091414160542542,-0.25932757825317543
2022-09-19,16.321418443340743,-5.444003997861691,4.296538907300181,-0.7028076093446808,0.45200795920552495,0.29484984802806347,-0.9130673422745865,0.9314215404209483
2022-09-20,31.67253787531242,-1.777630661692125,-0.49692638780981857,0.9124333649094688,-0.5424591029110859,0.25054776114275995,-0.14890889298172583,-0.11913081746985636
2022-09-21,7.230769182156647,-17.343619040518934,-1.1326166133602185,2.1096236009386,-0.5553551283028871,-1.2457611169286296,1.3213744954635585,-0.541081771952781
2022-09-22,16.062823282371195,1.4755257740838488,-3.660216817785923,-3.534216189307377,-1.4133719674924443,1.1262312831348666,-0.5773521559000142,-0.17214450407980605
2022-09-23,27.0744200358836,-8.88164530646974,-1.9582653307194173,0.3863327963499071,-0.6998968871110082,-1.5813938746236225,-0.04833555317021886,0.0484494253383533
2022-09-26,34.85231999147522,0.03715832301513474,-5.590664358447151,-0.6514193467770859,1.9417997986662603,2.3457538518011933,-0.7081610676382575,1.2022438342083674
2022-09-27,22.22432991758052,12.13009014360435,4.765074363118987,-1.3822607325536556,-4.141419267475666,-2.67572295581206,0.9301248295112047,-1.7946627140209372
2022-09-28,-18.00097888285481,12.28753095617839,0.3770076041728424,-1.1659830609030923,0.5558472140901878,-0.13826662853647534,-0.019995683441119256,-0.5580090086014077
2022-09-29,5.306424432152372,17.321820442784944,0.03855456996877329,1.0075902286932508,1.3720052592581138,3.3930823489199784,-1.2462913838885346,1.0390094868507003
2022-09-30,-16.950367763634745,0.4322684564065973,1.3980590942445967,-1.0149380549327855,-1.0920702314840498,-2.7718552196700394,1.2041408846859238,-1.0986340970560793
2022-10-03,-48.057704564003814,1.9137618349459828,-1.060392389257367,0.6406281532109172,1.122874624307528,0.19382132576791256,0.08286042052682617,-0.1776002074481528
2022-10-04,-19.12660590046051,3.5700806772827036,0.5116268095404098,0.7842498326123163,0.2914899394526843,-0.4379046596313608,0.04339459380757236,0.09521969348733761
2022-10-05,35.690618400072744,-0.021676867549268754,-2.548596159592391,-0.8917731266159854,1.3853618867030437,-1.3194284923724209,-1.5074866838586878,0.23946705537068227
2022-10-06,30.75505077130448,-10.88373691007076,3.0924655926522093,-0.957073847240458,-3.1582558821955113,1.9786227333899356,1.895736919804113,-0.45978019963346844
2022-10-07,34.57801348598348,0.18703435223593654,2.6971390436099707,-0.487464945155558,-0.37598306811526166,0.03969593898914691,-1.1571317622347823,0.2460369316224179
2022-10-10,25.779730327298648,7.921936444846253,0.07500537523894801,-2.8679653967323464,-3.146549283342283,-0.23745194402763883,-1.3528833074300337,-0.9809385909976066
2022-10-11,3.1211117013414986,3.507589991259239,2.654409915410592,-1.8694271565126586,2.743184283459798,-4.443604799194023,3.3555542869022714,-0.9723920459220019
2022-10-12,-12.261582371498138,5.668424900560484,3.548535233555866,3.7676682558482457,0.08391252239529516,4.644265529764607,-2.3541507749481583,1.2592811996677478
2022-10-13,-2.8969802421089677,-12.897853474941344,0.5080574937821665,-0.837596527076169,1.0624761084047676,-1.161876566258497,-0.6037756854612552,0.4503436558864988
2022-10-14,11.072163146200438,5.236935838372194,2.2475543675816008,0.7896898057817187,-0.23891561215381443,1.885844603912043,0.3527590696750508,-0.3442354127337679
2022-10-17,-14.417428104919338,-7.336079776769701,-2.1173007851571857,-1.4447384554016995,-0.46409375993003904,1.3980780834002877,1.3192704557738186,-1.142746775988916
2022-10-18,-9.892692542420093,-4.374843002083124,0.2238873709408631,0.25300183111546304,-0.6086199594664914,-1.9193532479955167,-2.0620654895380772,4.176293509160665
2022-10-19,16.81101047209342,-1.828739998224782,0.9007726926996801,0.33425616360351207,0.4945678480112175,2.28775417829934,1.2475234405891467,-3.2456114807775536
2022-10-20,18.745079033509487,0.01254440783516753,1.208061826126822,1.0494008157385493,0.7764340573909224,-0.41290017297532394,-0.8227971687994148,0.9853910174531588
2022-10-21,-21.869014938894153,10.01658628050321,1.541834483870824,-1.101874311011743,-0.6984948288646259,0.20192404767986905,0.1401409857756554,-0.20983039353928445
2022-10-24,-19.37785506520799,-5.3258213810784785,-0.10706458861762518,-1.349866402493555,0.6804280060690162,-1.864261553970753,0.43793890719142786,-0.9115758414875778
2022-10-25,-37.02523558219534,-6.0154807965844235,0.45438190722191535,3.0040664684435723,1.3173176352645604,1.7827818901059513,0.3431183634541114,0.5442167085235307
2022-10-26,-8.551761325898005,3.2432868874214504,-1.376428288251589,-0.9577916303378671,-0.93508830841049,1.674117072638104,-0.6323321300060394,-0.1780401294507587
2022-10-27,-39.25707508340599,11.166180145811188,2.3537779747614302,-0.7854119867501697,1.1284924979378081,-0.34576980994410506,-0.527763917836158,0.5024543152416846
2022-10-28,39.27017479398266,-9.390444382795343,-4.996867238025139,1.8919788909829118,0.3090609086044066,-1.0376407635646365,0.245883078464778,0.23389425364667218
2022-10-31,12.24576904706306,-1.931464188421935,5.327077397803141,-0.8110623671595499,-1.5216169704461093,1.1136782885815095,-0.7715480311870071,-0.14375952308044035
2022-11-01,1.6853211642997095,-1.623440739024562,3.7898426571088244,0.11530697060874197,-0.4222065234792856,0.26367111715688263,-0.1798237476372641,0.21950088212470625
2022-11-02,4.49229699196096,-2.616204812025471,-0.8804096407990611,-2.1010209193469565,-2.1267805087788587,-2.073101323004846,0.9606131244209309,-1.7886739580634583
2022-11-03,22.121915212693715,-5.165796359746628,1.8686042834235763,0.7695946507904655,2.0224841901733797,2.3567567411415418,-0.9483798539296802,1.575005399732992
2022-11-04,10.057913548240188,-2.188864709078437,3.316377885763427,-0.4113818162815421,-0.12300259384519181,0.2987084919264278,-0.10552132787000942,-0.029800300797561286
2022-11-07,2.137417437586391,-2.0687126936331897,2.115676474607099,-0.7428705962831355,0.5539970890607555,0.41631313993533625,-0.08711672013582338,0.1631712276952908
2022-11-08,-20.43660425007865,-5.7507177042876165,1.8358788026443145,0.28259264697676745,-0.05139924880816478,-0.060153917876190094,-0.8542878225102767,0.6499414634634644
2022-11-09,-28.90493909034661,0.43379404225817175,1.3333361298783595,-1.712396966279467,0.33128244919135585,0.19522505420602493,1.6367918662436969,-0.5998365479851687
2022-11-10,-33.8185738938373,2.24421630303594,1.5848767241448094,2.1784641701882186,0.21187185109536782,0.6843947982000197,-0.9288061731389555,-0.022643363076259006
2022-11-11,23.318194068364832,-0.6127055016772048,-0.2578096405583076,-0.7340081672763356,-0.21210235541239897,-0.33106675355208304,0.42822008946982076,0.15004106525678326
2022-11-14,-4.004847875473999,-2.0564088785150645,2.6652979000673076,0.10763481966658306,-0.1174468219207407,0.6358320054735832,-0.5988916714759137,0.13087250506394577
2022-11-15,-30.314019078731633,-1.9351386556438535,-0.45063306693692523,-0.9149736482577508,-1.0562520447131658,0.31945745445528306,0.31085642209905967,0.05049486963741806
2022-11-16,-9.992572943854611,-4.5096352826161255,-0.6173722687693978,0.9504880242509829,-0.010046891903442401,0.11821350838952017,-3.595404528464356,-0.5831658680444265
2022-11-17,12.950703590207077,-0.13945099115030565,-2.650794041833907,-0.21984173415332003,-0.28431911845593777,-0.7618926745668066,3.712065159708375,1.0971763288081522
2022-11-18,0.24274534527919478,-0.7170730405503963,-0.10705904763038994,-1.421257083895868,0.3243765605680707,0.08247314200428345,0.2601062733217318,0.3417431850262972
2022-11-21,-0.8640201919954115,-1.7438855938303268,0.21253280622583087,0.5450729816719727,0.43475800941973286,0.836611588577335,-0.1878544649440953,-0.6759284035733387
2022-11-22,-13.001824615110461,-2.3290270748370965,0.5187591062745341,-0.4830973281709518,-0.46269645577728896,-0.24472045713117732,0.07686996985371322,-0.21157728214380273
2022-11-23,-8.151321674531463,-9.278979140512172,0.15421568600454189,-1.5806316858678575,-0.17221247526697517,-1.1410695892860312,0.5992160158294237,-0.5688528554360208
2022-11-24,-17.147773331262364,-4.091406637785203,0.45682089070151966,1.148603418853818,-0.40639586121544036,0.8958851670713112,-0.3483574936705499,0.6480008155911897
2022-11-25,23.372568540945565,0.08433301999412633,-1.3429019846591097,0.13051380838598636,-0.6158031294899786,-0.9038470927015766,0.356652062320173,0.1635858056173755
2022-11-28,3.570148614732509,0.34708149486526174,1.8935593623418723,-0.5318853721256152,-0.4787200756351584,0.4931175193903572,-0.3452135128331662,-0.32504125382790244
2022-11-29,-8.216304370290164,4.136277833159632,0.48041589026577747,0.09890989089459268,-0.6913360009461481,-0.769886588512247,-0.6957986787483135,-0.5767258547725234
2022-11-30,-16.01607435488539,0.16795935592681388,-0.938662157645338,-5.21495860897982,2.41797124475571,1.0752215322868208,-1.0937038948165396,1.8521651728470663
2022-12-01,-18.827355017605942,-0.5134405165975432,1.3341035763692435,4.757707770603598,-1.5023320145172703,-2.953909795504898,1.0285974816950758,-1.186093607268661
2022-12-02,11.740618541773443,-5.371326055239604,-1.6529875105391225,0.24784883437971753,1.3964927642843856,3.21108259011372,0.19851348936139798,-2.0236759215244997
2022-12-05,7.4861822113892185,-3.6826580132240685,-0.9461271805484048,-1.445743051567003,-2.820542500072082,-1.3837118673300297,1.643833023391351,1.2715168907238361
2022-12-06,-16.332005911884856,-1.1412091623989047,0.7884999994059638,-0.04192997301118298,-0.05468042727252937,-0.5026232091275351,-0.6361261538359273,0.5550634234144226
2022-12-07,-3.6569029131284005,2.265292332353438,0.49736052182287616,-0.3635431422586718,-0.5742127196573185,-1.5978241831619817,-1.2930810464297837,0.14172868755820164
2022-12-08,7.222126535877818,-1.780200427402866,-1.4164130541021795,0.7468291880172279,-0.7654306636577386,4.271230445891195,1.8061683601836749,-0.7403921325971934
2022-12-09,12.918848829516481,-0.42130739489933033,-0.6305187534533843,-2.272398398747468,0.6809073066147145,-2.6471973091338286,-0.05870523486019504,0.6389229552835987
2022-12-12,8.434548158655742,-8.204138664583873,-1.560773618933113,1.0038393419570233,-2.1717735211341234,1.726883751192793,-0.04528809368724907,-1.0819558973906491
2022-12-13,-3.726040368218815,8.595529165020583,-0.05366602546997869,-0.611677260557046,2.1508765859735575,-0.8897033021393906,-0.15737989892418597,1.244841037191142
2022-12-14,-1.2378913900796302,-1.5685846427832288,1.5063597433185314,0.8632734906539239,2.1105457569353754,1.5742442383771695,-0.14800550877372462,-0.39256334457734027
2022-12-15,31.748498261766734,-12.755327030917963,1.4559085145949164,-2.771849049647397,-2.4761933277139874,-0.03387940813963206,0.8806596019617635,-0.5609149569903275
2022-12-16,25.62926362575469,-2.1562877429589187,5.919305720460452,-1.2144408467893189,-0.8394674758929309,-0.6305856665333476,0.11642996978910024,0.609094406457985
2022-12-19,4.106666195972968,-0.1381246174426219,2.9151100648975885,-0.11978498589296781,-0.5260684335644797,0.14791215347438075,-0.3168650537760617,0.0019436091048361526
2022-12-20,26.214553794231755,2.1355361563223663,2.1088321281922395,-1.1141221935515664,-0.060288787580884816,-0.036897001887128286,0.05070531280385473,0.023599045848070245
2022-12-21,12.458511610568006,-0.323459384422522,1.7680696462971044,-0.3284970511910811,-0.34971651904369466,0.8141968547355675,-0.456091558279454,0.423781760895914
2022-12-22,9.625480143915714,0.5359539249579947,1.3031105492521105,-0.4479579254284544,0.00685632156480821,0.5267591537103006,-0.2672570358167011,-0.567157445471123
2022-12-23,13.600101120840575,-3.6879210518730035,0.2801483640889686,0.15715465591778283,0.5922002398632498,2.0551629331638104,0.472676124159624,-0.2243620188042526
2022-12-26,-0.5216869026800636,-1.8416384768596035,-1.1227887806759407,-0.4422366809094678,-0.5231350733904565,-0.28958555990961116,-0.847688830196461,0.44171537585271475
2022-12-27,21.97562348359995,7.237772112029985,1.0810443192729233,2.7082007763076423,1.2734333997682223,-1.836169213178253,0.8160737901340506,0.3868801193612058
2022-12-28,-7.100101996858954,0.051312164145297684,1.159864553414989,-4.128528169590355,-2.0036090706108145,1.9353635627169636,0.4554573827960265,-0.8864599247316998
2022-12-29,-12.560232883980841,-2.3023819678617103,0.5870898334432646,2.3254480042718755,-0.46477007101276074,1.1333464609957509,-0.8121241519981743,0.03803747945363477
2022-12-30,23.590245893238816,6.726397319922359,-1.9584332506544229,-1.4735570784150298,1.2938294388514826,-2.543179535609914,-0.36745747909534743,0.33746571879296994
2023-01-02,-28.841929162129333,-6.78219177078036,2.413765024545501,-0.08220825425273409,-1.0114907076226236,-0.41482555501671936,-0.008577044439893282,0.15069413959823252
2023-01-03,-17.242169603626476,-0.9480516169829224,1.8077167708508968,0.8368200656539658,0.9854589237879103,0.22449011866897933,-0.5322181729424914,-0.1895218501831167
2023-01-04,-26.761889840386388,1.537845380165763,3.8145750508069183,1.5107194701342805,0.9205109142953629,0.19496730505751755,-0.604885209290062,-0.07440525028677515
2023-01-05,17.156500814420337,-0.3266271560416963,0.30865530193199003,0.395228255964441,1.3014860387338198,1.489151876663437,-0.3366999263442898,-1.1104706064613339
2023-01-06,-22.823252303622066,-5.559366518807927,2.3570480464486185,-1.25012947534161,-1.6138305240000201,-0.5795025109433132,0.2982442063817374,1.1105896795247894
2023-01-09,2.7399396495953487,1.2190849912695205,0.9026890174671558,-0.40617256366328114,-0.14259072834835065,0.08942891958543163,-0.12996717208340272,-0.07916157802114833
2023-01-10,11.483651311639353,1.0993599158048362,-0.8023264840615741,-3.089444819954986,-0.41381619992068497,-2.0390187642977486,0.9257186066604127,-0.8474838753707715
2023-01-11,-28.952528205816037,-2.248062468747098,2.8377841461814177,1.5761588652970522,-0.6835276970386314,3.179888101829501,-1.048766491869415,1.0286722188752941
2023-01-12,-15.730618948335152,-1.934776875305065,-0.668452115347729,1.1359791004408724,2.6958201298437023,-0.893099390746563,0.3741799103974012,-1.8651352148308293
2023-01-13,3.9339698907297427,-2.61662343717935,3.7009326199374764,-0.26360811156928804,-0.9033768945495039,0.4497129125511501,0.5376258348556746,2.049067776214748
2023-01-16,-2.6970765265300494,2.426678050557144,-0.6695678867614641,-0.19345078030594293,-0.22973754716219066,-0.21299707087070702,0.23295524744777396,0.0329234047847007
2023-01-17,-24.46512039783146,3.9441508183334073,-0.05204020334412523,-0.1204056779179056,-0.2706679664201812,0.3391874142489031,-0.07450594497988636,0.07476835321313867
2023-01-18,-5.7971488462762935,-4.567115054515649,-2.1465000217955703,1.7283834401258813,-0.3059253914006232,-0.3496037169142113,-0.5506187622971768,0.3541400316265076
2023-01-19,9.606869975430657,-3.723696210750755,0.7663850132889645,-2.5195254400854044,0.958764699287132,0.39787192582367054,0.37668804029370234,-0.5509903148885722
2023-01-20,27.188199348486446,3.49174942826812,0.04529501874317302,0.2597974143810557,-0.5648858127639885,-0.058150632548386906,-0.45534515236948525,-0.2926326043724938
2023-01-23,14.542819984668615,0.6077599579678856,1.8353099852328318,0.30917242859100813,0.3869602982499715,1.0719040383403042,-0.4062675520023167,0.2632907886722902
2023-01-24,-9.658024504751692,-1.6469561981444796,-0.6337667403502936,0.2132949721762748,-1.9208624044358018,-0.6125444742534375,-0.12738117714405822,0.6113693173157854
2023-01-25,0.053639069295112835,3.933515649141616,0.9368454073468911,-0.44251099218550616,1.2266588848557771,0.5415223838437355,0.181607055626611,-0.337728305323432
2023-01-26,8.149377407554033,0.3109659539222598,-0.9686759022178488,0.6568829161175904,0.2368971746530825,-0.16134966936289635,-0.09146669913687076,0.03409073075335329
2023-01-27,6.854981329180317,1.0241602271523909,-0.29894476402090536,-0.21707055876947068,0.12065858004840094,0.43183445985294433,-0.14092513027056733,-0.3476595655732651
2023-01-30,18.48462918975414,-3.7104101788635813,-0.06922244950276316,-0.7276262465510538,-0.4464013365391685,0.032038972768650295,0.0743163223896167,0.09276295199184065
2023-01-31,-6.596869000495308,-0.2720452853115421,2.122754214576559,-0.6524221741484213,-0.08335085466631212,0.4593097648561302,0.16602604755776063,-0.020821321021768865
2023-02-01,-6.989913587671815,-2.8099059640045527,2.9891634182681233,-1.3342982598049167,-0.4897290937695888,0.12330780978605847,3.9595901226658725,0.34658886477208106
2023-02-02,-45.61027459426021,0.04627981659677976,0.53872522171074,-0.1034309985767795,4.4583330977814,-0.10742327347326139,-4.393448395561615,0.611971920634283
2023-02-03,23.4996906345374,6.3978019626399165,-0.3574139490647332,1.34430269098154,-2.9270345119179293,1.271915169346366,0.05201773318610241,-1.036808198531456
2023-02-06,28.30223348146836,-0.8480612991959702,-1.9752629357060913,0.042981526473680705,-0.5792048489672215,-0.5507800767116118,0.11681482922765338,0.2529417491354614
2023-02-07,6.28954067618395,-1.3394051902740083,0.01585743661356212,-1.4908739252236047,-0.38749803945815525,0.31037410173197344,-0.18041972161743625,-0.08761273847872587
2023-02-08,-3.075820202318462,-1.937165866488874,2.693934025506582,0.15673781807937498,-0.9992616134075484,-0.22010935691699265,-0.02425398797259032,-0.24862208623173854
2023-02-09,0.08636883859822456,-3.026705694710678,3.711425315973177,-1.1876041705897349,1.602542338841776,-1.5566070901746463,-0.6601552163724328,1.8270559124777395
2023-02-10,7.948794522300006,-4.3342035450279575,-2.2330938975920005,1.44688293741065,-1.283622413330999,1.4245554708292925,0.5018455021382755,-1.7534269984408442
2023-02-13,5.110885157315977,-2.7445437897747667,0.30679039723500556,0.24496426746107985,0.13274164133851174,0.803387689038633,-0.2846572094340651,0.1702695770556324
2023-02-14,21.035090651055555,-3.2349250931007187,-0.2117428272608037,0.29655328857113694,0.04056508552388557,0.23932956307703324,-0.14487190689058274,0.05207727279386671
2023-02-15,9.010601842247654,1.4339719502831945,1.6425051173956606,0.5298937099269537,0.0860745501227285,0.23259058696511414,-0.31829853038604355,0.18695786342500212
2023-02-16,0.1325416461215524,-0.777797675546789,-0.05849051666010498,0.5818055254051309,0.11569011355073106,0.19485017447087427,-0.2608381860414234,0.05874639338298764
2023-02-17,-4.719516841018537,-2.884324654556935,0.4235680752464505,-1.1979588210351768,-0.04639672051028357,0.363506635433138,-0.09310581531166312,-0.15869237361156502
2023-02-20,6.017569224509247,0.14658873444206397,-0.6068574696099273,-0.40891233108176106,0.3670267459583484,-0.14264184918826148,0.07122013708385964,0.35857681481303505
2023-02-21,16.732979793257254,-0.6165745083022998,0.38879034905036697,-0.29125212310538257,-1.1067428417209524,0.4616319588513445,-0.008886514201272603,-0.1301347529970231
2023-02-22,1.038824827145484,5.735539859512846,-0.18236458400305,0.06562605601300213,0.5338048324407948,-0.06046557024282553,0.045551826506759756,-0.16355527902123598
2023-02-23,-6.203495923758861,-2.3548485778308477,-0.16049673735566436,0.2523038659449325,0.04420819519273159,-0.1288333049420462,-0.0663626326145239,-0.11692475291978104
2023-02-24,20.60376626775248,-7.512418517851878,2.1625400296066246,1.753967155581781,0.554667239744345,-0.024339937695113233,-0.2778271210136987,-0.06723447782303357
2023-02-27,13.89806295403199,0.30832923088260683,1.4941083313651193,1.5975685759781602,0.7533582718352633,0.19533226876619456,-0.3336208164452985,0.3166135743166769
2023-02-28,17.31345886792609,-3.595208804900443,0.06150343205809247,-0.7895714755805452,-0.5404878711439972,-0.6332525951607525,-0.1958412091615353,-0.6159062338707103
2023-03-01,12.662962671474975,-3.8506717001364037,1.4294754745077454,-0.6395291590649661,0.0907455705925727,1.1942749616067418,0.1980171430257869,0.5200192038156178
2023-03-02,7.044767798541237,1.6325940271629924,2.1586660880551047,-2.1558446543084746,-1.1203734225512436,0.3550432827013542,0.15142370892744852,-0.02583950228942267
2023-03-03,-9.138698453401119,-2.3163198488132255,0.12816246035133214,-1.2952331036642895,-0.3354852934596611,0.4743037943716289,-0.024533896568008196,-0.18914450950327896
2023-03-06,6.182187038701257,-7.129749461692492,1.3423786116689578,-0.9578335509798547,0.18024447713702904,0.189775102632177,0.2561884290385702,0.05057403937422564
2023-03-07,-7.863271118993678,-6.835709941107653,5.252107394319791,-0.8245197265776911,-0.8863443284967552,0.5936628628496424,-0.2945492115101988,-0.15152796268135393
2023-03-08,-5.47010733124241,-7.641484863024093,2.018180659743595,0.4723148571476464,0.03816832229970876,-0.004540062098600814,-0.31705028566136395,-0.1326833662141074
2023-03-09,-8.441177332380779,7.83423716443324,-1.3060438760896178,-0.6326902670682562,-2.2359644983180957,3.6278510209113053,-0.2983875647396403,2.1866855835514594
2023-03-10,-32.17733094121249,8.380760859847287,-2.663040055442557,2.8268380757361666,1.4066308785044408,-4.532214182431364,-2.460177306883807,-4.585909829697201
2023-03-13,-46.17129765584016,24.970445903189095,-21.939141551363353,7.286169959645067,-2.483570921702468,1.984167642340707,-0.6638746425203726,2.151776021259126
2023-03-14,27.00411816044385,-3.3242624788128805,-0.646780767161631,0.27101562996160433,6.94903082783286,-4.282187521369746,3.435449647262679,1.0180488840656898
2023-03-15,-40.15181660023052,8.624929433768177,-8.661913403751711,-5.606579395305244,0.6128936642350099,0.49075680035800207,0.3049472209408029,0.9127516963533159
2023-03-16,9.08976640873866,11.673437197248141,1.6027238807680924,5.426267920936433,0.31431645419871773,-3.500313347997499,0.5802701179964399,-1.9894910094622318
2023-03-17,-39.08274999246076,5.436339977998468,-1.617201342078134,-2.6932195083923514,-3.9603809250817457,2.579516985917596,-2.147352120861221,-0.22427440900761839
2023-03-20,-0.30558383286810636,3.931618521203924,2.7650950015784344,-3.5022407156893087,0.6412323292855008,-0.07523580229525599,1.5525766415791669,0.28182010281192627
2023-03-21,27.746774902072563,-10.931968549898704,3.9822464713723376,0.500822662041127,-0.575328689785885,0.13988596709173706,-0.024055508805202144,-0.13158968539872734
2023-03-22,7.033207511819047,0.8757785403886366,4.996327006392903,2.385578731933623,-7.808823429612056,1.3203158142419757,-0.35792148497088067,-2.4307727102050776
2023-03-23,-13.492881117765984,-7.646950783074165,6.301119906656926,-6.839531690803272,6.44889155702764,2.126157145799284,1.4425745372930086,4.153034760176591
2023-03-24,-18.476935935135213,8.432594693361686,-1.1926159801273757,0.12980893488163503,-0.5483621303645636,-1.718587061553314,-0.9370822351632447,-1.819673587851045
2023-03-27,18.692236411809088,1.1553207661466063,-1.6942570027819124,-1.6701527539205434,2.748519042279709,2.1875028048905985,-0.1265140434523661,0.7319770798497065
2023-03-28,11.120973955985887,-0.6975004964839456,4.28920611998844,1.970386802222161,-1.845630428169884,-1.8568463372128028,-0.06357748587603596,-0.6136635267201404
2023-03-29,6.873807240187071,-2.1542874978568154,1.1363592386264838,1.0559907273103333,0.652185318618491,0.03933267350040817,-0.2326658567093792,-0.013985563985453893
2023-03-30,14.753711484592412,-12.250777877968304,1.7538917238972236,-0.695249375048862,0.5909780891102187,1.51668211915506,-0.3425899569761652,0.12353468726159676
2023-03-31,-14.062389728114569,-0.1624842919151946,1.8197000832300816,0.6049965644721621,-1.097412949724186,-1.1918499840435184,-0.09685685968579519,-0.41107135819376583
2023-04-03,-10.18595100071328,-1.2820086704379399,0.8852191377602592,-1.398087267874925,0.36717692608572716,0.6724214284042863,0.27559118186255926,0.18057003191623794
2023-04-04,-9.226886274645958,8.820108036478269,0.285550587924999,-0.6141866533459038,-0.3244450526185033,0.06549232238252622,0.5568414174930555,0.26731535877121626
2023-04-05,-17.67559280542722,2.8876760159205266,-1.4296015867783103,-0.9813360727296564,0.4363347681747727,0.7584659839357054,0.23184829968805826,0.3874970616157562
2023-04-06,2.204806864644534,-1.891021044491567,0.7438205839919194,-0.061288557167646515,-0.28541778089375763,0.07272921627998988,-0.2875060251317647,-0.23308446277979572
2023-04-07,-2.199426241503617,-1.3400461542832125,-0.18476485340167115,0.405741875360639,-0.613548536819091,0.7512699628256353,1.3854316991548252,0.5779402659265934
2023-04-10,0.747894688189008,0.5550155567505747,0.1858379337347707,-0.22926225216000332,0.6781728946432216,-0.9507622596438344,-1.2126863584418155,-0.7096887167133975
2023-04-11,31.556273582881442,-4.71917927978528,2.5121730747924684,-0.21426917614740634,-0.20922034147581678,0.2034849840741097,-0.3538210096133775,0.014600993224161299
2023-04-12,16.271623319540417,-6.279321499985315,4.198375162395648,-0.9668418845068578,-0.9110597366804601,0.9494090440370263,-0.44220929989887103,0.04903482457591425
2023-04-13,-1.5702629789613203,2.0364938364150325,1.3858684109038886,-0.8003631043962475,-0.13269419820586198,0.23906488554310715,0.03310723942858611,-0.0012806130254304207
2023-04-14,11.645402108132059,-6.838492444093834,1.3107264959760876,1.5646211579443048,-0.6819245142429854,0.44875684930827153,0.057045615207822246,-0.25291577055941
2023-04-17,11.62207134137824,2.0836652320353335,1.3574096554824506,-2.491409505529252,0.3114829637167914,0.4169178846318516,-0.2823990097032077,0.32837522960643156
2023-04-18,4.498696978026591,-2.907955832626613,-1.3263027785127195,0.7272606276542085,0.0458659993676242,-0.2612430560229848,-0.22764392604953848,-0.022558124998027028
2023-04-19,13.521922930496231,-4.198620015750879,1.3940637567287408,-0.4140826481691761,-0.500226131429478,-0.25690317522684797,0.024082899624304856,-0.19839604213171919
2023-04-20,-11.666547951183803,1.7212759267848172,1.3310691958298893,-1.1923495245148392,0.11740194488755838,0.6340955624602549,-0.18834898320964,-0.03830690843569168
2023-04-21,5.13953777633114,1.7438733123481693,0.5132002600625988,0.010102618631126535,0.0895721755190351,-0.11624678653021808,0.193810160170308,-0.05667474215079441
2023-04-24,10.432004342058221,-4.4499585143182925,2.507654102727281,-0.4584155303368892,-0.45701493590975173,0.45172500234645446,-0.15118552477331465,-0.14896841057964658
2023-04-25,-33.336589198257286,1.3567230910481838,2.5902651662095066,3.0991879061320886,-2.838041982666052,0.2816286925338673,3.2818098913791305,1.9529643567187862
2023-04-26,6.961964662497569,6.888075353326706,-2.559862859757612,-3.615217176536873,2.7828315594823385,-0.7102680476323223,-3.0627722364838994,-1.9931531893297
2023-04-27,8.000766291780385,1.0598852373397278,-1.1875820104704775,0.25084182603768473,0.24538394474906172,-0.27096674712651264,0.19257271661405273,0.07254945442173308
2023-04-28,-31.2667228088246,1.1037117255886597,1.463166658094765,-0.8790036869094995,-0.4209670684872437,0.09354795370575393,0.06432684581604917,-0.05401255579096572
2023-05-01,-0.6732777526196095,-1.3047673290418045,0.06510946003683225,-0.11751779458807693,0.34910437022618585,0.23175139749597976,0.260226249094953,0.24252876396793915
2023-05-02,-10.932718581233054,3.384013591409153,-0.1087423656034299,0.20742425312938578,-0.3469909634146229,-0.48366356344225453,-0.11829830729026425,-0.3373397150028807
2023-05-03,-1.9807325843584849,-3.29094772067745,1.9546175662907286,-2.1030260346307132,0.8163031802519419,-0.42728524711667076,1.0177857461322313,-0.2975314561789331
2023-05-04,-18.178346000881888,11.019234490198667,1.1797150905658609,1.043568453605357,0.3427891092661812,-0.5776169469385191,0.6063474622340627,0.3031992016490295
2023-05-05,17.32829150922211,3.411730025927579,-3.2860200048940813,1.1600056659040896,-0.5752671551356603,1.199138769945537,-1.3531443390181526,0.11901265577349907
2023-05-08,8.19880610881097,-2.49166947676148,1.2296036373375918,0.03904852362939538,-0.10918595297281548,-0.107007622416669,-0.1723162814344955,-0.2648673454838635
2023-05-09,5.751089839543542,1.6629274342925808,0.5088590197369139,0.5419507726364831,0.24948873136604113,0.5107825916372477,-0.25037827673694707,0.7246881825640153
2023-05-10,-14.371188497094666,-0.7884095177734828,0.8248128381720489,-1.4199105022954392,-0.9900681767845649,0.26755461540298175,0.13912119722908348,-0.02281713223116516
2023-05-11,-14.350613926957022,-1.7916735947309776,0.918196554548873,-0.836993075949817,0.25452702622164775,-0.04720308144442632,0.22389512940675577,-0.4802538905714199
2023-05-12,12.560166527505222,-1.5385108283013382,0.45940968454397013,0.38284962243789517,0.23936016354656584,0.30031880550415413,-0.09362844073643947,0.115967235606015
2023-05-15,0.4865262150031769,4.982023109471475,-1.4758902544483794,1.1769316628141693,0.340289601853146,0.4108584851796889,0.1395247179034866,0.536833559137428
2023-05-16,14.757683532520861,-4.772786186022611,1.6807204305439436,-0.9802746567332521,0.1307362599762758,-0.010023713070138048,-0.2584794879794305,-0.2381325883197265
2023-05-17,4.262439833548204,-8.421100377230296,-0.3186206250802755,1.3438286636272203,-0.7641581353291649,0.3223599911134179,-0.6073428648564055,0.06653411434225198
2023-05-18,25.67384639956146,4.986039762648386,-0.8225968315905211,-0.6608944582638205,1.6241945131653255,0.5322438377876106,-1.3664461236231207,0.20009294868548502
2023-05-19,-6.24103052489391,-3.918787991105865,0.7873898459226167,0.7663488675435345,-1.30333377634096,-0.6457581154937573,1.4432330110769276,-0.17164033236640364
2023-05-22,7.067438759857922,-2.2349825189129566,-0.2980643196694968,0.4438089364314248,-0.1221152336758639,-0.5403121361568451,-0.17720063081774576,-0.17226322052439785
2023-05-23,3.5032221440038547,-2.024307598370564,-0.2569605978886511,-0.7896250154783095,-0.7746566493548077,-1.2147391000729963,-0.13420149370361234,-0.8195005872070003
2023-05-24,3.857319542335988,-2.8857815272269125,1.071887183881727,0.38158939830997707,0.6761418704815494,1.5403713896837503,0.2761250368950918,0.9329491423353731
2023-05-25,14.05925432337275,-3.594707681747062,-0.15164018370541205,0.1626809923929109,-0.4100231696095762,-0.48827165693521846,-0.08894030624456369,-0.21469649627485324
2023-05-26,3.2733860313712753,-2.1741838347208247,-0.09875516896279117,0.8851751272528474,0.23112347097066274,-0.2928274562703427,-0.19946344685801326,-0.0701981467177838
2023-05-29,-21.669762998393704,-3.6294510586659956,1.505186589490609,-0.3977917586337778,-0.15706682420213042,0.8245801824737155,0.07911118682914285,0.18667775353021887
2023-05-30,-25.458525783982417,3.5715627680212605,-0.012672668521472408,-1.2493374303798594,-0.11553680120300584,-0.886604035077402,-0.8120833239857713,0.08644882117052381
2023-05-31,-13.123290244748809,5.3638134681051834,-0.3003345281892924,0.6596497459686742,0.0818111040499936,0.40959517882753943,0.7893272295644248,-0.3398443594572769
2023-06-01,-10.968832633580757,2.1639428012305757,0.666960437070648,0.7629382851709219,0.8260945975472029,0.649629603644166,0.07211569749375404,0.4147053203407806
2023-06-02,14.90765110723854,-5.770720433602712,-0.8981513693538643,0.6383166560751325,0.3258115886179685,0.10133502001290517,-0.06434631676379723,0.22346954164550306
2023-06-05,12.02720587380835,-1.1026597138116363,0.6138184658173577,0.7173960396953317,-0.1363478089794009,-0.14896559400916312,-0.16499824416900066,0.06995887258988187
2023-06-06,-8.587960150217992,4.0831142225170876,-0.7748744394207603,-0.23365310357481506,0.3904448192755818,0.4064760103891832,0.5976612445932984,-0.5212607822490757
2023-06-07,23.622365015373195,-1.3936405126475488,0.5249185162316762,1.1148081801472056,-0.12264507328252808,-0.804023289512742,-0.5976074197293383,0.5627427987651663
2023-06-08,-15.064329572371133,-0.3542885591095695,1.3987912492786387,-0.9017971909647212,-0.3506240847167396,0.22377021226520688,-0.20525047344781155,-0.1403082162141248
2023-06-09,-3.851725125850573,-3.897896684368863,-0.9773114127727469,0.09518556687373249,0.36580582266191136,0.2006616740676778,-0.2794746407729489,-0.0795673182115965
2023-06-12,-1.0727726515891762,3.0563724770684946,-0.15608988081199876,0.3599225026930906,0.6081525645199787,0.27401289058626216,0.13726312981961702,0.1720085404115602
2023-06-13,16.116374900541285,-10.237523185644067,0.8133906365247584,4.381617141588119,0.3055864106973284,-0.7166802282382446,-0.218683923099764,-0.06654304809424333
2023-06-14,3.772908597850138,2.12574018822843,-1.0514264551307286,-3.4382890704014,0.09137387282628531,1.2472641547769656,-0.31122284454091603,0.10243751293756191
2023-06-15,16.59374875476782,-10.017838090312031,-1.4874080805663246,-0.6970792669531916,-1.1817488754959802,-0.7447657046154427,0.11074838111249075,-0.28572339596637797
2023-06-16,-4.889177505948004,-2.79682492313475,0.8384426575633239,0.13838515058218898,0.37489628067221253,0.8833448409774028,0.15689197474372996,0.49353801392388086
2023-06-19,12.540156419996519,-0.878584219879507,3.058941081034723,-0.37685058931851184,-0.2635892041974063,0.5441059397224619,-0.3374136295713949,-0.0500662621912846
2023-06-20,-21.740313275060497,-6.748195020796235,1.9060608488593889,-0.726936641056495,-0.468071997835827,0.3027820385091219,0.021059865033975105,0.08892932819811593
2023-06-21,5.778381803056942,-0.470650280594353,-0.32587542682797527,0.023435434971037193,-1.8895251931142905,-0.3264580551670939,0.8156450575221692,-0.6468814702871106
2023-06-22,17.77706310601388,-6.751318591278558,-1.2791882898111564,-1.4627465078029758,0.6957852951856407,-0.7071388578183232,-0.6015677123200465,0.09646915361651535
2023-06-23,-31.011422587802773,0.3375407926488724,2.28056963369587,-0.2892916494529918,0.4449112400733099,0.6818017140448159,0.37883735737204294,0.41202541836324014
2023-06-26,-9.045423689482702,0.29833209103254626,0.19350657954243647,0.5632833236095484,0.3942300331969365,-0.3449674797432564,-0.05901504770554403,-0.22992513217672364
2023-06-27,15.241091691750412,-5.031137418539991,-1.0070117532028762,0.5489406387817185,-0.07137421237463613,0.2655305946652019,0.09487722583856147,0.26736488340076886
2023-06-28,-9.924308781317814,1.102810565258595,0.8357955526558014,0.21869057109889392,-0.08946808731375737,-0.2301726246550717,0.09682541180344176,0.03020581644492015
2023-06-29,21.259015961467878,-1.0242549278401811,-3.298745209133653,1.270368403681393,0.2094544808803714,-0.7219097554544093,0.14031688991701788,0.2991764158495784
2023-06-30,-5.626615035720223,-2.0066810561725963,0.008317770542902315,0.2039371798851927,-0.20607320024582787,-0.030408920165960494,-0.0134470150014602,-0.1122402601995192
2023-07-03,12.566768165417388,-4.484925695781687,-1.0864826506913254,-0.6464860554266516,-0.2620948655836117,0.31707922042338915,-0.15769962536629423,4.647493091897936e-05
2023-07-04,-2.0317661813028254,6.973040554311592,-0.7928604643010371,0.7817497058655201,0.10721378902442405,0.8957219476523591,0.40978714493841545,-0.5795874082802512
2023-07-05,7.432276806938717,6.7234256150211165,1.3287359044795077,-0.6222450527389171,0.30244368315671344,-0.8230486297348055,-0.4694994001884005,0.6540164288132497
2023-07-06,32.042811188616305,2.1899648032086727,-3.1158219213697635,-1.4866801228259336,-1.490501625924455,-0.6644907303810668,0.28042809002821467,-0.30165272362695633
2023-07-07,0.7813384545517368,4.890066515682094,2.604037714559486,-1.3941069713168375,0.11052925110198396,0.3814566985464048,-0.27371533721575286,-0.2963268160572747
2023-07-10,0.30244569976132574,-2.1697591891510886,-0.13690571097372012,0.4289636883068412,-0.016710772348191672,-0.21081450289465659,-0.23591379714586472,-0.3815388972226701
2023-07-11,2.409424557854688,-0.2089002150346268,1.34564183904644,1.0939940397121075,0.49371851785573334,0.2033775719050138,0.09412539981371978,0.30725756194266185
2023-07-12,-23.7830127885787,1.8423850985551131,2.514224523600042,-0.9100128541708836,0.258573284415774,0.7460843734426674,-0.09241034602734799,0.12096275170358056
2023-07-13,-21.423601032304266,1.5306261115898765,1.6657492726191256,-0.8421716785562308,0.3669822725054051,-0.0729894596650708,-0.0005073186050057074,-0.5520076804365113
2023-07-14,8.391722244849909,-2.053231805970602,-1.023015734915345,0.8593530250015192,0.10691806432876112,0.048861987040922636,0.03125172491809751,0.5856772138484999
2023-07-17,-7.966372103264221,-2.5789039385926147,0.97102725776165,-0.2211977258314882,-0.4112006706550033,-0.1284470442291365,-0.1292402275889154,-0.03840414501561319
2023-07-18,-24.764191713033977,1.3674989404064266,-0.29373081303341503,-0.9241906934650974,0.1649704467631372,0.27346958979651137,0.4380095739893029,0.06192585764694655
2023-07-19,8.936431507413769,2.2378522313941573,-1.6241732316452449,-0.6589116079741975,0.6093137523492839,-0.4696550144134901,-1.0717909742817424,-2.6280289437729447
2023-07-20,16.91548524457469,1.6836797062606332,0.3926479000018736,1.2259456561288546,-0.736181393175185,-0.09135821409728087,1.0672693903166677,2.3887723269202437
2023-07-21,-3.7028880597667864,0.7080055627779785,0.5390907168424588,-0.6565503861944717,-0.17164430741484824,0.33177708778395476,0.09950072205737091,0.06795703904655424
2023-07-24,-14.591295844499538,4.022951411151334,1.291045586135894,-0.6023112295809434,-0.2501246545734199,0.33362304157919714,-0.2074744370586981,-0.08995307275740166
2023-07-25,-0.6366760017928063,-1.213799048506261,-1.1673804004608128,0.8173559158045286,0.12468847477510939,-0.3855327831638668,0.001996512374482752,-0.02538936234899289
2023-07-26,13.468954712976874,-1.800062714992302,0.4862838622668832,2.918885441660726,-0.5141616255254757,-0.2751036390280736,0.7899544468903905,-0.6926550192949567
2023-07-27,-0.4442755463637724,9.06805625335745,0.13245995833320462,-2.9604044183659646,4.041234108734572,0.9597981629869771,-3.9760328558945837,0.054690617284515804
2023-07-28,-4.150436082503574,1.8411104435913845,-1.5489496459791527,0.5442799000393792,-2.9072436960724515,-0.30075938005548836,3.013855491313074,0.626345831787087
2023-07-31,-3.5039199140702393,1.4235846077577867,0.341989887107832,-0.06472473918057685,-0.14065484881245444,-0.33882290319205405,-0.06604677544354055,0.17369873124033994
2023-08-01,12.012701756507669,5.267709348667986,-0.27212863437771095,-0.9803710659927837,0.051471050164774566,0.2947956888816391,0.2555540486354712,-0.157654830549781
2023-08-02,-6.2477708229503,3.2549050329963216,-1.0310726604915634,-0.6161909559935386,-0.4807902086533023,-0.32454451056597405,-0.3203074664044895,-0.4008336939175826
2023-08-03,13.379090669213845,4.917609162205732,-0.5388413352197151,0.13859829834364035,0.1005236402089202,0.47538349877604824,0.6709231489783163,-0.08958506951970734
2023-08-04,-7.681088234798376,-6.826116550343993,-0.09594872011283986,-0.09172876116592847,-0.2663593679188376,-0.9796496434412935,-0.5825154827233415,-0.13122046900655562
2023-08-07,9.955656274709979,6.700393763282034,0.90488798302059,-0.7256147740499904,-0.20870839550990963,0.5192639175843158,0.2941319033466991,0.31788989657783423
2023-08-08,-26.533822089406595,-6.258818134825018,0.004515939766600153,0.888600044512079,0.7289745732951117,0.09170953612665016,-0.49472507862612075,0.45423123583670044
2023-08-09,3.6092375157757206,0.6308794591823357,-0.32542522613630226,0.3429986216858,0.002336983740022743,0.2730006043811012,0.5616841631969335,-0.40432190277259267
2023-08-10,10.48925485759352,1.0564504116044946,-1.1770394069216559,-1.7058744172007962,2.0073300125209514,-1.1165618812030969,-3.480887934794854,-1.4627892778410174
2023-08-11,18.813912246289732,1.1508505116960897,0.0023937211916920187,2.2434683804150546,-1.8569700599074965,0.7624302503763847,3.504845960068022,1.729215173129151
2023-08-14,4.532277588060126,-2.4751144596625667,1.2122825441636411,-0.35781154725138303,-0.13531048638325902,0.48103929707236864,-0.22647583805572585,0.06917108563024393
2023-08-15,9.00022984979204,1.216103523099712,-1.3023174333793777,0.4879111846710026,-0.041415739431823355,-0.3959912092765276,0.024769829289738317,-0.08159126489486837
2023-08-16,-6.6138679420242905,0.10403008821322898,1.4708484268551425,-0.48512467780304136,-0.021074882279072532,0.09448505359610965,-0.21291846498304787,-0.328610909538807
2023-08-17,10.060564385849483,2.298814242495028,-1.9704659567516225,-0.2851691116122696,0.4116959376432814,-0.17252672780189657,-0.6114972577300041,-1.8256584091176078
2023-08-18,-16.478515644629734,1.5230214986266781,1.7509026158341645,0.029069417599817963,-0.23003614010280232,0.29858434875771156,0.374496319212497,1.9772480856934578
2023-08-21,15.28180574455926,0.7565062444924409,-0.6011722684279649,0.1917085815403526,-0.3268614788919953,-0.5551556872166082,3.641804345568867e-05,-0.2654655493791942
2023-08-22,-14.100078875272468,-2.7153855054018177,0.9474326539543049,0.34298734664214947,0.15055848120650928,0.2939423176809539,0.15092835851231876,0.26188232024286995
2023-08-23,-31.464339243078296,0.9916653638682996,0.2812678869256633,-1.2602531404653194,-0.6374256562025821,-0.8043405014660981,-0.10554963966234296,-0.6343068674685282
2023-08-24,-0.7354102257998345,1.9516559617985476,-0.6104540480893281,0.9620973603060334,0.6649261358857028,0.6869933614980309,0.26926727959907465,0.6873001623008785
2023-08-25,14.98828570354392,-4.1593672526381384,-0.15209874345391722,0.5912296017087628,0.4311037418519413,0.29858498470603784,-0.21430623588653183,0.034405231619787084
2023-08-28,0.4768598097649501,-1.2368687130244236,1.0437657750145128,0.3749575233291761,0.10658282499526459,0.08979723904985375,-0.012268614274507985,0.0648996268096065
2023-08-29,-14.416270891831447,-2.208439386153171,-0.35989875180030917,0.058525847102219954,0.6349892103053717,-0.05560289042405892,0.3201966879760115,0.16194363660878608
2023-08-30,5.675369815577277,-0.38535908681543307,1.4741564374035645,-0.266101662202714,-0.9212130084093406,-0.02307154866758227,-0.2765242562074672,-0.1906339162289103
2023-08-31,-22.216852109304558,3.5810552637475395,-0.40099571833350744,-0.06420369059632827,-1.0918846835125509,1.0061909029241114,-0.17868522160641614,-0.9092940605638651
2023-09-01,15.259215859748245,7.562320522398291,-1.034933006212053,0.19859605662552327,1.2504003622752178,-1.0072687756476901,0.694263535821373,0.7056541370702049
2023-09-04,7.435820559360989,-0.976632995488363,0.13338351332988846,-1.0962350414834723,-0.20662970340048448,0.24705990779470055,-0.43469450848374735,0.26025049250136456
2023-09-05,4.324453124951491,4.375619976194036,-0.028974010278970227,0.5009986274570172,0.42157197043797073,-0.2031362594723076,0.19807662304779836,0.07302811240526558
2023-09-06,7.173186757931464,-4.140854108328418,-1.7528971353670877,-0.011753045150670292,-0.01755107935428395,-0.12690463822480286,0.030361821323088244,-0.04007391832973456
2023-09-07,-7.647680691569461,-0.35754918637466726,0.8674928072038441,0.09657521336331247,-0.2339109531738546,0.2586716222279831,-0.28088856025255815,-0.06142810927467525
2023-09-08,-0.45203976147835867,-0.4064157646224177,0.20705037946115812,-0.6422871312702417,0.09993219540509543,0.17314766431841744,0.1548672723270778,0.07861887281066379
2023-09-11,6.384391245744579,0.24228055704409748,1.0345229263961526,-0.012879039175318161,-0.27411609645442275,0.20709374330455646,0.04239934829045225,0.09665518486919834
2023-09-12,3.2914428423314708,-3.143237210529085,-0.4606551548092226,0.3152868879669447,0.1164304269939523,0.024366249939835535,-0.19131875532038056,-0.03806368259917646
2023-09-13,5.890880353933119,-5.860139106041287,0.6872768085734461,-0.7489151894416507,-0.5938148404842553,-0.3403824718468623,0.006012599202266295,-0.2923572645596681
2023-09-14,-15.221058062218445,-0.45046956711133856,4.830797145922675,-0.22595857717519205,0.26916481567468475,1.3591994878518916,-0.05067679170891146,0.3730456029860676
2023-09-15,15.999357191152324,2.597613822702122,1.1301920842031559,-0.5223722525286852,0.08688702072730932,0.08133235234384528,-0.03464884982964913,-0.05834014157933296
2023-09-18,9.768869609030624,-3.157393581725063,0.2243887232213974,0.3277323076307303,-0.21611486950862666,-0.23793313497329502,-0.27140050895961937,-0.03678029309436095
2023-09-19,5.5037513091436105,0.4161542228905866,-0.8251860774620154,0.5747006178299722,0.39889662442130863,0.41790360436798946,0.16983950583314564,0.2679616479530263
2023-09-20,-5.378088394222868,-1.8237926467476406,-0.6304549393840959,-1.119082336678836,3.5597525953884785,-0.8428158648597123,-0.13230336864059813,1.0755304762456988
2023-09-21,5.52702836543465,4.996686385854734,0.19995182353863789,0.8738699808702668,-3.831218716444627,0.8844648259221606,0.07054688768516568,-1.0544827041258065
2023-09-22,0.8158555905221065,1.8250646446190602,1.4324475246139479,-0.3436640958843062,0.055938071465755024,0.11588589394694161,0.046405495345883306,-0.00904142939168595
2023-09-25,10.745963530031585,9.437092927825873,2.607347446410044,-1.1157849869685563,-0.00019940872197941924,0.5540514500587497,-0.16935820749150357,-0.050595995426581344
2023-09-26,0.5486109175488709,0.6903498525534403,-1.803165082050656,0.1598390219307945,0.0003793959906661324,-0.5917491490701383,0.15578347858107067,-0.05904774535079451
2023-09-27,7.914708074415696,-0.8102202196220623,-0.5503662734456775,-2.293676067879552,0.578427810759359,0.62369549067845,-1.068017121855386,0.5244995377219178
2023-09-28,17.35612793709151,1.6853679718421426,-1.5023517079150728,1.0302093596826576,-1.7071159039571868,-0.890152231408226,1.1848700190623447,-0.8044829621755367
2023-09-29,-19.301708910730238,2.827869396233992,2.7514904102869453,-0.055354941667141375,0.28579354479949587,-0.10679007133487411,0.1715353067884009,0.07408059893544329
2023-10-02,16.759301846248373,5.7476232265426335,0.17183795645006295,-0.2704450877242247,-0.21448073004649054,-0.6368404343051943,-0.33860323218671556,-0.019199279101623265
2023-10-03,8.089269310833192,5.117936562810998,-0.6486164237108878,0.019138337989033586,-0.7954920865443285,-0.4693818748454518,0.28381607479663273,-0.3416961484917384
2023-10-04,-10.325330839760213,-1.5640250087022562,-0.6320789252228062,-0.4207752472362227,0.08344649327242208,0.63988212293989,-0.015431303539742555,0.09424508831489563
2023-10-05,-12.853195748357717,0.15571343581754202,1.0275031380843018,0.13323737630711344,1.7721162183639,0.8123982489639341,-0.99211763033335,-1.2935490748453817
2023-10-06,4.646058977890317,3.8989585221347998,-0.708663949260641,0.02846927815378078,-1.4416423967400456,-1.0655832256776232,1.077642042971895,0.9977352330451955
2023-10-09,-26.12312359102305,0.035557996097765755,1.1909542602977121,-0.7629927114040027,-0.29499547288413985,0.7950732684160778,-0.3518566810436164,0.09980949316888402
2023-10-10,0.31519395705029984,-1.7957029809767313,-0.6965429631808224,0.39079653868937814,0.3357484927033966,-0.0547226418814602,0.05674836781407206,0.13180845525927073
2023-10-11,-8.597888769040042,-11.343800857739573,-1.4258477467959498,0.43542608418602535,0.050979731107024216,0.0433663575256541,-0.11627743747924779,0.05273025846531477
2023-10-12,17.114393446533047,0.929387390921422,0.6254668146257877,0.929471498815533,0.060687174655614344,-0.41602641088851494,0.06199520874802913,0.002689360064442955
2023-10-13,-8.422123143563615,-2.0773094047001597,-0.11422322453211513,0.3666942015077389,0.494457859618561,0.48250161779184336,-0.023280819645310705,0.14216536534407218
2023-10-16,6.012815161416379,5.002426082768672,-0.2295954969875729,0.029338947013853253,0.0727754583593618,-0.17902107095758144,-0.0053408542696765475,0.058307913136230315
2023-10-17,20.196772448070412,-1.5975496721519713,-1.1583484087050548,-0.28857017038895755,-0.619061328243281,-0.5496611680813681,0.19404899839918727,-0.02080600878937741
2023-10-18,8.530311594354835,1.0882765666834069,0.4326395673305509,-0.17597913976794216,-0.6077411065845598,-0.6343679083589796,-0.27425890110142076,-0.47851051547190776
2023-10-19,1.533933953991377,2.7262893835363093,0.33213849955382047,-0.5957376558324248,1.6121286010391165,-0.26663058808870393,0.18327918009042926,1.1490406811205716
2023-10-20,-9.680785240396164,6.602918033136793,-1.1223418129619713,0.7690372124049741,-0.8572507153963717,0.7311092571746342,0.06280422229616416,-0.6608949699298144
2023-10-23,-6.9025063054837394,-2.815968013700382,-0.4400156152464096,-0.8656079613509998,-0.4681264703306506,-0.38656305321154494,0.03862598741359972,-0.43857930740835926
2023-10-24,-12.551672281848079,2.284965528228373,1.1222904343986198,-0.21038805063790264,0.6124079015643363,-0.2748196603886569,0.2996754428953135,-0.11983251876826395
2023-10-25,10.78594162752235,5.14832464792015,0.048786047393366255,0.8125064942381554,0.25342823075071136,0.6795042487208639,0.008613776562578819,0.3865361501070754
2023-10-26,-15.60911979002363,3.7077003886102333,0.9142974962883217,-1.3248717464181239,-0.3504241405562352,-0.2996674053139213,0.05659017606008592,-0.3394956304358373
2023-10-27,-9.553845948927389,3.0518086453289466,1.7698585563535103,1.1394069028678038,-2.8794929977091757,0.06382259782411351,-0.29320082177885815,1.7312874902297561
2023-10-30,1.1637317699894265,1.6744249552334913,-1.1335977539092277,-0.7804943117582143,2.3337642961538365,0.5464245080054587,0.1753724842910725,-1.1361583472399126
2023-10-31,-5.344856258388887,1.3916008817113847,-0.1838900241180387,0.04997782879701936,1.206867676710959,0.10691311004160227,0.19873625182787777,-0.5012949394600512
2023-11-01,-18.63934490750747,-0.5840436291338863,0.313679060889216,0.4672770618566965,1.9163670327199462,3.7259305298750043,0.9599589965060551,0.45345643797184193
2023-11-02,-8.328201139277855,-3.6154588299531856,-1.0520125905709838,-0.15572443357700175,-1.4865883114621516,-3.3800586759071685,-1.1189521220882654,-0.5567576060585505
2023-11-03,-17.06361090615874,-3.0576945813662904,0.44134626214035944,-0.11932275772499307,-0.3426379144093436,0.12447729515626078,0.24288934875776655,0.3121856760915512
2023-11-06,15.27506261350788,2.3752746289255335,-0.31966861826869475,-0.0022529110715071732,-0.28622086185673495,-0.5092374276311474,-0.04742441400934451,0.06493633496588243
2023-11-07,-14.910365330870226,-7.217409557612566,-1.4774560619963657,0.22673409391981683,-0.20926437934992623,0.03229610076918344,-0.12342320844339993,0.015072325341550254
2023-11-08,-7.241290142387342,-7.12034993351775,-1.4766389634307076,-0.5079610291558407,-0.22953469037791768,-0.01399810378462795,0.18476288480713793,-0.07742029213899648
2023-11-09,5.32855520384529,5.308392125324712,1.1283119814046572,0.882138682160571,0.5205541640888575,0.04939271495755036,-0.18874820572944356,-0.045017299939227956
2023-11-10,12.99259419018361,-1.2807627826761607,-1.065947769748645,-0.7051057135113715,-0.3391782285683658,0.08233984523480083,0.13728574019415882,0.1417979908092597
2023-11-13,0.8356231694811237,-2.8909119760495066,0.558615795449716,0.30502466183167254,0.19544649881651027,0.2159222243672521,-0.2455475498980924,-0.01843885005066584
2023-11-14,-26.102048256321222,0.12235219308980555,0.8230803472893409,-0.21615293541902145,4.347392677326569e-05,0.2785933882962629,0.05153414780057654,-0.005708437368461563
2023-11-15,8.864528590428497,3.4489714621774725,0.03875396939399072,0.46913498443286933,0.4022281773546129,-0.10635630443863156,0.11488646002808645,0.20254175267995747
2023-11-16,-12.480578584037165,2.8176802991935315,-0.12417780399436983,0.022276306560526402,0.07708273706188484,-0.10708114234059128,0.09532298224407433,-0.010856759383932164
2023-11-17,0.37941012700536514,-3.5101035445537323,-0.5080338346428391,-0.16360652930684277,-0.34215523057262837,-0.18994299198864578,-0.028305806517370247,-0.005072237650972176
2023-11-20,1.0543549586704668,-2.598323758888455,-0.5313753659098593,-0.3034102332776956,-0.021363777609660052,0.008634295988355543,0.0013754044648016204,-0.10404760860308235
2023-11-21,-8.956130058256914,-0.8644312043541925,0.7388269220201191,-0.07270380994414646,0.04478112848218675,0.12423971413583867,0.05223660404266087,-0.021340860125747308
2023-11-22,3.3023516917820714,-5.395542997540263,-0.7891679244526635,0.47695137277302146,0.14259863897646283,-0.23612466314447905,0.0496912194649929,0.08967626522142783
2023-11-23,13.21435992372546,1.9757787562152604,-0.8679929069084638,-0.09590120144118078,-0.07148011412425208,-0.08291292433999915,0.10783897610782442,-0.046889659577079724
2023-11-24,4.864202139413595,-0.04332039845632949,0.15622343736790206,0.3163061852226035,-0.11588041667850457,-0.0060944794394729475,0.0759718540063796,-0.030109987831472104
2023-11-27,-23.109605755998647,3.708485203406044,0.4620346371908046,0.35839895177980663,0.567423480062632,0.0635577418306154,-0.008786091117155007,0.04601299805759584
2023-11-28,-13.87060025504221,4.048482734945223,-0.3251411423445251,-0.015113817563547186,0.28902402805661376,0.09703321189344179,0.05543763521285247,0.10319679032122081
2023-11-29,-17.24816670540797,3.5124394120908713,-0.48382894655534386,-0.8136872213583513,-0.36709769725077374,0.09201194121700211,0.05946514734195425,-0.042624938169106945
2023-11-30,-0.6119172780171122,4.398290437726238,-2.100307348368335,0.08500898525433476,-0.2919519489689302,-0.24157715475840227,0.10757939510042991,-0.06654366377813349
2023-12-01,-29.742573465019447,10.47765140487986,-4.159067191573901,0.9244600394494141,0.2793751557049614,-0.3322427169782391,0.06200631050738735,0.09580894808586475
2023-12-04,-5.913242285657541,-1.7134257789325027,-3.2634853369589547,-0.3508144057279369,-0.27522234294214454,-0.12729744983407285,0.35834675765995927,0.16525147924191533
2023-12-05,-27.35826519860472,-3.773694729351327,-2.6180215701656535,-0.8696291446853769,-0.7365687446148544,-0.48959534663235094,0.47513163352811516,-0.15529950253055136
2023-12-06,-6.293499388038863,-4.750703130293912,-0.09268708398876366,0.22555999526391524,-0.21595796396222547,-0.3315273285369794,0.0813300640581724,-0.04022712629385975
2023-12-07,-4.464031620711197,2.056946056575779,1.5573643084994193,0.5551465409948999,0.6212314740007477,0.14293764359399933,-0.03490908679837497,0.1275484465253026
2023-12-08,17.115426377288994,-0.5027225338494216,-0.136487267575419,-0.3475691565360369,0.029594254727594718,-0.1351169583934749,0.25596577762712014,-0.17095327830803522
2023-12-11,2.420350134725819,-2.4006352806734133,0.7313508716156094,-0.026472159153544225,-0.15105660684830755,0.2825503473501049,-0.3085055001127801,-0.02705547544513053
2023-12-12,-8.944826815013595,-4.6655117515519,-0.16534383001216546,0.870667866897043,0.10342118208084086,-0.2166940866570385,-0.08008968983115991,0.06232084228900581
2023-12-13,-21.6789240497593,1.934107346553827,-10.603472062741995,-0.6070750810684278,-4.477958926979466,1.3766811871879163,-1.0391215248361347,1.386865905788213
2023-12-14,-9.424768891200806,3.1190735948453123,11.042780981786406,1.9747274685201153,4.6819341851979805,-1.5322945341671035,0.868017747236155,-1.4171667777830275
2023-12-15,-26.868448530168745,-0.08897583074643678,-2.7473222476507835,-0.9044445988856658,2.8518797177646116,-2.0127366226736254,2.763132414067137,0.19559393265398123
2023-12-18,14.23520170541008,2.7811198414142817,0.143186808153296,-0.774690782928915,-3.001077846559865,2.4560816972856103,-2.6565971909866275,0.023282961102626763
2023-12-19,-13.536891140836586,-2.389779593132187,-0.4652632811292492,-0.5982474496926152,0.07961334145934477,0.0845888585599641,0.1431030413605532,-0.17256479915701978
2023-12-20,-14.020987604570216,0.3406294473077714,-0.7841119449091268,-0.3641678198058803,0.48763175212723375,0.6442648945608828,-0.1488170779314461,-0.9720181732802945
2023-12-21,-1.1863957394871603,3.991676646562002,-0.2953582561364832,0.7434434678020483,-0.6440781142421906,-0.8262914613805861,0.3729570886245229,1.106892977854801
2023-12-22,-0.13072805601042897,5.77427359350786,-0.11093043469690388,-0.12475377502708783,-0.29418975184271007,-0.760771785941267,0.09639086608449544,-0.3887440849257646
2023-12-25,-0.8503130681766308,-0.7515283429321351,0.2840985171713647,0.03554975827340772,0.3388228050642597,0.8600067110167161,0.25871944608773884,0.16014843618358923
2023-12-26,-1.226821674037609,1.2853142354685714,-0.1682609107022885,-0.349700994200023,-0.16925849676648066,0.0070634756787050805,0.29590749592197274,-0.1410569144156814
2023-12-27,-15.399654742369387,-4.267455861278136,-0.8202944361697853,0.8004298784982745,0.38660694913016597,-0.47448742200174765,-0.431155274780971,0.2909157625781214
2023-12-28,5.512312430706207,7.985991366751438,-1.5564756129549366,-1.2242880460229968,0.07033188878547054,-0.06979950993240584,0.22366167113803836,0.022723423873816886
2023-12-29,14.35245631953385,4.4543070168535195,-0.279235890640795,-0.15080754735987656,-0.17603428549575914,0.014941752724566925,-0.03402720680531499,-0.010125579147319217
2024-01-01,1.131605004737065,-1.1303097408095122,0.11352566467179152,0.8898618819715045,-0.19901618685881037,0.5551401233138821,-0.030957991760601617,0.24293531101361382
2024-01-02,6.618429773100718,0.25466068039549944,0.3062864901050345,0.26182269190707963,0.6479585376321189,-0.5570036837627951,-0.16051598733556277,-0.19752538850075596
2024-01-03,-14.548710669960043,-4.454461049152304,0.340857876950873,-0.7765168124579295,0.24777539788717262,1.207620320055401,0.37925412523606566,-0.8332121811237371
2024-01-04,29.29546423647467,-0.9130136018978362,0.6963459348144188,0.9516756681993556,-0.909029482899916,-0.7146534173844938,-1.1397704513271014,0.8198716717837737
2024-01-05,11.046446215314521,-1.6794485059027267,-0.30453420141094534,-1.0583669808184752,-0.18454211686952401,0.5043509744158889,1.614508138685443,-0.9512810887551395
2024-01-08,-7.314009346568923,0.5539145104013337,1.5113213316027085,0.26021281957185954,-0.17164733621797298,-0.7527306641361612,-1.2203956491893073,0.8439005685921538
2024-01-09,15.462024494775681,-0.2878688305276474,-1.3965737886168796,1.3846386823496264,0.5697134430951949,-0.24468318624453042,-0.11871443219994997,0.10764914073894942
2024-01-10,5.571841036553489,-2.131538025361796,0.45053675463864495,-0.43160225979654604,0.28917378891386786,-0.010242309616579032,0.16311283708859534,0.0003415833317806403
2024-01-11,-10.420583633240424,3.0695121968911994,-4.507932650425576,1.4183601013275446,0.6102615203151812,6.684231492363956,-1.1400546920362247,0.3944580158889601
2024-01-12,-12.985625765753948,7.495727388700402,2.4149207758491507,-1.3507588702490008,-0.21252118495478492,-6.607162347639072,1.1629545631467069,-0.36269802759022024
2024-01-15,9.767726943935216,-1.7013606587572405,0.11942244990766145,0.18699522556867276,0.03772263952494139,0.19735971828876311,-0.17946465654137891,0.059533915079928966
2024-01-16,4.981560726240753,2.0774925184790325,-1.0083945193570882,-0.4691547011444319,-0.5527531359827238,0.3844157359997005,1.190538260917508,-0.9353621447854529
2024-01-17,13.434516390761198,-8.507853334506436,0.346794251696174,0.20258688336521785,-0.20090896181623194,-0.5436107001261511,-1.3851970251714374,0.8869387885783919
2024-01-18,7.849354388499062,3.156467302011701,1.1415480589870168,-1.002858781338115,-0.6774746566103704,0.17929597483228957,-0.01796355739736591,-0.05424151012747188
2024-01-19,1.8356567248663138,-9.446201612989302,-1.0932301038156598,0.2067608659395085,0.762514933735663,0.001683856206747729,-0.9618432845102035,-2.0554257787601666
2024-01-22,-9.954793706358293,3.223795884745211,1.7375421547107543,-0.2888040022757087,-0.46532413665096206,0.35149794628922537,0.7057343238061531,1.9115393279475261
2024-01-23,14.219075112427427,3.6938760642875814,1.0667192435320139,0.1378187967436887,0.06582340403247527,-0.038984419916139504,0.0433542183481335,0.030651512649662902
2024-01-24,-4.509943893594261,-0.02309710298244936,-1.0052436595398657,0.03712785383150778,0.504006622096983,-0.971550072537953,0.5387106227031958,-0.24814484995918165
2024-01-25,-16.542475465429813,6.454597172778938,-1.2249817129727818,1.042502745695472,0.1993120929292055,0.7657452438859451,-0.37478133136604724,0.35442965540052285
2024-01-26,0.7804049875972993,1.0323933674241916,-1.3997291119224082,1.0832763564544305,0.5493755226110312,-0.09536596474663173,-0.007318088487296887,0.13941009988678926
2024-01-29,-15.692362826479163,1.4047090679539551,-0.030254053278129297,0.010309055997205113,-0.07359843400214999,0.01670850450789733,0.06686315194358734,-0.02313437051488264
2024-01-30,7.7005196566819505,-0.48337180304620675,-0.9383578856439115,0.4361300692146428,0.4308194910141859,-0.3387333094040531,0.20631838832538832,0.02158205617723299
2024-01-31,-20.70200239053394,0.19427746671397217,-0.2462784670144932,1.031802078371989,0.005741365349084927,-0.45658952297440725,-0.056545485128328105,0.02898776108426571
2024-02-01,-1.9574971347230818,-5.486417566461167,0.6910976058397306,-0.8397968539850956,-0.12395021243542947,0.30251892179501416,-0.0666373759351714,-0.1672335600086039
2024-02-02,23.085435431668717,-4.778203800267349,1.4364583366828425,-0.5957092615741136,-0.11058132769728728,0.005956414698697597,0.008760076567647846,0.0797634868055225
2024-02-05,18.157569062000363,-0.5938807855440933,1.7337188240550134,-0.5345755281665231,-0.5183907826710147,0.48954579886981986,-0.19169730696992818,0.008192446768282381
2024-02-06,-6.81281838731484,-0.9590434034163022,0.5426554202806463,0.45958756998453837,1.2148362707985343,0.7700222334205645,-0.3570265858138528,-0.8099382129648749
2024-02-07,7.347804646239771,0.7413247071538721,-0.5677065797516418,-0.0585327551267366,-0.49536813094870313,-0.8026417311793067,0.4111105661044947,0.78882550386288
2024-02-08,7.199826391993119,-0.6564034571033217,-0.883651847879274,0.33074436976753024,-0.36114941549920987,-0.08075444500868517,-0.1537793836953168,0.06435069422669755
2024-02-09,7.651899646702949,-4.591337342680491,-0.2583676476381926,-0.22304717120531325,0.09671025323645081,0.3736936245373811,0.14817201333427768,0.22844370520305443
2024-02-12,-6.9527102881002065,2.21565358880046,-0.11930864200113751,0.1697129087587882,-0.15540018414895315,-0.12486676291537066,-0.25671255863390646,-0.1845836235903594
2024-02-13,11.555595463592814,-5.52765503919343,-0.061256909770295215,0.2661364330090531,-0.17960046964835405,-0.0017559067722037588,0.026668052511350675,-0.061800537015524286
2024-02-14,-17.455303076179398,-1.4429978003634836,0.7875177774530814,0.09818101250424134,0.10897110219888931,-0.14831453528977662,0.19042639598528355,-0.005730182638917485
2024-02-15,6.6253736005062525,-0.7990038660761527,0.6582546678047059,-0.13776403990192138,0.002162242507763366,-0.9262017951944652,-1.0859123255214724,0.39532633782682725
2024-02-16,10.443048924888606,-3.025107958597818,-1.1404646899366282,0.9159625165799649,0.5908606742854778,0.7104447229039279,1.1048084187729232,-0.10432319419432758
2024-02-19,1.2141743491734995,2.4525544038147595,1.5943730076841267,-0.018111948645581386,-0.3641684706519813,0.27639154684841305,-0.34390852322226395,-0.037292120311953
2024-02-20,-8.66617619241744,0.733357289624286,-0.35930897788032107,0.07113783675008292,-0.16472525457992448,-0.1386738322592855,-0.08993043185529495,-0.07771360800040787
2024-02-21,15.283923980460408,-0.8941982252141575,-0.9023717515019921,-0.062221550165345724,0.4561434233300365,0.09617070097202234,0.21343299644109576,0.2976576927703172
2024-02-22,0.0026011205954791132,-7.931992458463683,0.28245926710817854,0.4035398609465387,-0.21162327383658128,-0.25135027731387743,-0.02276619974484662,-0.14663105995375672
2024-02-23,-19.018532461944886,-0.5449962019843181,0.10443180848767226,-0.26464248120696027,0.026953467451326908,0.20730329633764114,-0.14771284750141278,-0.1610704724378888
2024-02-26,20.584726498222917,0.43296953725021853,0.4522997851529035,0.7807160765217324,0.19449565141897646,-0.3016547516025589,0.13905491669508901,0.22922643353458358
2024-02-27,3.6819951768193113,0.561945199224347,0.4542598052757289,-0.3814922406400835,-0.30075097933518846,-0.011229681674100251,-0.08544351989250518,-0.03589928448073492
2024-02-28,-4.044817692985983,0.40554553076971206,-1.7020975711182496,0.30533461409208573,0.2817363530860013,-0.239458444483813,0.22778705490821516,0.13960143350798643
2024-02-29,-12.185030929181211,-4.18162254811477,-0.7740218537145032,0.35442009331330576,-0.10004152310605502,-0.16522617243620452,-0.012172573795764148,-0.1641059313331058
2024-03-01,-4.316952042140119,0.8893244406482814,-0.01670827549069833,-0.8045645091296656,-0.1254017741349167,0.1116109779954103,-0.035810425463280136,-0.31973819588141983
2024-03-04,-3.29667366394031,-2.002831185784083,1.6571927670393174,0.5108471438828306,0.6446608591231253,0.18201000184096586,0.20115028239278626,0.25307284420311205
2024-03-05,-15.959396980536999,-2.586052231304896,-0.4711651467923541,-0.0285968681864716,-0.263561065745058,0.10013186930243928,-0.11390099359656732,-0.05279602957974618
2024-03-06,-1.5883643729237802,1.029482968695992,-0.6538934967939846,0.23920185553580722,0.5794598252831362,-0.057734822020464774,0.08067916830814764,0.12818365934240267
2024-03-07,-5.0054294775684705,1.5914617494369876,0.19278988785233084,0.1056294228043071,-0.4304795021603148,0.3487148194912901,-0.4103105481456238,-0.001746760994997491
2024-03-08,-15.013630402413801,4.971943029171981,0.479552520577959,-0.0588857196011175,-0.06298345667925542,-0.2771477284821236,0.4154690667349127,0.015378685715546184
2024-03-11,5.707154406120747,-1.3147493873371467,-0.24794913219114492,-0.4115389579884103,0.5731878798522263,0.17292430636215858,0.3406039437444342,0.02367474916752333
2024-03-12,5.35671674751804,-3.649662943840737,0.5320185676937398,0.140573036849972,-0.6344189001675636,-0.0001833560127311841,-0.3288308998349139,0.0996448463120771
2024-03-13,7.742090552500287,0.43844811853347215,-0.9764323582543911,1.6786685522045686,0.7933983166775922,-0.5367326621855789,0.04483501386650212,0.10173389256487655
2024-03-14,17.11881089838051,1.5367904138676742,-1.3362144385090013,-0.46052539565808714,0.1780394234751544,0.20815529576146202,0.01483129801261858,0.07451248024561187
2024-03-15,2.0163314191198873,-1.562317731524983,1.3777976077451106,-0.4358555988378287,0.23860364366332995,0.07043245327924508,0.4430430633583441,0.16490813001274474
2024-03-18,5.689016275165347,-0.11434958634108558,0.008431805717292372,0.25395363072538385,-0.603957320774996,-0.09450301571020611,-0.5243545307828058,-0.21033037131309498
2024-03-19,-3.5019576271944155,2.6017779815207427,-0.24355590943561486,0.03918739676749193,0.05187646309908286,0.09355914324030089,-0.08446167797455219,-0.01023947258282927
2024-03-20,-0.513048730067783,-1.967952652151504,-0.22377759815313122,0.7687489893206386,0.36394880011489267,-0.21574861527471353,0.043544838173447536,0.09879327591128842
2024-03-21,-7.5697154325742595,4.363811226160061,-0.5290617022722895,-0.2181896203232106,-0.12540308692342245,-0.07670393778130831,0.12029363371661181,0.0818827375865322
2024-03-22,-17.871039514476063,-1.294134748903424,-0.41768426800497677,0.292969848642269,0.13243340464062364,-0.42708149878465296,0.27779954887347347,-0.09875048851036995
2024-03-25,8.627932905419547,-0.4661207677491765,-1.2893950789608866,0.49322492129837725,0.4281871409759153,-0.2678670764337955,0.26398055361045647,0.09062014040161974
2024-03-26,-3.890085704942969,-1.4820312560611997,0.21733515086732194,0.18672806518736806,-0.2339784274252827,0.3200282583028185,-0.43519886873562674,-0.050884675272701886
2024-03-27,-12.864902242523653,-0.28095272885596384,0.03892354063552735,-0.1693472159601085,0.513654675440962,-0.3827446434615881,0.4805055131147576,-0.06081729067501952
2024-03-28,1.3163910785992199,-1.0264170698303623,-0.2544465050348592,0.6594722752899718,-0.35908653698079124,0.19008290487704801,-0.6015413885337486,0.08601868065313345
2024-03-29,-1.3408979964192185,0.5212247902760719,0.18294838320530932,-0.04888012812273424,-0.054282950920910185,-0.07295221258642463,0.13442411460988962,-0.07770092123637731
2024-04-01,1.0763707650687875,0.6662524302944596,-0.4292667760136627,-0.06063189646260246,-0.03487072285580629,0.1685487260651583,-0.20812240759502923,0.14160606744701085
2024-04-02,16.477821952548616,9.630215753684357,-1.0926611360937828,-0.12367707725372912,-0.4728409900371917,-0.8766895139595907,0.0007861017766535759,-0.41679556771951903
2024-04-03,-0.28470253403694007,-2.635705896301919,-0.5053897986799797,0.2770961648738447,0.08074389163436463,-0.7611408822067883,0.02783047292787715,-0.2955809145740634
2024-04-04,-5.767731857666572,-1.1300857556916484,0.778015413289691,-0.3955896367386739,-0.8701742209731926,2.8670002309907523,-1.2915176764919425,0.6379765657494751
2024-04-05,9.729368449506259,0.4846657170602553,-0.0028669222266478026,0.9061756363148936,1.751773503062783,-1.707109267111681,1.5731247556560075,0.09270060776874861
2024-04-08,9.273635381563961,-3.5653862832371805,-0.7653183452045701,0.2702405301323691,0.02476073318231244,0.3576640369690013,-0.20361006602887702,-0.012142145114792901
2024-04-09,-13.74672839349666,-4.1460348225571435,1.0845101892409998,-0.3496143169719896,0.295455928956788,-0.2897173589150829,0.38727605565129536,0.01211336532853489
2024-04-10,15.774895699929607,-1.7223267248198784,-1.5185852428227131,1.1458929942312759,-0.4254346855332041,-0.3296476984268584,-0.35568307548272105,0.0707309095595744
2024-04-11,9.429745837297693,0.6306306605904931,0.6076935648218915,-1.1022687746835271,-0.3788529153714429,0.26598674374585807,-0.03464150550886254,-0.028535985576731565
2024-04-12,-21.454696816427507,3.0638544304207436,0.16481286389796387,0.38343127477998223,0.8748098333384777,-0.8099468598530792,0.8301544768568865,-0.027758491004437398
2024-04-15,16.414363726273734,4.092973880598423,-1.8983842485272402,0.4851936244821945,-0.41515615881338047,0.6252840685675584,-0.7920879781327631,0.12210213886744609
2024-04-16,15.262936837983444,-0.3363222358380922,-0.8140624082204667,0.3889801002368866,-0.012598607786793115,-0.32164475642466855,0.02435035351345655,-0.0013596258924348213
2024-04-17,-9.270095793188487,-3.6887651462644087,0.7102754928991508,-0.3019028044775839,-0.8660068354951359,0.3216079339483994,-0.3206364401314291,0.09567495963074814
2024-04-18,9.313142325304328,-0.48634428944976027,-0.7136043224398766,-0.39242563070970904,0.6246851711728469,-1.20173988552481,0.20837654045960147,-0.8151091010356996
2024-04-19,1.406638779504274,-1.6468612249243266,0.30448733187873017,0.9509049412068442,0.7080302967478806,0.8670249070788943,0.1866490499787034,0.6069134795771098
2024-04-22,-4.248857760886446,4.592148205897993,0.19444532183704175,-0.20376022085761208,-0.2238221145461333,0.2006295753289866,-0.21720332307459042,-0.07809084847176927
2024-04-23,4.07469475643467,0.5778373097539194,0.870265202384091,0.801455331297321,0.7546421645509621,0.37137984015344294,0.09917654329538217,0.3123531103860779
2024-04-24,18.618428556864714,2.433287125941731,-0.47305827158251096,-0.15300591229343277,-0.1569337273861043,-0.7970697525438597,0.17965718415915258,-0.28671008295908074
2024-04-25,7.940846478081873,-0.9750626188452811,-0.42364921933045807,-0.2967145112643841,-0.44002633275021463,0.35321213058852374,-0.28897821532911794,0.09915333934865182
2024-04-26,-13.404710434508171,-3.3625746198900512,0.8037031691250786,0.2144035647693408,-0.24847252110305007,-0.27398140152002504,0.11903153958911233,0.25019774860220545
2024-04-29,-12.782416967445934,-0.16570140723678875,-1.947364596531728,0.11806888308678128,-0.0596782076217504,-0.04391830978131393,-0.4606196697795291,-0.6026975775867701
2024-04-30,14.594011684750871,-4.571485538290952,-0.2426660754676464,1.5835805937417122,0.20343888598056803,0.09722854035809707,0.014465378923988999,0.4514561010543501
2024-05-01,-0.2007080523181631,0.05315108000151059,-0.030060814895986707,0.014499501737869156,0.007806995443770207,-0.008238474190014035,0.002930784714565099,0.0007240236457190396
2024-05-02,-11.66498960783547,0.7009090064128867,0.12131600465279378,-2.0984148915416445,-0.26643270199659963,-0.44512203038134684,0.40316312541811217,-0.33405251362222355
2024-05-03,-13.55726838880232,4.706869682746368,-0.2585469854890618,0.6362980989952974,0.5206816791915194,0.27977728850810807,0.13965650982387284,0.2776216110713089
2024-05-06,-5.041270886716393,-0.02167772278154413,-0.8441536642549183,-0.5758553984382542,-0.27517552281597807,-0.6840246362882849,-0.09128284355652166,-0.4193280810998785
2024-05-07,-9.186862820036696,-3.8853674257867463,2.2031258742370508,0.5839860491956365,0.3285982564218209,0.9781428341667604,-0.05179518362679301,0.39671228573208306
2024-05-08,8.382760629053438,0.6104580830421801,-0.8534888460916374,0.26346491690444224,0.1777099862932654,0.1416228030447485,-0.13211088204354213,0.06313491445697762
2024-05-09,6.226534151984758,3.6571093109868427,0.1426672255664273,0.12496364161762069,-0.49536002120747613,-0.14713337959510303,-0.1866370241110281,0.3033799650095172
2024-05-10,5.786066343154874,-1.237446709473307,-0.9659966264733145,0.19047767284301528,0.6572145019638639,-0.698871515557642,0.28706457218514403,-0.49577311318133077
2024-05-13,-4.941835967352782,0.9555129793702345,1.4355695224745768,-0.15452387957421448,-0.21885314713416693,0.6018471839910828,0.09828958625500409,0.7427720510759803
2024-05-14,7.48794010224089,1.0407504360397015,-0.4414931986739582,-0.31375980451525204,0.4586692719108551,0.1633449679193162,-0.1278572238583046,-0.6034143012863527
2024-05-15,-27.938765368877323,-1.0742510798296412,0.6254488575213224,0.30206618452966216,-0.022865850325838197,0.11968456595313041,-0.06899123945436449,0.1858597586465174
2024-05-16,10.286040210344884,-0.7907653316055807,-0.6616575268361219,0.328540433786862,0.42926558461046826,-0.18924377515236784,0.35128433343760807,0.19213822361790173
2024-05-17,14.030712325970654,-2.2625671332622757,0.5442483928838641,1.0453554578216695,1.0923584981833632,-0.28494718623879817,0.3610839168768123,-0.20060845101792424
2024-05-20,1.1894079248606508,1.1092044936536707,-1.3897220373157295,-0.870040602575488,-1.2803442586494898,-0.6618086836353672,-0.5435785182818912,-0.43064453252970675
2024-05-21,-7.243050882687797,0.6261818166246869,0.13857810495361284,0.5710862666408534,0.19899685854028473,1.0413032789433314,0.06503306909705518,0.598107630071647
2024-05-22,8.189179749449385,-2.59486029083243,0.046573323278455966,-0.11123858573305982,0.25309188280601974,0.336125820174026,0.019161152983662572,-0.08366038164624483
2024-05-23,10.434764618855791,-4.021267512032066,-0.9263688675078869,0.6676819003400546,-0.2000970898847111,-1.2825379912856378,-0.9018095405901311,0.2876044907114592
2024-05-24,-0.4607819810867343,-1.6649606748485029,0.37056368759063724,0.17509443046718637,0.3057160916303095,0.9024491552611144,0.7692581240930868,-0.26928235996378447
2024-05-27,-6.56418471888056,2.8393247124188896,0.26825867481472343,1.329732067268995,0.6770471900574149,0.3342250813450866,0.29235485043736376,0.5647630027840116
2024-05-28,6.914280529531758,2.6923959630160774,-2.008175390681517,-0.5756950173261182,-0.5177233143638916,-0.9234026444200973,0.050196669052691004,-0.4195323903880157
2024-05-29,19.200074831824516,4.830585211278494,-0.6028263036561043,-0.3021901651414308,-0.2633106982673869,0.05139607876182257,-0.1489825530830704,0.08590152944505351
2024-05-30,-11.246466464790467,-0.21400882415444777,-0.03774917671583367,0.03295105783015963,0.3097187375090369,0.28490766863853395,-0.08462093987819899,-0.2903025087319655
2024-05-31,5.588236190242188,-2.739682060231766,0.21555101165497087,-0.0595647901517906,-0.08162756579312948,0.01644929591374052,0.03903593028896713,0.22982075080237271
2024-06-03,-21.927904101765343,1.4340938532737684,0.8269561397434444,-0.7657345016937877,-0.017987806535199567,-0.018108326176427852,0.47463523569577026,0.07446580503076568
2024-06-04,-12.004189877767557,0.43081483025528716,0.3500165887963748,-0.04868496668627218,-0.10709681684526617,0.009459457030486718,-0.16756035505223998,-0.20940081209480843
2024-06-05,-5.134857128219634,0.5112037027999556,-1.2270086425754745,0.19178751689981033,0.2878008387715847,-0.09335701610295122,0.11964501071939439,-0.030606791707575874
2024-06-06,9.21525494865899,-1.9066486646926528,0.4384437797259358,-0.1378151522852058,-1.305210902769308,-0.10483935561970985,-0.4929708255152581,0.23918424583151388
2024-06-07,17.70991707487148,-0.6151825314933732,-1.7942047663984317,0.824637957238433,1.01403446789514,-0.09216514498263358,0.1640718541239082,-0.2201960562236887
2024-06-10,13.215392858557061,3.5565499701076715,0.3944513655454339,-0.7978990345142248,0.11786545544113253,0.08966680492034078,0.13765008018496522,0.12065315313599802
2024-06-11,-8.059491016030732,1.582237260048509,0.17463791165381726,-0.15377677871799017,0.2944351678011272,0.9773447940803688,-0.6009000321928656,-1.0254658051404713
2024-06-12,-23.674031862999424,2.0429544483103745,0.439537740680794,-0.8537296059973878,-2.547894682483577,-2.622439199403568,1.188183121656457,2.604361411408976
2024-06-13,-8.365233397844316,3.49444218385829,-0.06716636722952561,-0.026922615520486956,1.4755026105139597,1.3500635237470033,-0.3927003620869598,-1.994096786991148
2024-06-14,-18.471592856234114,-2.9072992551330215,-2.0977700181056913,-1.0744572187345136,-0.5548440323078699,-0.43898093710794545,0.5480150855914439,-0.003973175805022016
2024-06-17,6.783833358159738,2.8746784259778684,-0.22864646859777393,0.6252922200724713,0.2886858893633977,0.00188807082186342,-0.15692753913087518,-0.16693793069841176
2024-06-18,-5.742909556647493,0.7043365008435788,-0.7177206342497684,0.26857503626701756,0.16971649008631698,0.0036179356265685437,-0.0370687710417835,0.0683583738135104
2024-06-19,4.674773073032515,-0.3829223498585752,0.13174082862415387,0.29732331692077507,0.15311819902924373,-0.06524720378072696,-0.05438310797619229,0.13564790739755214
2024-06-20,2.8325711754565455,0.8924975396360035,-0.7291114551367885,0.09292014284702375,0.024434788446016004,0.23774238781613397,-0.18019567086266222,-0.13371810431503328
2024-06-21,-3.8947923139666676,4.136211803243136,0.6644080671743121,0.28702911944168913,0.1548368843122015,-0.10904131331475286,-0.1180252449967162,-0.31453430812796496
2024-06-24,2.9075297197065693,1.7089196943118765,-1.116399443031067,0.6153127605832568,0.3600324394330894,0.024884230687534585,0.10382193242835168,0.5211480438270802
2024-06-25,-0.3997312015269751,-0.9390237095143739,-0.3223730818749177,-0.11579849717196401,0.024445185960344628,-0.35830677629782204,0.05405262996236464,-0.16695678800546976
2024-06-26,7.5646109677348745,1.3022000859792917,-0.6420613238853614,0.12308894097493198,0.29523878873231457,-0.06256553667676225,0.21938492945724025,-0.02993451290171821
2024-06-27,0.1124825114619472,1.5397478105406361,0.11649122943727806,0.048534018111350205,-0.363020725513171,-0.15122366604053644,-0.19267531662717405,0.05627823955790938
2024-06-28,8.431348260649896,1.0600021877899577,0.2316731486396772,0.4147597416599392,0.01912668293409251,0.3124634530981634,-0.24151151561358683,-0.17930883302849204
2024-07-01,13.759005193390578,0.8290465544013896,0.49959282366042573,-0.004987967625645418,-0.09181439016299593,-0.5404087799840307,0.4140388849803298,0.4494333361715625
2024-07-02,-5.637145558742914,0.6513317059888342,-0.21011887203292987,-0.2113751980027813,1.2734147841672774,-0.023354700790639407,0.6806836177819521,-0.04973799765378676
2024-07-03,-11.418730550196202,-1.1332267532095006,-1.1713723260619855,-0.7890549785211154,-3.145887245963501,2.758772462534117,-2.883748924630339,-0.12228194825771892
2024-07-04,8.531821612976046,-2.64778028181451,1.2133471755758864,0.5580404717329077,1.8774838789483965,-1.8705752222423742,1.7222142648676744,-0.12761034313713387
2024-07-05,-12.818331316650077,2.138709938012479,0.012795396861104955,-0.2333047271445414,0.5435040538127113,0.07211019315140378,0.1927733690033608,-0.07554107273203992
2024-07-08,-3.699872450194927,-1.6094954852094558,0.4938871589505614,0.7128334706468674,0.036590566028303274,0.027454406120754733,-0.0691706849527984,0.06752227830153236
2024-07-09,7.01072756286151,1.9241350903938617,-0.40762347707187246,-0.2787883505149605,-0.798731320648499,-0.2997029109373614,0.04253256692812824,0.5829782623231405
2024-07-10,-9.283176631801911,-1.5722269131048638,-0.37575715167773904,-0.25561340010759426,0.6831590383812931,0.2580674808646349,0.09102858669343572,-0.24353706391685548
2024-07-11,-16.97609955064604,5.807299087150403,0.39442199377189907,-0.9997883172988549,0.05236012911766309,0.48883111842118443,-0.061459007282435,-0.23132370424678128
2024-07-12,6.292537258263031,1.161919385524715,-1.7077364483733808,1.0567956458799843,-0.00020535869714186615,-0.4511954497425741,-0.10759681114816506,-0.1693640963629577
2024-07-15,-7.198525871618735,2.438375885306285,0.023725850516109193,-0.07778427734022562,0.24829841635895492,-0.12746215201716693,0.2613435427117164,0.24772914990125822
2024-07-16,-12.907825182666322,0.24978387658356707,0.983445280743678,-0.22767764698726242,-0.32732847582300106,-0.18929996678144664,0.07044621376326339,-0.08592480956675072
2024-07-17,0.274711881486203,-1.570501551899025,-1.8234911535359024,0.048182197291973476,0.4437016660760327,-0.10165119349211582,0.08106476722823411,-0.08796698319014934
2024-07-18,0.587103230640242,3.3341883072357263,0.4580048243555635,-0.811474501629075,-0.24892374826499689,0.4905588564457134,-0.0556394892527489,0.12549198701530018
2024-07-19,9.206064021321824,-0.14086397987694696,0.17476711748090065,1.5883201796532378,-0.13927705223158401,-0.42342060206379806,-0.25127063255031923,0.0024635884078696504
2024-07-22,6.352644230236315,-2.0502856421180145,-0.36173242156610863,-1.381337484814136,0.1746320408828526,-0.6225878783698194,0.4617856704985339,-0.3700282881069639
2024-07-23,-13.124146385407329,1.5489803598949374,0.5935896223338076,0.17632937200214385,-0.06044580774912189,0.8467880861213661,0.08172732596111072,0.34737930284213836
2024-07-24,0.17595138451077913,6.713501811737905,-0.21920749573439938,0.029573755945449465,0.7313751922888867,-0.8050543654315588,0.4957793696432274,-0.02131846275693642
2024-07-25,-4.07168885755117,0.6328419950701073,-1.9180344589601395,2.683691253706199,-0.11150711597004552,0.5934124400799979,-0.5910705235660969,0.3071220082738881
2024-07-26,-8.69902541576917,3.478926244189484,-1.801459573821015,-1.6730782729164735,-0.4334614699416344,-0.14365766659511459,0.02481179622258681,-0.23027210400913944
2024-07-29,-9.731129363198772,-1.4800006692024263,-0.06440019083680996,-0.1288277710773903,0.01629220695146915,-0.2913632429087738,0.03345470019961251,-0.22317351600239468
2024-07-30,-8.137628612784612,3.8452276360530044,-0.5067781184944966,-0.4928717770195165,0.2685982501461082,-0.02314043582804647,0.37893144695576925,0.24801284837478615
2024-07-31,-9.7030138663778,-0.8333554519243099,-1.3636065986357802,1.1620584839216943,0.9957675656218042,0.49566440548613033,-0.676288108685516,-1.1541490882136174
2024-08-01,-13.648726581240421,2.936682856737519,-0.7945508483278588,-0.25751891622063294,-0.016812473205421882,-1.3306137253877335,1.3119581500121826,0.977846350214051
2024-08-02,-14.466328800209734,4.95907971515592,-3.165590421739465,1.5252969606956008,-0.40334147808256243,-0.32343938345694845,-0.5406016924078368,0.1621297005585526
2024-08-05,0.5442347501814309,-0.24486735811471433,-4.29109050424004,1.056114577689967,1.2762188479245633,-0.6575566307684145,0.7073890366305384,-0.46635747562002083
2024-08-06,0.2503520481890989,3.5804166783124143,-3.136172846178213,0.8487549400117145,-0.36217709705291884,-0.1327928075269025,-0.676409042745958,0.43330174580585873
2024-08-07,10.062336698355148,1.8676115244081313,2.0752945435611214,-1.1627099800889493,-0.6692989983577927,0.10891464501942635,0.08939929595254098,-0.04540848393137092
2024-08-08,1.0134864670844252,0.5619677167390996,1.6449230087247029,-1.5313841260409045,-0.5250283901678604,0.36068875506022285,0.24545965621528223,0.505866772829313
2024-08-09,-10.502664567559131,-1.3927566539814347,-1.616008944616298,1.5095066956757612,0.7820794995095436,-0.316499254705117,-0.12121268601693384,-0.6065902130732317
2024-08-12,-2.7286764637701366,-1.1034253708525423,0.3004296606425273,-0.10496473571423656,0.07483203421356413,0.05668602572465043,0.3483756657685022,0.33264457622049254
2024-08-13,-11.596727126064513,2.3913644745976352,-1.5894875270379196,0.21466282470749057,-0.05997678076286832,-0.26911512301727947,-0.31223678618933665,-0.3451784218025986
2024-08-14,-3.036438136043862,0.41376757821968446,-1.194403110629678,0.970021196006224,0.4671134901642584,-0.34500653346226173,0.21005210022762957,0.05172914530625274
2024-08-15,18.643500589873092,-4.390586306658262,-0.5297784008038485,0.7175804544326233,0.2787443507335697,0.24336497544912386,-0.05427624883456358,0.1587563153117802
2024-08-16,-3.705455933294064,0.4461484341242999,-0.2749561587951132,0.31645280163879863,-0.05754007593613461,-0.2732997384003053,0.004234839987996555,0.12962876203827717
2024-08-19,-1.4111245995367818,-1.1308362505889684,1.2270755701833407,-1.159898167578776,-0.24029715676078,0.3874634279148732,0.021794005947615092,-0.1216382256308287
2024-08-20,-9.334859907626617,0.9577587868469544,-0.109357138816034,-0.20444582144598253,-0.020127774947286264,-0.28280445803287546,0.13643161386539845,0.02793646723426696
2024-08-21,-8.577475211240765,4.259714051326226,-0.8343423689026047,0.5288066667007468,-0.06877742123556696,0.030867995961419266,0.084218029156323,0.24406976622853657
2024-08-22,16.738964696391545,-0.8610929030156804,0.32132364496255217,-0.28018369389370895,0.3038326698364472,0.31478583331791077,-0.09329054273892438,-0.009347457006996322
2024-08-23,-7.498044858056542,3.8980101964167373,-0.9001098544578855,0.28071897940570345,-0.4782071030220582,0.362259141622657,-0.6936834892694572,-0.0958479342591922
2024-08-26,4.817645744340109,-1.1397431594150162,0.5163370947661069,-0.13361432748063157,0.6872678178919178,-0.39892750236998603,0.9063097127254868,0.350354842491913
2024-08-27,3.6534141317017506,3.711689751018229,-0.6507248100145603,0.006868960082543575,-0.11734083211407922,-0.11621484212383432,-0.21928837514566846,-0.3582366058591072
2024-08-28,-4.477645997652299,-1.4412856677874195,-0.07113869462060315,0.1907982980846848,-0.126702008567989,0.14882445914333622,-0.3059206408487039,0.060233019294948544
2024-08-29,0.044934796964490605,5.009337023727924,-1.4995156336525735,0.4069800045499137,0.4312245083569505,-0.32207959270743375,0.13556603994412977,-0.0839596436501187
2024-08-30,7.715696589039849,-0.281599774648731,0.06355597714764864,0.25981357836700525,0.31729397428591116,-0.0355025413957125,0.11619530919191323,-0.012764775902048041
2024-09-02,3.308491261066158,0.758989585724318,-0.668773916607406,0.07800685025445801,-0.23913784555996315,-0.19344923180223328,0.12453503490443925,0.15963343265144672
2024-09-03,-12.449682916520336,-1.782995965415789,0.9331317590853874,-1.0814200132205603,-0.6704962263722408,0.212526417603356,-0.022837498063575126,-0.053154388888050005
2024-09-04,-12.352887445212842,1.5461195510245804,-0.23845768364235503,0.4291749292884447,0.36949331777891953,-0.18345890611242519,0.088277804586694,-0.20272836142393091
2024-09-05,-5.624850028236563,1.7244297355350078,-1.9116866876792784,0.7401615782798446,-0.4163255813013609,-0.11880890083419487,-0.3117278922172809,0.2831877581434176
2024-09-06,-4.300549121657395,5.691524071520954,-1.5182700025952909,-0.4843343453592887,0.9913833653612627,-0.2065173845451694,0.3153351371078,-0.36617915180475274
2024-09-09,-10.283091995450032,3.457729408010494,-2.235668772070065,0.8425698071887872,0.026386823399663976,-0.3099728445447423,0.14403446397104738,0.052439124424237905
2024-09-10,-6.71527491597784,1.9002276958973443,0.06015671568323817,0.4852760376978815,-0.4269297617894615,0.31934320963727353,-0.3674598407744913,0.24147655460796733
2024-09-11,-6.652634642639314,3.344777096673831,-0.5310090328835605,-0.7238883795575998,0.6713678399214873,-0.11922461906662758,0.43730244975609317,-0.2500069019588817
2024-09-12,12.926800038517005,-4.883039037436585,0.5702128740319408,0.32210640895913245,0.01648440894642838,-0.2348562037048413,-0.10592650357103141,-0.12899542950336265
2024-09-13,-3.7914422047186176,3.376366482855431,-0.46759875772240217,0.5576836063594778,0.06201837874811216,0.18444877494365927,-0.21152278135085964,0.10231943710706845
2024-09-16,-9.49896734901007,0.6303212645812355,-0.14166360519548302,-0.2248154227008286,0.07073913092550012,0.11816304841971208,0.40989681367646685,0.44396511642615494
2024-09-17,8.601990953188865,-1.858114743610689,-0.9214540400880548,0.631774097712509,0.32351238766573237,-0.4254784927369792,-0.03119575526036981,-0.09424761790046514
2024-09-18,9.68493551092076,0.262937999452719,-0.7326808465886473,0.6490120993775972,0.20861761282934593,0.22748551230758196,0.17628801519662568,0.2796795976977119
2024-09-19,-1.3121917703949426,6.8574826399254425,-0.14674281864221972,0.24066824906819687,0.2083128669840905,-0.3441543142183259,-0.23910108368061309,-0.24784687847933848
2024-09-20,-4.070775601378822,2.270006024741244,-1.785116457501797,0.7717287052947729,0.4627609924490875,-0.23297716996229906,0.16643432571582667,0.20758367568102976
2024-09-23,-12.77924262981339,2.6373702627297484,0.10127490561010598,0.30784970075079715,-0.07203711556219212,0.39604126834661113,-0.01623446612223317,-0.03520908792315758
2024-09-24,-4.585965743131771,6.259109986623239,-1.109828729333617,-0.20511230464829827,-0.3230093937340764,-0.5247144501800485,0.06689927724842964,0.07935006747974527
2024-09-25,3.628953823121917,-0.6511941495344504,-2.0960106194271764,0.15529457068942434,0.25955905705184795,0.1041850310412286,0.1554903140011523,0.08917353533766477
2024-09-26,0.3093470734756083,2.2042956292766984,-1.1131668582417045,-0.7613117576061136,-1.9342288330704416,1.9829263106233845,-2.0569083226242286,-0.19483051576020688
2024-09-27,-12.98985209956141,-0.7722548632869838,-0.03709267443798266,1.9501072007720486,2.3894503951802823,-2.159486806456482,1.8456029996712757,0.06658291580501804
2024-09-30,-5.008885093727174,1.5085611034751887,-1.4240922614405624,0.9726063057063331,0.6108902850327559,-0.351293452758642,0.0779451844293886,-0.12133967942402468
2024-10-01,-19.835897362698834,-2.5116679766716694,-1.5282438582859412,-0.12964102115136097,0.14072999560169216,-0.22237372605272154,0.37571147986966413,0.1531285952878432
2024-10-02,15.151100580822202,1.646416207269185,-0.772427401923926,-0.09838338635581606,-0.1412729747148708,-0.16976587054540992,0.1268324131897835,0.21510610987134018
2024-10-03,11.948864689851446,0.4306665916710477,-0.7183441000706491,0.416442738076714,0.29307896209826834,-0.4417587108610037,0.0008669595870894134,-0.10294769550816446
2024-10-04,20.41203079893183,-9.213319798995412,-0.31029998232926886,0.7908193582428845,-0.13597954115558267,9.633223111983166e-05,-0.12766642336277614,0.0324780854588046
2024-10-07,14.517368524076293,-2.0199426181830975,0.4507018564236198,0.057477121252599815,-0.015445683066141488,0.4376866399645534,-0.3360629758672881,0.07634097821379035
2024-10-08,-6.084277623947747,2.2842953131697135,1.0412790743735691,-0.267047716241473,-0.35609001186785555,0.08503245411113562,-0.12449703247165501,-0.14490621261558753
2024-10-09,6.028260546307462,-1.3902954353712722,-0.3815500078518572,0.5301766711523699,0.525464691464266,-0.12138859078451901,0.08148249502321787,0.0021198914480162765
2024-10-10,-7.772786617077243,3.0448052518278974,-0.24966843512433728,-1.1240150413509853,-0.282980160467284,0.007891193508858885,0.47409471056447616,-0.14886164537769891
2024-10-11,-2.761184625160874,0.1256655053586657,0.2624871879190447,-0.39834583348515107,-0.10902199051955035,0.02757259011949301,-0.20233170243898488,0.12567057362499565
2024-10-14,0.5531172491942539,-1.7187976370124936,-0.557997564516912,0.8444074347801013,-0.1917398943818186,-0.47763221466208927,-0.39418611676953,-0.2978216041361052
2024-10-15,-13.791703350215474,1.432095137211794,0.5500686011043578,0.2598768614671191,0.6815292628923145,0.41321153637456776,0.37332685351629435,0.3754036985637198
2024-10-16,-9.144658987249056,1.9538426707402288,-0.8174972642428554,-0.1492441052687505,-0.1723879235693772,-0.2971329432144152,0.2986884667063076,0.11404741187731327
2024-10-17,-1.943850031066256,6.16322794071522,-1.241876978445067,0.6296933095068354,0.7874769624969672,-0.3835943395950862,0.11284574066563673,-0.24543930014687515
2024-10-18,-8.973487653257903,1.7699717203875853,-1.768687865118457,0.5924322152487148,0.060444851610769144,-0.20187937378846724,-0.05811957646975148,0.007051145288211724
2024-10-21,18.65797481936438,1.7918615526978916,-1.7637539812356893,1.1951028092445597,0.44306790284378184,0.0004822330840036009,0.21192889663462655,0.4742657363832463
2024-10-22,4.039968912748985,1.0163287517507782,-0.8739802559970044,-2.11290283485265,1.4898847462549356,-0.8428808152367769,1.267225945123723,-0.20368335450486658
2024-10-23,-5.5979511119058305,3.4912669118907207,-2.1244725132262334,2.1624279050504174,-1.6102356402065243,0.34300589064553016,-1.1347322141657699,-0.07516023529061996
2024-10-24,-11.928025404180959,-0.2338743511167041,-1.8069421837188946,1.438247093437241,0.5722343934682957,-0.715248655612935,-0.07057118580985186,-0.2627817692717832
2024-10-25,4.058291965093192,-1.2306727501052745,-1.3066560048517828,0.33461407269129184,0.1537437601750518,-0.23853714003770915,0.5332255535475781,0.46440392480793813
2024-10-28,-5.261620060931678,1.357841314409973,-0.4946587505304615,-1.1446121935308384,-0.23222753909143398,0.15293298388274257,-0.3175704010981854,-0.2807862650330386
2024-10-29,1.4232810595553365,-1.7822926369745045,-1.4996804240336412,0.5863729505440417,-0.27842294248962507,-0.34218363091060333,-0.2039880751853699,0.02760021514340924
2024-10-30,18.574022388962224,-9.568392555062191,-2.4409390458133924,0.10883118736007935,0.012730495925419768,0.29866658811585656,0.3896174034917139,0.2660938134368884
2024-10-31,-7.336371159764602,-5.275842902056471,-0.13322473737353946,0.38937326222830826,-0.8336682253049204,-1.0447821407231501,0.19128698201553887,-0.254188997181976
2024-11-01,1.2902707632050012,-2.3251829164118716,2.2978411055904653,0.8140538595686417,0.5857996328757138,-1.0050079796770224,1.0680162153078256,0.008670103084639938
2024-11-04,1.5194052420671427,-0.8477281518274249,-1.9002814055170647,-1.945582958661777,-1.446675112352127,0.8636641535320437,-0.8848751150602626,-0.12595211928043074
2024-11-05,8.069629114653205,-3.398387934158986,0.2938777329309926,0.49059938968806543,1.4877618886452824,3.242557105302608,0.5363620087453599,0.27331719292006884
2024-11-06,-20.996227949536607,16.684700102331057,0.027041784081822146,-0.3654618335599276,-2.49858958978302,-6.47398034637113,-1.3509581341884975,-0.28112876464670117
2024-11-07,-0.5266715897892719,-0.8922643629482827,-1.7122322468491162,1.2673057208712422,2.1308420173369607,3.5866619946317924,0.7116701983081796,0.3851906957923992
2024-11-08,-13.590334685692449,-1.9360794575433566,-2.4822289115399463,0.21685097140528273,0.7204807936289458,-0.36507109525165565,0.0898261929143303,-0.11760484780235524
2024-11-11,-10.970775894422134,-0.005146674803946541,0.9287858432568298,-0.4691725535550254,-0.34894929746859704,-0.1435729149957929,0.23328440053811736,-0.015438451939357695
2024-11-12,8.865235634970228,3.2609155643162837,-2.9901024890906456,-0.6282867074354387,-0.18940423695554626,-0.043468431640057245,0.10082865890841225,0.1562033938347921
2024-11-13,2.701223629986558,-0.512986844866658,-1.8228592599063291,0.46276488046340564,0.11303805778044834,-0.27253262491664354,0.02145593724895916,-0.2674999335267045
2024-11-14,-21.555083325962432,1.9751008166933601,0.04033740069581356,1.1889497095710944,0.15780941363595916,-0.440026713098098,-0.09048900659267507,-0.0686129537260242
2024-11-15,1.3445001942082753,-0.6094030216544858,-0.1865383648520091,0.5848975871676937,0.39303094300237656,0.09961458213450233,0.1546702503583035,0.2253563917012194
2024-11-18,8.855273929383106,-4.161416782002534,0.887332902859649,-0.0494844718783941,-0.3585977227682747,-0.07084290734153405,-0.18514098501219634,-0.08506745763912095
2024-11-19,2.1997321371705296,0.7395221466603517,0.7417904835988977,-0.1678908188848402,0.19170594571458624,0.08708444529556765,0.2467407662792508,0.18890587584038782
2024-11-20,4.110934120375182,0.16006244311830875,-0.47339326911131185,0.09699733252201027,-0.154600269917413,-0.1676073893601162,-0.18688144108499827,-0.13026806014742393
2024-11-21,-1.7914373058007313,1.1785408557852468,1.9229756286103932,0.018321213001954287,-0.1375838183530705,0.4812200466475715,-0.14608957933339914,-0.07541491696312641
2024-11-22,-19.162990267162087,6.888760779788347,-2.7928414534723855,-0.1809237209453466,1.1891456140375178,-0.3979815806843709,0.5015806153617136,0.13464142166757206
2024-11-25,-4.359488209058015,-4.288493915146657,-0.643195184581617,1.2205723865096498,0.10375422501651106,-0.16978439505894524,-0.2535043975641193,-0.1991730178973576
2024-11-26,-1.9681318811084614,0.3834164857442046,-0.8076586637543345,0.42118364672717934,-0.23952812557121067,-0.15058446478375126,-0.06808861943373576,0.30173326597548084
2024-11-27,-2.148460235453839,-4.234551914412608,1.6983796260925932,-0.3032843591531025,0.20426797420379814,-0.047245658542507035,0.24243164642445011,-0.07603784923794196
2024-11-28,-7.550844654064168,1.5971897643933948,0.3570754810542233,-0.16216150890609637,-0.05454663542656512,0.08365413430386999,-0.09042085567953628,-0.22132573858902213
2024-11-29,-13.197356683442177,3.278745171160594,-0.7946310566526242,0.6476701911784123,0.4380822818697422,-0.5360713922977534,0.43114677831612147,0.24583826825731847
2024-12-02,-16.031198195180234,1.5101089967542827,-1.8969608049550533,-0.1353741215583616,0.12036826198051018,0.02341243494358061,-0.03427140574286685,-0.0039629763324161614
2024-12-03,0.3404251759650942,-2.174159405431223,-0.7345421447926876,0.7708768519837109,0.3253971678966063,-0.21916463848285342,-0.01873525843600016,0.04588383701313639
2024-12-04,0.8217987695913552,-1.861116202493525,-0.26033134447779277,0.6333871499769798,0.5403574984426246,0.20804042862770722,-0.042138515434109895,-0.03922955587602844
2024-12-05,10.949670448889268,-3.621025530248307,0.7345555235650563,-0.27061804574717285,-0.6164953030949841,-0.15429559552874894,0.05051141671411202,-0.10029773828222349
2024-12-06,-1.3725667112803468,0.9400648690935398,1.4780447488751272,-0.547820137415359,-0.1290530044868191,0.41378259870610945,-0.02184811018017401,0.2059044488752703
2024-12-09,0.3651263953276593,1.5544748760781,-0.08230428924564454,0.4072210900567929,0.4544007365145541,-0.0639955912662731,-0.07110444008337713,-0.028645526377317078
2024-12-10,-1.637324893284687,4.164460704976551,0.005758486367962257,-0.647550707298608,-0.38343832163104563,-0.17346610843934412,0.1408706756759894,0.06607871314548476
2024-12-11,3.4163975015774883,2.5687076333435255,-0.4678891943578585,0.3932282196530552,0.2784524444950794,0.16057324780013327,-0.0005966924966135229,0.22795674050311515
2024-12-12,17.019909407176627,-1.8350763365759786,0.059951113555697384,-0.5708724986187806,0.10880233253952719,0.20081683001033235,-0.08765853249306228,-0.1783245961264419
2024-12-13,12.816811605778382,-1.584287275345286,-0.6711301441878543,0.8630757462593701,-0.12430831120382398,-0.32150516005894003,0.13816549959339,0.0904299707759882
2024-12-16,-6.674269737188975,-0.46235619839572856,0.7498971686279269,-0.43597738290236493,-0.32587751348047145,0.1405933192890345,-0.30302893822369914,-0.31372767714116717
2024-12-17,-1.6229969452019724,-3.212247244119965,-0.5311842437325697,0.4417572755729275,0.2000804743655382,-0.3509411041057739,0.2715601790284982,0.0641137628405998
2024-12-18,6.933913619931174,7.312625681959889,-0.6749152082760954,-0.2642462231263606,-0.025430573693400738,5.6168381708165445,3.6895050570642574,-1.0670979960974822
2024-12-19,9.607283668278113,0.06549197004952252,-0.6911065319620571,0.1846945812459433,-0.6141528984091188,-5.615500929829409,-3.8194733891871295,1.2767327545570692
2024-12-20,1.3516580519925954,-3.64195038162992,1.3267728647384562,3.680176389970541,4.284595459632243,-3.7203036043778046,3.303300604422812,0.07428990099082032
2024-12-23,2.180512159585388,7.68269136997201,-3.1020230025955926,-3.1832328581016376,-3.8930608795860127,3.3874728235640363,-3.1392746130290616,-0.0791582683517292
2024-12-24,-2.2950511875147517,-0.4866441449732655,0.1561921991428572,0.352388677753961,0.3810496475822836,-0.8212827216975896,-0.09108103900923568,-0.11885614971791049
2024-12-25,-0.19697604103485009,0.3963246423221798,-0.17495562387222183,-0.14378638044662612,-0.42932825222196175,0.005314067077803466,-0.12000690580931322,0.20018449634842675
2024-12-26,0.19012772812540346,0.17017777003235843,-0.17349502811975512,-0.21029441345392652,0.049265579769224487,-0.22876940400514453,-0.20853329643049212,0.08661177528242299
2024-12-27,15.550236210211336,3.9463552125677195,-1.5997070052162317,0.6093359149648102,1.0389616662579466,0.5370762277841811,0.8705286726632888,-0.1400691760022271
2024-12-30,-11.050168223965276,0.4552142570478435,0.31870562602706326,0.4367360806922274,-0.5685803074505179,0.2513713795758978,-0.3413654661556949,-0.03899900633998796
2024-12-31,-0.04301112035904249,0.10428509763521135,0.3592561859976762,-0.14740654079930027,-0.03473428785703136,-0.2083393839936438,0.1499473390231927,-0.2257085136948888
2025-01-01,0.08831470390265954,0.01702790378794395,-0.2072244476691184,0.035809768023280494,-0.05243063667332063,0.05638293380110884,-0.28146018802644357,0.08520572716685045
2025-01-02,2.4794659731969206,-1.9534226688399141,1.887241652748613,1.0470068829805839,0.4574685199627075,0.2754031320614484,-0.3212716102168064,0.11453746023903523
2025-01-03,16.823275883557475,-0.6654280206074911,-0.6346950675595598,-0.7607084294386167,0.3943962905162876,0.3429694833268133,0.09740322622692853,0.24436670559941365
2025-01-06,7.115531370804511,-4.1243512849022315,1.7674169740176873,0.26657695998882525,-0.48874289202620597,0.15259987011108328,-0.13009133641831278,-0.09424754956797136
2025-01-07,6.357046080614581,3.754421361515376,2.078720580412428,-1.204096228240448,-0.2628362127936823,0.13162810342083764,0.13098128660524966,0.018533350785594416
2025-01-08,6.53153148548459,2.7899488941643313,0.23412140108587684,-0.26323798319975883,-0.4317506197333964,-0.11791769906321271,-0.06302306945621662,-0.06832549445161074
2025-01-09,5.954475718396201,-3.2617306932862236,-0.6661587564652603,-0.43399115273870437,0.020401259815608138,0.23187283517374188,-0.12498299114689257,0.06578652439370411
2025-01-10,11.553736842929055,-2.807447563484958,-1.3132952349835292,-0.5923357168370532,-0.1625414179357249,0.5553848418176243,-0.29401458501780486,-0.01322836630393982
2025-01-13,2.136876828284335,-0.9910458740094025,1.2441102725421325,0.6298551935938699,0.14838986944963056,-0.5351128441782679,0.3241135512638335,-0.05081764791674297
2025-01-14,10.52419777904975,0.368321169892917,0.5950761604529892,-0.23099405920738308,-0.34081299755502986,0.4116204026438632,-0.32512251799685277,-0.07386183908652985
2025-01-15,-28.141148538524305,0.08487289093306394,0.8490737181342006,0.15967868701672083,0.693880341529479,-0.32054514183850397,0.4428117735839736,0.010586337962463577
2025-01-16,-2.7555563823841616,-0.9493324415618736,1.7127377072202232,-0.060274688253861154,3.475112229408152,-2.2974077019464794,2.7922884382413176,0.12039638094265037
2025-01-17,-5.514925445755273,0.41560187180379016,-2.931714659616131,1.3508869024625094,-3.3923581904365547,2.2763190338733432,-3.0537502284620035,-0.03200950935469117
2025-01-20,0.8136414819351886,0.7836127279133884,-0.40223981912243817,0.06775221017433081,0.2749479677028133,-0.23622689003828423,0.061989331418315675,0.02162408077015063
2025-01-21,-3.9462104712941413,-0.6060498333988529,-1.0510176338652324,0.2269149564102127,0.0159768283162073,-0.047633566992739435,0.01545922328912175,0.023460609900818084
2025-01-22,3.26177708031961,0.589374329627622,-0.8514278595414242,0.5015158606855638,0.2502789946985794,-0.1821164506921575,0.018864736928293154,0.007967292395919257
2025-01-23,3.3149543936235615,-0.6437534576460142,0.6479510216683007,0.6117528751477566,-0.10393431119772126,-0.12450313963068783,0.0027683413984899083,0.09360228053464494
2025-01-24,8.105096275950785,-3.4221243360613,-0.4104998698984517,-0.7030550855596174,0.24555923515517306,0.07713523349883411,0.07763810126468945,0.04023101160128023
2025-01-27,-4.427187021902095,1.4974305995890176,0.6408126834577833,-0.47259763813663824,-0.26630532361089077,0.22261000347177373,-0.08011025254365964,-0.08912539222392395
2025-01-28,1.3310370742259534,-0.5782859808853859,-0.2898960334255607,0.17682458677445848,0.23736363731887017,-0.1385453572932919,0.32021779505477943,-0.12390803034769363
2025-01-29,5.884214605657618,1.5380774144368534,-0.8009043433131041,-0.09821695616363887,0.14336251574447395,0.5509231843066565,-0.3670295093357537,-0.02751785976419473
2025-01-30,-17.125537665299852,2.237050378522197,0.38487858947471826,0.6317807075485801,-0.03782247368910657,-0.47035906778870945,-0.00664655638242931,0.13446411550133325
2025-01-31,-16.833415217054146,5.268421846401143,0.3030118375354341,0.6574126757120707,-0.701107616861667,-0.6429460167808987,-0.44685593238304766,0.4307319086559831
2025-02-03,-17.220405161615783,2.594819421321929,-4.338519583799834,0.516540618617482,0.650333226963882,-0.27685956037618276,0.3837054721615085,-0.18577931513812546
2025-02-04,-7.700770357339467,-1.3095647545601152,-0.9859762987740718,-0.36247932943705696,0.5188221711955088,-0.1672254818168566,0.6362484725118572,-0.15541326031513736
2025-02-05,-2.3822628501003136,-3.1264354412255475,-0.6166857215545454,0.9755390141119201,-0.09535384662409085,-0.18523637796423453,-0.1777154004132164,0.043374127637317746
2025-02-06,-0.4220890662263241,-0.5752335639985935,0.2527401042346947,-0.02968195499334569,0.30460471359286406,-0.26302363757001956,0.3804097715682896,0.00099677376513827
2025-02-07,-2.7823019694761157,1.7114785343366217,0.510983431873217,0.25967469844563495,0.4279929891700118,-0.2006802092686317,0.2657227887107523,0.1327596967063871
2025-02-10,-1.0992370214443459,2.0188789823571667,-0.8447392775334993,-0.20577371441901368,-0.47608475364377667,0.3670925266606537,-0.42464340604631456,0.0843538308951678
2025-02-11,16.914364858671227,0.3364260511092487,0.6621880233193992,-0.13873490861412907,-0.15620320600603885,0.6912513385280582,-0.19854988769429227,-0.10446864769787517
2025-02-12,11.641406584271287,-1.653826894704102,-0.3560505804334985,-0.17624490655714314,0.44673261686707594,-0.1603896281330161,0.26817056411712425,0.30508656379633775
2025-02-13,-10.307623444279029,0.21593363720712871,1.764784056523164,-0.04347881351225043,-0.1062752729116641,0.36040356688453357,-0.32402798570057423,-0.11116764433149816
2025-02-14,12.44393512740919,0.6749237184068514,0.35698375873565746,0.837688107881436,-0.48596177567248955,0.3562215647801976,-0.7553974324675867,0.26044359536085904
2025-02-17,2.3377602632942946,1.5156538812700038,-0.33965510826791856,-0.23854873315704533,0.9128330859738923,-0.3166914530086044,0.8100781523182231,-0.0857617759388532
2025-02-18,2.819215612966978,2.421188567155348,-0.2686578978282361,0.29201015585568707,-0.3525195398687341,-0.13747849954755606,-0.43150879122491054,0.13241625122580056
2025-02-19,6.410480401542679,-1.2033577771210766,0.5818164534080273,0.2914074876363382,0.2730384227660616,-0.020339042935920603,0.553857204579245,-0.1855200137884178
2025-02-20,-3.637463185825313,2.0277019574077886,-0.5133561826279379,-0.18601588845555006,0.39937228179162393,0.04795634244003661,-0.06339142193473328,-0.0007874945008580122
2025-02-21,-16.702569755664662,0.8859336645929451,-2.188741510193751,1.6406904202048398,-1.0634217809973772,0.401758014911861,-1.1003011534840283,-0.07467704304820248
2025-02-24,5.904461213238685,4.514743417140397,2.128994844645571,0.09201437587390446,1.132393524982533,-1.3557194120411697,0.5702175077693192,0.6415502036090742
2025-02-25,-11.165941811132877,-2.592981543791475,-2.1037045989867122,-0.9200590127201007,0.25863413076412073,0.6488734598933829,0.5621383348527348,-0.5753047618721814
2025-02-26,-11.176302621870319,-0.7975328265401139,0.7196495383918149,-0.13116978710969182,-0.1435624509934628,-0.49048849384645227,0.20894047299421226,-0.028564164919520157
2025-02-27,1.7531007740779785,1.6255174549034785,-1.3555078476543534,-0.6069789827037493,2.1202366130753756,0.11427768590220949,1.1090052304595812,-0.3731475201245507
2025-02-28,-11.346750832509873,2.1274135604263393,1.553885776456704,1.8791901719455726,-1.0277234712269485,-0.5493018152622354,-0.4798092444690923,0.25011645013323736
2025-03-03,13.046855815139404,1.8492710603832767,-1.620072548979185,-2.2770478573895367,1.7636281596823598,0.8636987558060575,1.0899569002399692,-0.6238315866771871
2025-03-04,32.7779121434249,14.368626012012564,-0.27830731558732413,2.4735976444026364,-0.6592107191589182,-1.100522246625972,-1.2745146044343507,1.087063870170892
2025-03-05,36.640423895356314,-7.712916154140242,-1.6344400085853825,0.1448953836381502,-1.0136688410188963,0.60623477023397,-1.0262795459368328,-0.12255082520895244
2025-03-06,0.5739603606576398,0.6043836565393962,0.5306550487100106,-0.6463544541497781,-1.3299861424190569,0.36833914162141623,0.21647723132227042,-0.3455388829544445
2025-03-07,13.506083109925946,4.2119501952025065,0.6486181469562498,-1.9417515289198963,2.581744846911529,2.1906933572112757,0.6383905452751715,-0.2508238965605511
2025-03-10,-14.512962108304343,3.1655891482386793,1.2776089076275523,0.698676728428369,-2.6049429251928555,-1.9189426387136106,-0.3151304340943277,0.24009619525984516
2025-03-11,21.15066366361064,9.036783283854021,0.6282857778215465,1.7553513111820915,-0.2866395290526916,-1.3593683626582282,-0.370441309949138,0.6625665752967956
2025-03-12,-11.113536672094037,-5.031030395524498,-1.692479618660147,-0.12737298859359517,0.9426579403285281,0.6324670974914626,0.061159956917157206,-0.17834468234494258
2025-03-13,-6.225628021480325,1.1701107069122156,0.04317398074465087,-0.7968253642043,0.29914482720823066,0.9586115370752347,-0.13365666431614484,-0.18064955745223796
2025-03-14,9.075083451565035,1.9682856863954183,1.3570751788460012,0.4783319680488178,-0.2352987718649821,-0.21667601200530862,0.0855734478423401,-0.053017607366759034
2025-03-17,-6.2413618204993355,-4.875575558741802,0.5008984593463738,-0.15748953281037614,-0.38460097167598994,0.15931400408099639,-0.8319605891774365,0.488121543909458
2025-03-18,-5.076415660941017,-0.7478601793214219,0.4945963849144971,-0.6817362690629933,0.3441828610847724,-0.1844650421429896,1.016386079592928,-0.5862603806139984
2025-03-19,-8.991385532877771,-4.571993956858316,-3.620743995578168,-1.70790720161878,0.2604655648587647,1.7006543998789696,0.8416356572425807,-1.0645248646644676
2025-03-20,3.7324736115253843,4.024203598160072,3.4649976272597125,2.425375353332582,-0.32924186356646407,-1.8591484437275014,-1.005655425166878,1.325998417833122
2025-03-21,-4.117530660997996,4.137895686943716,-0.1233597564711433,-0.3592442477741206,0.11147682127013384,-0.11613275494646802,0.425038762384712,-0.15551077392869375
2025-03-24,2.8848310254448153,2.885011807440919,0.3375266681585816,0.5043088786672636,-0.3297110034908451,-0.27157325561147716,-0.4546668758584659,0.287639361131706
2025-03-25,5.522130248915112,0.07650678647960325,-1.1739932188732436,0.05789781226539627,0.4044227283765423,0.20883152849760814,0.2749068213468042,-0.17166257823395628
2025-03-26,-7.765892095564049,2.8458920642538215,0.747749405477093,0.9132456169049833,0.7512779550159011,-1.5281616065113859,0.7311495787920226,0.2509975945835054
2025-03-27,-1.296670344288589,3.3508606243156644,-1.0367673450690482,-1.2631804832243994,-0.6288426761499349,1.295281423415168,-0.6434729036433233,-0.25565377948145873
2025-03-28,-10.481050200808568,2.1652331836916856,-0.5169865387626568,0.5238115912665117,0.15110368368287008,0.12685729121666472,0.0914900367403421,-0.02275967986861189
2025-03-31,1.868526119456866,-2.5900521588277803,-1.321579922829286,-0.43501231605781626,0.3503638267304641,0.1965604478154151,0.18867365691106908,-0.2957146789868396
2025-04-01,-13.944086989725617,-1.5342000983883903,-1.889381820837145,0.925893851538714,0.08699204366893447,-0.44501517489604847,0.0248525750230393,0.12160674480079721
2025-04-02,5.029991821618135,0.13643960650236303,0.6072800980443234,-1.2881793536237705,0.2609227069979986,0.03698554575311456,0.6200977512075916,-0.17999224760929647
2025-04-03,-22.142227152114682,5.6418302672317,0.5684547388117196,0.7852186512843117,-0.42797312541131255,-0.6248860189149058,-0.3987743453241482,0.2072431276742499
2025-04-04,-3.3750550615552184,4.973875820030003,-3.2575414421249755,0.925891385914563,0.9403310476405575,-1.265506664693393,1.2329995193236987,-0.2213778212313005
2025-04-07,9.514319970426257,7.622886063611639,-1.2193720111564659,-1.905041723492635,-1.2676475078752767,1.3423972344034814,-0.4109609749275444,-0.4850081682306324
2025-04-08,-15.57095093357695,2.274849874283741,-3.4131700153734723,1.6848999078563691,-0.2760540477772302,-1.1974015289015225,-0.0100289886524799,0.39968397302279257
2025-04-09,40.124782836389016,-1.285479244508673,-8.00162306026174,1.1349726255547914,3.8979187881958897,-0.4689705809247435,-0.18270646901726134,0.37739863375214544
2025-04-10,-35.09826556822288,-2.0345965130247397,7.556235334444071,0.19204414228800187,-4.350845546257777,-0.2216688516094986,-0.6459278121252365,0.21038103658887541
2025-04-11,5.294788819132718,-8.862859994911059,-0.30733281699154513,-3.7330868282165044,0.04311795188778276,-0.011563816915212449,0.7806340139785546,-0.5158970656902518
2025-04-14,-27.491634155150525,2.1335718560703105,1.6321531973450594,2.4249779615401237,0.14061527832362045,0.006167259184668898,-0.23200708227234787,-0.10319252981639444
2025-04-15,9.438150795009639,7.584789853325774,0.7401684986412924,0.37554176632195124,0.5717088579116334,0.16327457916721552,-0.20878448656837817,0.03214699516568651
2025-04-16,-4.861856887929749,1.2882120084652127,-0.5485739911013782,0.3228870811881568,0.5262368553257969,0.06284724292201449,0.25903490727802064,0.12297459343101357
2025-04-17,-7.070882184564089,5.043420877102703,-2.0942445371889424,1.008207313938719,0.46565738229347664,-0.5554143143200617,0.19686744696088873,0.1145892230105428
2025-04-18,1.6625409663346018,1.6280975198958711,-0.4226341912276736,0.2649191078533275,0.15343861007159665,-1.054434258853157,-0.7953907007181428,-0.6760119587673331
2025-04-21,-0.9434542929094988,-1.2309558967564105,0.1104332366046359,-0.16359589159698687,-0.06933199664574066,1.147333052874705,0.6867858017975527,0.8545314281826429
2025-04-22,-9.995640214479051,-0.15655322766067245,0.7621657622801661,0.11687587698610992,-0.6835012788633259,-0.31492199484041966,0.04893422777679834,-0.11393172842896372
2025-04-23,7.83741910142919,-2.8774736993051477,-2.5795373836675046,0.7040882850225685,1.3368525640042543,0.18092777184213882,0.416669761030045,-0.1760834023451779
2025-04-24,-10.927859478217638,1.1999389054566338,1.6116042615106385,0.03923200420287413,-0.23677498898097613,-0.25035672546973,-0.4725439324633494,0.18212481762492314
2025-04-25,3.225164189804011,-2.5570604943418864,0.6723870923688569,0.294879556932505,0.042901712903531154,-0.34514280367780803,0.3676698278298098,0.020169950083002527
2025-04-28,5.130631409063885,2.507966212602869,-0.5403786323696427,0.37418829271655035,-0.01926737172730066,-0.148528117320905,-0.04920094109123564,0.02240325131651159
2025-04-29,-0.14881732108123144,-3.027768933891328,-0.3980738993909083,-0.13372953877811292,0.3905529318258098,0.6417002488514831,-0.1347775946698982,-0.039961943420363646
2025-04-30,-11.901665774919662,1.5947570665925739,0.807367037776908,0.6819360224409657,-0.5173237581467581,-0.5583734179211578,-0.06415401207800599,0.10736033902171627
2025-05-01,-2.7889126595549802,5.875872835963043,-0.8115383308568724,-5.106143931302531,-0.8458261222000655,1.5709054706847765,-0.3349432884690852,-0.2419032624031012
2025-05-02,23.433715985578758,-7.230522856858456,0.7852874501893145,4.61770211446277,1.2211595794493546,-1.0043416643378076,0.12754834228966547,0.3884761313389146
2025-05-05,-2.8099119705804907,1.0799426190190837,0.5604169384401986,-1.1787682700162998,0.6304307129113919,0.19130765443038547,0.8082653735894434,-0.23730821155675874
2025-05-06,-3.1415047456852183,2.222284286121985,-0.0478742832183915,0.9644338186703079,-0.29634232506766944,-0.05529609501834904,-0.6984252320407327,0.18034007293645474
2025-05-07,-12.012029261910898,-3.1897750257091224,0.1513984225518511,1.0293231939617924,-0.48873499680439225,-0.5204203245979242,-0.24140142480432175,0.06960471042153733
2025-05-08,18.186107971317085,1.740429808700009,-1.0553234999052614,-1.517378251195081,1.2315123071760112,0.41275648447446595,0.5541551710275804,0.042367897381260296
2025-05-09,0.13517034697037486,-0.015534579751476848,-1.1501377734308311,0.6963103671993469,-0.4454012394409641,0.21055978096159894,-0.019782676218014623,-0.32979564263972055
2025-05-12,25.003841892104777,-6.618215125995236,0.995820129843599,0.9568756359684126,-0.3279256867220207,0.192566214845062,-0.6650558332123028,0.3595909553710112
2025-05-13,4.9565587897129575,2.5440175525496884,0.9866299996873157,-0.06975886031724694,0.04279583255970425,0.027397317536172337,0.03569723726903617,0.09482760062136589
2025-05-14,5.750959011926994,0.5094224087621454,0.46797677396657994,-0.7551818899853416,0.15054239170625416,0.25871204766843464,-0.07094795120233434,-0.04321575511992144
2025-05-15,-20.53168050940289,-2.5114080569189308,0.7175063827629049,0.22962288899441655,-0.15585360614059998,0.05722655438131635,-0.01836566610939236,-0.13320354799329034
2025-05-16,-3.1993599564806545,2.248318732703388,0.4195278980760479,1.170607758055901,-0.7393510484535872,-0.48696918775338416,-0.6854359585099695,0.4582526142154457
2025-05-19,-5.518450209608393,-0.30053764526339627,-1.5646190632256873,-0.9141440002829205,1.1890464942244148,0.10982939881668981,1.3462090868855383,-0.44155585339737197
2025-05-20,7.409972085962171,6.56746866142313,1.505484235063585,0.8421379196578398,0.3748082976599555,0.17147769080990194,-0.6394668031491383,0.09382511499331775
2025-05-21,11.841739399673221,2.5611015708981917,0.1500188970243682,0.4383232749534641,0.41155730700189164,0.1510994716912965,-0.10452657408406878,0.19473028335805526
2025-05-22,-4.181519102123343,2.8655494438603535,-0.08025809886859218,-0.21089839600267513,0.2548602596089844,0.3016364241457541,0.02373142940031364,0.016357779308357714
2025-05-23,-10.507751197242854,1.4590775138750363,-0.4787637543717356,0.08520844524793196,0.2149844897187824,-0.5119960184203747,0.23571979317668004,-0.05855066442474996
2025-05-26,-5.663966689399979,-1.9376310986041094,-1.136630477124813,0.7763516656188217,-0.2733591803322681,0.053146331461391895,-0.3488432796973511,0.13529274052861787
2025-05-27,-7.426060500079575,-2.8585418797979307,-1.2129547880341773,-0.02640367945965061,0.2742142014337626,-0.16571394651159777,0.23695479990755172,-0.12124453005006978
2025-05-28,2.4826280777576266,1.4882728543183172,0.5724933779190562,0.9792922197194464,-0.07117480371006749,-0.30203966632244444,0.11585932144821036,0.10525173507899883
2025-05-29,-4.116081961304421,0.46052256680992454,0.3592367830249525,-0.4284714134889799,0.25832737783492515,0.38036641231185475,-0.1078403172038131,0.009402517426011319
2025-05-30,-0.5439575637123056,-0.941413090147724,0.9353080905615232,0.02812727537004084,-0.26498032370576285,-0.049181312365884786,-0.04434524963477308,0.05146634951051806
2025-06-02,3.5272308301442488,1.4201975707553058,0.25228366684766035,-0.23609226288038318,0.2453898359989175,0.3835063657732318,-0.10118505781379103,0.0205029884224686
2025-06-03,-3.0519478786330287,1.1069262344671806,0.24514671014375353,0.1640982452498041,-0.21172462930062352,-0.06107945930384721,-0.014431026454089807,-0.02341462400059774
2025-06-04,1.1660872959522923,-2.4248185939357323,-1.392251434349311,-0.08076910405953823,-0.2594406986376591,-0.4579135685603728,0.08526284641074801,0.5632982775396992
2025-06-05,17.723428888479546,-1.701501250706373,-0.5315515380109334,-0.24714326181173102,0.8223505541736382,-0.09553724125539437,0.3363791280873558,-0.5035280594301222
2025-06-06,2.2117111804202247,1.2717715696876688,-0.09980746244371574,0.35666192898854904,0.06970574055229987,-0.648722122895637,-0.6611011735901898,-0.8467832775673999
2025-06-09,-4.691905824385388,-0.40266747238042183,0.9585024427756256,0.5140727248878703,-0.20138382827284856,0.8680587956689516,0.3683455104626335,0.8384922923769054
2025-06-10,-6.570748033359516,0.03223358165440562,0.3256062506139907,0.409156308090353,-0.29455418350535295,-0.7936373644891517,0.28098870034237944,0.6404975289168616
2025-06-11,0.3639687688130307,1.5531270490256897,0.8357483956267081,-0.14629696393956276,0.7942349493252856,0.6901845208393653,-0.2188687279630259,-0.449578604783961
2025-06-12,-6.541885477947893,-1.9203989838818565,-1.2373820466882473,-0.6303317523762224,-0.1660000709334624,0.02482798379375624,0.032106880377804,-0.09405765964160664
2025-06-13,10.3724709328809,-1.5623469728004853,-0.5506047274833954,-0.8522009536575725,-0.2100691429310549,0.34877701963730434,0.20205541390000656,-0.2663636989643325
2025-06-16,1.958897744943003,2.646879532456422,1.6237391215736956,0.2766858832095558,-0.04329191427776038,-0.19031012031079647,-0.20749559953588742,0.1873764835292453
2025-06-17,-5.462404311880729,-3.582176802319257,0.9814311662638606,0.48183478293839727,-0.030482941141900855,-0.1855532345173132,0.028341848764434546,-0.11705968265812992
2025-06-18,-3.354769527656698,1.1748330385225758,-0.6208590600478102,0.0113772342079584,-0.22035870439409566,0.04207790693689466,-0.4686387697634051,0.3133009088787649
2025-06-19,2.4066165278922074,0.8513944584079396,-1.3091220214302839,-0.2589734798135126,0.3675875082721578,0.03230639316420427,0.530300141765912,-0.25359203586511464
2025-06-20,-0.5763406538561224,-0.12937925332037434,0.21893312004124577,0.9179860174050015,0.2466492279105801,0.31058405911122605,0.19894580110751553,-0.012753960234331329
2025-06-23,-0.47602275208158334,2.2401177667190066,0.44609881856470013,0.19893498620405392,-0.35037483790850865,-0.7365332170884525,-0.7457318935470809,0.5520232334358237
2025-06-24,2.7109235843588073,2.0675768256352898,0.853776468953259,-0.06665378761109961,0.5509736998828787,0.4667978901702369,0.59842372500529,-0.3138144775325046
2025-06-25,1.638068161525491,0.4805447705313286,-1.432368536599391,-0.2370846786813055,0.4406436740858696,0.6446778596333693,0.0057057021630892,-0.22910219982288224
2025-06-26,1.188793189311581,4.179714320753,0.7717067759389715,0.45296124125037757,0.4772102594986297,-0.2949057799060627,-0.23441665840557144,0.17198632431543714
2025-06-27,3.7680662138239263,-2.487291166916081,-0.12724684157683316,0.4500299635568819,-0.5765209884558734,0.0161585875003125,-0.21272848317564896,0.048773771994040226
2025-06-30,1.8648429693158917,0.5836651996025769,0.6436399826546274,0.3525995457907064,0.33402540801600694,0.5468150569712542,-0.11047584890974294,-0.13713605692789352
2025-07-01,-6.2511055889075315,-1.8538868644072228,-0.6888107470414038,-0.7186080333115874,-0.05824597032121497,-0.3365713472959577,0.11168577596099362,0.023189080984989292
2025-07-02,9.734517213488312,3.5472517296912143,-1.470015788849478,0.1412905857405356,-0.3145748436607418,-0.11420000597842496,0.009766159452439464,0.13417305051233813
2025-07-03,-7.6119691252965005,-0.8443830748284119,0.33340394682460794,0.497969498923795,0.43959153546021995,-0.13004705506736003,0.004736351987845196,-0.021934273569247046
2025-07-04,-4.889443455721503,2.591367957512949,-0.5438805257331553,0.5822964752660744,-0.4437839907493853,0.10236694821311784,-0.5359321307958695,-0.015710123950512467
2025-07-07,7.626381443760198,1.1586237614564963,-0.0022557275223413237,-0.12024900895253829,0.31233309631940187,-0.37639396330219965,0.39610954625613587,0.05369324219758333
2025-07-08,7.556899805618667,0.6115366030348981,0.3599978252344439,0.02565420318992622,0.08421466421593456,0.20435653606672718,0.0663667304255832,-0.019197587667563007
2025-07-09,-4.5230185638985905,-2.581769387660483,1.3468978062510348,-0.5370213140442964,-0.25688962980139646,0.4620985883936769,-0.20371358687584679,0.026269352367156728
2025-07-10,8.812878864514957,-0.6725635213503681,0.45086400355195533,0.24546292715116663,0.009813286919048689,0.27511736025248706,-0.2773831828773458,0.07203987501857853
2025-07-11,6.961869923777189,1.7262512230328364,0.6052942313797459,-0.18510841326432156,0.22077739820590525,-0.1747910394478783,0.3416101803933724,0.08375058974475047
2025-07-14,0.6534643384900255,3.587346302221473,0.6681569534030963,-0.3932046505022683,0.19747207406755707,0.38335181352008907,-0.026309936916217917,-0.07642592785571826
2025-07-15,-3.0197622616441824,-0.0739614298208222,-1.2382044725580412,-0.3085920048386401,0.32436530625045895,0.0035600911533168345,0.3327849246695484,-0.11599971698406966
2025-07-16,-8.664302872318046,1.8468756150364012,0.3547316358497145,0.13977255556530338,-0.23676922336075754,-0.07955231226143242,-0.2788939706019263,-0.04431000908861001
2025-07-17,4.254943572799352,-1.1881276516059396,-0.09647092282109339,-0.2937393926853242,0.3322594887187733,-0.041532661550001126,0.039333046171074054,0.13954455394809903
2025-07-18,-2.9255264985384932,0.2704333358871364,0.12647597605887653,1.778878104950054,-0.13686295531633647,-0.21230777210595395,-0.20919583052027088,0.05591333532433254
2025-07-21,-11.012946351104782,-1.5673855043919973,0.014874425945479528,-0.8703810839499567,0.020740259365860016,0.07183073450896987,0.12160689960618898,0.061295917738952516
2025-07-22,-1.8006047775139093,1.2715754319605208,-0.40096309933781765,0.46936296154595847,0.3842012450680302,-0.3508181989905584,0.20268349897397997,0.1502855485771668
2025-07-23,12.793278375100966,-0.05233691420648989,0.3819278465503028,0.27147321782156025,0.022030412571016084,0.24984140629726073,-0.3449031089111112,0.041009397494624025
2025-07-24,8.056648324040438,-4.675507000408152,-0.46563302412423807,-0.15200417808264016,-0.2965605465895268,0.0749954802157884,-0.0023244385750553656,-0.16150019883385672
2025-07-25,2.295042081077792,-2.5355761129582555,0.23450801307030072,0.7586178884880901,-0.1850369455045754,0.23466627763903347,-0.2646798017959362,-0.025865895861333466
2025-07-28,-2.8433149509213744,0.18727396347228983,1.6595601798183206,-1.4925537581728352,-0.34486796207778037,0.46851395412537944,-0.10040062495291205,-0.01544117991280998
2025-07-29,-0.12260073428860632,-0.9999095208008026,-1.257898034137247,-0.1128732476718672,0.381127587898635,0.31695295750453073,0.08034380574805336,0.00736148083258792
2025-07-30,6.196554766491017,-1.1955862555692942,2.120361222596061,1.4824052330500601,0.05624556623991257,-0.556718825724197,-0.2459682050646147,0.3346306276679352
2025-07-31,-1.483884421543394,-1.5320563151979427,-1.3285719270380967,-0.4083917998726392,-0.05548678663251835,-0.014354289593710094,0.11041611609523333,-0.002616009713490404
2025-08-01,-9.153973969346167,4.316508093638779,0.2482794062578223,-0.02616980849178651,0.18601778470828947,-0.2598900917678237,0.40677811964549776,-0.0734974676981099
2025-08-04,-8.7252479740139,-3.663602266165001,-0.6707064586767715,-0.5476028026077778,0.6586366575931608,0.37084482803487834,0.2718099560474601,-0.21022250463642994
2025-08-05,-0.6269092441678692,0.1936583113787643,0.49963214540308637,0.05162701114689518,-0.13674160753448386,0.045227557224572223,-0.36469583208488965,0.28595188577297054
2025-08-06,5.51031485404462,0.5522149704739182,0.6721761025875015,-0.14981070195608046,0.0925468026401052,0.3563074925482318,0.12866261164990728,-0.24632855338590418
2025-08-07,-3.3850399215279885,-2.3126342960396378,0.2703405303809182,0.6536980258665065,-0.12254075003965961,-0.20870687646448555,-0.3195699651448494,0.22408366867843513
2025-08-08,11.886211636721175,2.1663304642977086,-0.34047613004506666,0.17629564590414978,0.05983327191421201,0.3178802522555409,-0.10498704585518673,0.08792061196974232
2025-08-11,-0.34391350920821595,0.49275437808957073,1.0775062007164011,0.21541018872696707,0.3975857976674586,-0.14682670166129247,0.02459163029210906,0.07534262401005075
2025-08-12,7.377557231233257,3.0684578182793425,0.9695978667364369,-0.2733864596099735,-0.14301635018733916,0.4544979978768343,-0.16482164852870415,0.0678891685056218
2025-08-13,-12.543782044405571,-1.6089097753563384,0.24426077571553764,-0.20873552419123978,-0.0008505053176915484,-0.19892425416436946,0.256173675100631,0.05479755257308554
2025-08-14,6.268741414774002,1.3028393732332217,0.020963756828166844,-0.12370200127709594,-0.2618949296643858,0.08681644418153078,-0.229426963056354,-0.226068637792297
2025-08-15,14.295613971797987,3.457310764485632,0.013105190474800826,-0.5185779879418861,0.16598103580646256,0.0795342706298398,0.21204206527634026,0.20236502195541348
2025-08-18,-6.967429770329029,-1.2140158151773084,0.6889780183757833,0.8195694048880822,-0.014708512778264514,-0.039734186994862065,-0.2485155845795675,0.02278424541825044
2025-08-19,-3.4004523022948354,0.3573436711236402,-0.5776412923381343,-0.1773848948436228,0.6208290106800547,-0.22191465288905962,0.3585438604273435,0.16328306275130036
2025-08-20,-6.776641136975348,-0.7709589482707221,-0.5916761037957351,0.4866879705835338,-0.7601999754328219,-0.18043560800078584,-0.3488714314082242,-0.3297630186097221
2025-08-21,8.684788536270938,-0.31838318238471386,-0.3734931955766743,0.3972087362222131,0.4682205233636191,-0.36516588096731856,0.00837039557604847,0.010374309553574386
2025-08-22,-6.946595349713842,0.9460386629695671,0.3602188677076011,0.45857270863403155,0.34782402785948,-0.13693706852465376,0.3482780442725772,0.1683469668243687
2025-08-25,6.688986932454227,0.13880093752593928,0.06942953296330386,-0.6488293673247173,0.09698179082026116,0.31129372993449983,0.02000421484128017,-0.26968145936071347
2025-08-26,-6.834544791567662,1.2982371339430616,0.44586661772038244,0.6507968855386668,-0.30211229949048796,0.1648095056806048,-0.40281981261979843,0.15839594114699587
2025-08-27,-6.280045086066835,1.128248127644231,0.2674905364418813,-0.5317927247491487,-0.3845693839444007,-0.13550518322310218,0.2555789830016175,0.008995324078887059
2025-08-28,0.8455588445383474,-2.2535537507233028,0.5011376946847963,0.1630733765720218,0.23488074124722608,-0.2017881177634974,-0.3050492284120031,0.051877836238871586
2025-08-29,1.6857713724538597,2.2142468410924985,0.5940995837730311,-0.1496235508700865,0.48772898409440874,0.3608164677633248,0.003112557708426796,-0.046405725242896
2025-09-01,5.412194713789239,0.30734706020356084,0.5929478425645963,0.05852806743220154,-0.10945684210549476,0.32971467006709126,-0.20637012987614234,-0.011870889857603277
2025-09-02,7.957614529990498,1.2525964087582744,0.044977931912285184,0.1345273010114451,0.11391504313290701,-0.01109164321946306,0.1885398431258762,0.03605501957553542
2025-09-03,-8.615132153128402,-2.7322925773259104,0.3428710316667206,-0.030570575791847396,0.32216564841596274,0.2796588716158808,-0.0022424777953872275,0.08632894420169922
2025-09-04,-1.9036501225665785,-2.265394602405987,0.2904341338304589,-0.12125522705742785,-0.04782839282359077,-0.1587526766773678,-0.029877040744096806,-0.08623395717686398
2025-09-05,-7.427801732709839,0.7530524856889748,0.437531931367298,0.3574376087663601,0.1583811073491282,0.2853493075700004,-0.13247255432696084,0.02084919570770099
2025-09-08,-5.1191586219271725,-3.3770608092153838,-0.46732804336212047,-0.7527761797747685,-0.2630888731883406,-0.12374400248905275,0.18965871872148163,0.009799749997708357
2025-09-09,2.7187381933343384,-0.8501004902079169,0.7301694604941356,0.6117098460384566,0.19817146542752137,0.04648632271878552,-0.12432279313951757,-0.031416990572028805
2025-09-10,-0.512060805063668,-1.7471409037699825,0.3500220002764609,0.10595693525023055,0.13481504620132154,-0.14009576143344957,0.17389529309257956,0.08519044129468022
2025-09-11,1.4784979323164118,-5.8784980148999635,-0.3649096283168165,-0.5388679214816772,0.23021367584393437,0.11659658369718984,0.15647122824550486,-0.10147114369566645
2025-09-12,10.835377099322194,3.21629906479939,-1.6181372351782712,0.4409536684716871,-0.794204423876117,-0.15788038079095754,-0.0534449432105196,-0.023280963368338722
2025-09-15,-0.8723617745631005,-0.8591862173254461,-0.4114357011120123,-0.00018285391176685664,0.28491216052903645,-0.10785447007727766,-0.29347963565752805,-0.07921220993016219
2025-09-16,-1.527968406063689,0.6163246850825636,0.48605835715098067,1.2263009397037252,0.1491428805501801,-0.8022178141650413,0.5295737534237089,0.3695625762509915
2025-09-17,-1.348881884776641,-1.7950987050624028,-2.6249711700150784,-1.3175296365753129,-1.0526585050202493,0.7215566102603949,-0.11733110930981505,-0.08208503342218333
2025-09-18,6.627243477032495,4.2035712348012675,1.7953717441781603,-0.23916336677376018,0.8342787627864267,0.09139656768371737,-0.6849397261989574,-0.2002560980396005
2025-09-19,3.4196973385228757,-0.2014833454640224,0.22523598802506842,0.5702210490172304,-0.2977603425655875,0.18596214753790685,0.33610724959846294,0.14401178779387017
2025-09-22,0.04397444615909371,2.1754522471753623,-0.06260675613581651,-0.20046622622569704,0.40341623502322216,0.015310897374018152,-0.20007529673093605,-0.3267298140409595
2025-09-23,0.9508987372750993,-0.4583347239152907,-0.6086862740261129,-0.0572354565937428,0.16158491106092562,0.1298846499073339,0.059739596691018894,0.3936335074886642
2025-09-24,2.525331524522421,1.001334788468634,0.8017262202459214,0.2531635151751252,-0.39775198449940796,-0.29843846980254907,0.13045398172173397,-0.2747199959213072
2025-09-25,4.729270119674922,-2.436133407314131,-2.038610550719815,-0.6558413943666453,-0.04133235852056687,0.22156945093194924,-0.048332488157071224,0.24050460023727002
2025-09-26,-3.131251099690727,-0.041496183848385514,1.5984389231058929,-0.1991525356500466,0.15029259048851407,0.22831740811629003,0.34157967330743494,-0.2686397697557473
2025-09-29,-8.472981467651,-3.701293840415821,-0.8336948070312892,0.6021602443142288,-0.3092145563536508,-0.16517010914307004,-0.38976786188048984,0.05658734308442034
2025-09-30,-0.38792761374202184,1.028733759167205,0.025654967261230947,0.3693126370829046,0.21699539849269026,-0.37248501732456535,0.2774786555293481,-0.048048889049588595
2025-10-01,-2.0814405818394244,2.5659956995649162,-0.013776960589486876,0.2828010519147921,0.5008936840802124,0.30728221693734287,-0.07676693505729185,0.18610651747082682
2025-10-02,-1.562354882876478,0.6285571813987862,0.7343044444424213,0.13385671392807857,-0.433576413270389,-0.23458730499915792,-0.21562311543175935,0.2740487747276692
2025-10-03,3.582767568487644,-1.0491843140570398,-0.2869476324211645,-0.583418940454796,0.3755553688720123,0.1713516032090386,0.13340474158664384,-0.4070218405400021
2025-10-06,2.9960474191835686,2.9031964716681293,0.32649824907647984,0.0651313132646854,-0.6827203321004599,-0.46664521185559343,0.21947621137443785,0.139436407355272
2025-10-07,-0.47535731307114626,0.0018670591726609733,0.4581534081844067,-0.02379218838277921,0.3327049242536661,0.21860352322243395,-0.2605972422430477,0.2055541354406987
2025-10-08,-8.507031440102336,-1.6027960056914001,-0.36437695651826724,0.012263631558909206,0.0443469682507571,0.3104781564274062,0.20747690914532343,-0.5142557507200423
2025-10-09,3.8689887032535246,0.36695130916280905,-0.9843909630616953,-0.6188225382416139,-0.41261016329234285,-0.22556325399031463,0.3465937437786129,0.10107350863851457
2025-10-10,-10.205637110263524,-0.4059292681082368,0.45863583755271536,0.22139423036012254,0.12672566932543183,-0.1952312438851035,-0.061749112520796644,0.12609745221277016
2025-10-13,-4.669996770308238,0.3377782246814967,0.21921849184656927,-0.40832650301425727,0.071256628863954,0.04949990604888484,0.1386228235789896,-0.29091245340879573
2025-10-14,-6.539935882491292,-1.4402089806667795,0.39666158135928087,-0.09400853259834381,0.21223568236763607,0.04799292102287443,-0.09010397745291152,0.04062044656121876
2025-10-15,-3.1645048823475976,0.1620553959925766,1.0253645373942628,0.2778734300277371,-0.023902193344735773,-0.24107334760560692,-0.05127135681897585,0.05553530740224914
2025-10-16,-8.196215243402863,0.007833635572290863,1.1522604588976126,0.6443224544842733,-0.25770087605625513,0.20591591063289438,-0.15120780857869576,-0.05702806690141453
2025-10-17,8.167661493618589,2.0657141333116127,-0.8827516061393708,-0.4498084525712344,0.284164999017964,-0.020635983733864178,-0.022739018223599618,-0.004866505703987553
2025-10-20,-1.8059668203534962,-0.8216828300764097,-0.8025084694536652,0.07506164227180634,-0.08782703205285901,-0.5349315692384587,-0.06974186659191713,0.1524934793703905
2025-10-21,-4.845888189648132,-2.627163793875602,0.26937657489041067,-0.09377699627902933,-0.027059195327962023,0.32175902963395675,-0.008439860794244282,0.11245505261795916
2025-10-22,3.4969598457760265,2.281552364430464,-0.5164147741881906,0.35046585857332824,0.08205657826090962,0.25178243664196315,-0.03703536235980311,-0.10856960281225657
2025-10-23,4.741032543566967,0.09953481235851949,0.013725254798483508,-0.11023004797742887,0.3814058312813817,0.015928646018028708,0.10389247464255319,0.08915676198737894
2025-10-24,8.461336596706893,-1.3908465240814119,0.23497146980569344,0.42509550375449034,-0.3000502807311601,0.09205066676378157,-0.18531132361871056,-0.011650274571505298
2025-10-27,-2.7340868688791984,-3.5294324551120058,-0.11967211330924772,-0.6350915117078945,0.2701902226708725,0.3666280709132894,0.2112571742412288,-0.15807946195657543
2025-10-28,1.4256173656465607,0.7178637750605025,0.08077795909113014,0.045877471388417676,-0.3979732477713239,-0.14156666469182266,-0.16662345849426066,0.1532697661444741
2025-10-29,5.607593805595628,2.2760114972594465,1.158517812573705,1.73790881886815,-0.39803914972338544,-1.2569406560164438,-0.6642372738589517,0.7928608892618377
2025-10-30,-0.9947082277954986,-1.7259068028927962,-1.8032521904382723,-1.9344331792589866,0.381264157671252,1.1456369619358548,0.7670165925315005,-0.8534683583604918
2025-10-31,-0.382139813894833,2.4658830248294468,1.707712171655152,0.7233107393520386,0.12899732584604515,0.3562708215675364,-0.32126252859925447,0.03512355371330776
2025-11-03,7.459803180666619,-0.387018861195254,-0.16094238723345777,-0.1419272082933356,0.5064062667246721,0.33366371800496103,-0.06433035474899186,0.059854112095314375
2025-11-04,-2.9713246653751915,0.5391731554892623,-0.2545805974807043,0.11044389348223928,0.16131523178005705,0.006706150415389897,0.17661451506788708,-0.12732873069630016
2025-11-05,4.252356974616351,1.4101827050071059,-0.1790209515196279,-0.01770933775896694,-0.08974332450058904,-0.30544411760391244,0.4225628240084977,-0.02947854548975635
