"Date","Price","Open","High","Low","Change %"
"11/05/2025","38.78","38.78","38.78","38.61","0.02%"
"11/04/2025","38.78","38.78","38.95","38.78","1.06%"
"11/03/2025","38.37","38.37","38.37","38.36","0.66%"
"10/31/2025","38.12","38.12","38.29","38.12","1.81%"
"10/30/2025","37.44","37.44","37.78","37.44","-0.03%"
"10/29/2025","37.45","37.45","37.45","37.28","-0.72%"
"10/28/2025","37.72","37.72","37.72","37.72","-1.44%"
"10/27/2025","38.28","38.28","38.28","37.79","-2.38%"
"10/24/2025","39.21","39.21","39.21","39.03","-0.62%"
"10/23/2025","39.46","39.46","39.46","39.44","-0.24%"
"10/22/2025","39.55","39.55","39.55","39.55","1.09%"
"10/21/2025","39.13","38.79","39.13","38.79","0.23%"
"10/20/2025","39.03","39.70","39.70","39.03","-2.10%"
"10/17/2025","39.87","39.56","39.87","39.56","1.23%"
"10/16/2025","39.39","38.87","39.39","38.87","1.83%"
"10/15/2025","38.68","39.17","39.17","38.68","-4.79%"
"10/14/2025","40.63","41.12","41.12","40.63","-0.83%"
"10/13/2025","40.97","41.12","41.12","40.97","-1.21%"
"10/10/2025","41.47","41.12","41.47","41.12","1.28%"
"10/09/2025","40.94","40.78","40.94","40.78","3.52%"
"10/08/2025","39.55","39.70","39.70","39.55","-1.43%"
"10/07/2025","40.12","39.96","40.12","39.96","1.71%"
"10/06/2025","39.45","39.28","39.45","39.28","1.01%"
"10/03/2025","39.06","39.06","39.06","39.06","-0.17%"
"10/02/2025","39.12","39.45","39.45","39.12","-1.68%"
"10/01/2025","39.79","39.95","39.95","39.79","-2.05%"
"09/30/2025","40.62","40.62","40.62","40.62","-1.82%"
"09/29/2025","41.38","41.54","41.54","41.38","-0.39%"
"09/26/2025","41.54","41.86","41.86","41.54","-1.17%"
"09/25/2025","42.03","41.72","42.03","41.72","1.42%"
"09/24/2025","41.45","41.28","41.45","41.28","1.64%"
"09/23/2025","40.78","40.78","40.78","40.78","-4.14%"
"09/22/2025","42.54","42.44","42.54","42.44","13.89%"
"09/19/2025","37.35","37.35","37.35","37.35","0.22%"
"09/18/2025","37.27","37.44","37.44","37.27","-0.90%"
"09/17/2025","37.60","37.61","37.61","37.60","-0.89%"
"09/16/2025","37.94","37.77","37.94","37.77","1.34%"
"09/15/2025","37.44","37.61","37.61","37.44","-0.41%"
"09/12/2025","37.59","37.60","37.60","37.59","-1.57%"
"09/11/2025","38.19","38.87","38.87","38.19","-2.33%"
"09/10/2025","39.10","39.27","39.27","39.10","-1.65%"
"09/09/2025","39.76","41.29","42.62","41.29","-0.86%"
"09/08/2025","40.10","40.26","40.26","40.10","-1.65%"
"09/05/2025","40.78","40.77","40.78","40.77","0.03%"
"09/04/2025","40.77","41.27","41.27","40.77","-4.37%"
"09/03/2025","42.63","43.11","43.11","42.63","-2.75%"
"09/02/2025","43.84","43.51","43.84","43.51","3.94%"
"09/01/2025","42.17","42.18","42.18","42.17","-2.38%"
"08/29/2025","43.20","42.70","43.20","42.70","2.11%"
"08/28/2025","42.31","42.83","42.83","42.31","-1.26%"
"08/27/2025","42.85","42.85","42.85","41.85","2.29%"
"08/26/2025","41.89","40.38","41.89","40.38","3.84%"
"08/25/2025","40.34","40.35","40.35","40.34","-0.12%"
"08/22/2025","40.39","42.34","42.34","40.39","-4.49%"
"08/21/2025","42.29","41.84","42.29","41.84","0.98%"
"08/20/2025","41.88","40.86","41.88","40.86","2.47%"
"08/19/2025","40.87","40.85","40.87","40.85","0.02%"
"08/18/2025","40.86","40.84","40.86","40.84","0.17%"
"08/15/2025","40.79","41.85","41.85","40.79","-2.49%"
"08/14/2025","41.83","41.85","41.85","41.83","-0.19%"
"08/13/2025","41.91","42.36","42.36","41.91","-1.02%"
"08/12/2025","42.34","43.34","43.34","42.34","-2.33%"
"08/11/2025","43.35","42.85","43.35","42.85","1.31%"
"08/08/2025","42.79","43.34","43.34","42.79","-1.25%"
"08/07/2025","43.33","44.82","44.82","43.33","-3.32%"
"08/06/2025","44.82","44.84","44.84","44.82","-0.04%"
"08/05/2025","44.84","44.84","44.84","44.84","0.00%"
"08/04/2025","44.84","46.30","46.30","44.84","-3.34%"
"08/01/2025","46.39","44.33","46.39","44.33","4.62%"
"07/31/2025","44.34","44.33","44.34","44.33","0.07%"
"07/30/2025","44.31","43.85","44.31","43.85","1.14%"
"07/29/2025","43.81","44.83","44.83","43.81","-2.41%"
"07/28/2025","44.89","44.83","44.89","44.83","0.20%"
"07/25/2025","44.80","44.81","44.81","44.80","0.22%"
"07/24/2025","44.70","44.76","44.76","44.70","-0.13%"
"07/23/2025","44.76","46.81","46.81","44.76","-4.44%"
"07/22/2025","46.84","46.34","46.84","46.34","0.95%"
"07/21/2025","46.40","46.37","46.40","46.37","0.15%"
"07/18/2025","46.33","46.31","46.33","46.31","0.00%"
"07/17/2025","46.33","47.33","47.33","46.33","-2.17%"
"07/16/2025","47.36","47.32","47.36","47.32","0.04%"
"07/15/2025","47.34","46.35","47.34","46.35","2.09%"
"07/14/2025","46.37","45.88","46.37","45.88","1.20%"
"07/11/2025","45.82","45.36","45.82","45.36","1.10%"
"07/10/2025","45.32","45.86","45.86","45.32","-1.22%"
"07/09/2025","45.88","46.36","46.36","45.88","-0.93%"
"07/08/2025","46.31","46.34","46.34","46.31","-0.04%"
"07/07/2025","46.33","46.86","46.86","46.33","-1.22%"
"07/04/2025","46.90","45.88","46.90","45.88","2.20%"
"07/03/2025","45.89","46.86","46.86","45.89","-1.99%"
"07/02/2025","46.82","46.86","46.86","46.82","-0.11%"
"07/01/2025","46.87","46.36","46.87","46.36","1.12%"
"06/30/2025","46.35","46.86","46.86","46.35","-1.02%"
"06/27/2025","46.83","47.34","47.34","46.83","-1.18%"
"06/26/2025","47.39","47.88","47.88","47.39","-0.98%"
"06/25/2025","47.86","47.86","47.86","47.86","-0.02%"
"06/24/2025","47.87","50.34","50.34","47.87","-4.94%"
"06/23/2025","50.36","49.82","50.36","49.82","1.04%"
"06/20/2025","49.84","51.83","51.83","49.84","-3.80%"
"06/19/2025","51.81","51.33","51.81","51.33","0.88%"
"06/18/2025","51.36","50.33","51.36","50.33","2.07%"
"06/17/2025","50.32","47.84","50.32","47.84","5.14%"
"06/16/2025","47.86","48.83","48.83","47.86","-1.93%"
"06/13/2025","48.80","48.38","48.80","48.38","0.87%"
"06/12/2025","48.38","47.37","48.38","47.37","2.11%"
"06/11/2025","47.38","47.85","47.85","47.38","-1.06%"
"06/10/2025","47.89","48.36","48.36","47.89","-0.99%"
"06/09/2025","48.37","48.84","48.84","48.37","-0.94%"
"06/06/2025","48.83","49.32","49.32","48.83","-0.87%"
"06/05/2025","49.26","50.36","50.36","49.26","-2.11%"
"06/04/2025","50.32","50.34","50.34","50.32","-0.10%"
"06/03/2025","50.37","50.86","50.86","50.37","-0.94%"
"06/02/2025","50.85","50.36","50.85","50.36","0.97%"
"05/30/2025","50.36","51.36","51.36","50.36","-1.97%"
"05/29/2025","51.37","51.32","51.37","51.32","0.08%"
"05/28/2025","51.33","51.34","51.34","51.33","-0.08%"
"05/27/2025","51.37","54.34","54.34","51.37","-5.43%"
"05/26/2025","54.32","54.27","54.32","54.27","-0.13%"
"05/23/2025","54.39","51.85","54.39","51.85","4.88%"
"05/22/2025","51.86","51.33","51.86","51.33","1.07%"
"05/21/2025","51.31","50.85","51.31","50.85","0.88%"
"05/20/2025","50.86","52.35","52.35","50.86","-2.83%"
"05/19/2025","52.34","52.32","52.34","52.32","-0.08%"
"05/16/2025","52.38","52.36","52.38","52.36","-0.04%"
"05/15/2025","52.40","52.31","52.40","52.31","0.19%"
"05/14/2025","52.30","50.82","52.30","50.82","2.91%"
"05/13/2025","50.82","52.31","52.31","50.82","-2.64%"
"05/12/2025","52.20","54.78","54.78","52.20","-4.71%"
"05/09/2025","54.78","55.27","55.27","54.78","-0.87%"
"05/08/2025","55.26","56.32","56.32","55.26","-1.97%"
"05/07/2025","56.37","56.34","56.37","56.34","0.07%"
"05/06/2025","56.33","56.32","56.33","56.32","0.05%"
"05/05/2025","56.30","56.30","56.30","56.30","0.11%"
"05/02/2025","56.24","56.68","56.68","56.24","-1.87%"
"05/01/2025","57.31","59.30","59.30","57.31","-3.42%"
"04/30/2025","59.34","58.30","59.34","58.30","1.77%"
"04/29/2025","58.31","58.32","58.32","58.31","0.05%"
"04/28/2025","58.28","58.32","58.32","58.28","-0.02%"
"04/25/2025","58.29","58.80","58.80","58.29","-0.99%"
"04/24/2025","58.87","59.82","59.82","58.87","-1.47%"
"04/23/2025","59.75","60.78","60.78","59.75","-1.78%"
"04/22/2025","60.83","61.78","61.78","60.83","-1.52%"
"04/21/2025","61.77","61.77","61.77","61.77","0.06%"
"04/18/2025","61.73","61.73","61.73","61.73","-0.08%"
"04/17/2025","61.78","61.72","61.78","61.72","0.03%"
"04/16/2025","61.76","61.77","61.77","61.76","-0.02%"
"04/15/2025","61.77","63.28","63.28","61.77","-2.34%"
"04/14/2025","63.25","66.17","66.17","63.25","-4.43%"
"04/11/2025","66.18","63.24","66.18","63.23","4.67%"
"04/10/2025","63.23","68.59","68.59","63.23","-8.04%"
"04/09/2025","68.76","63.81","68.76","63.81","7.93%"
"04/08/2025","63.71","63.71","63.71","63.71","3.11%"
"04/04/2025","61.79","56.82","61.79","56.82","8.71%"
"04/03/2025","56.84","55.35","56.84","55.35","2.90%"
"04/02/2025","55.24","54.75","55.24","54.75","0.86%"
"04/01/2025","54.77","54.73","54.77","54.73","9.98%"
"03/25/2025","49.80","50.32","50.32","49.80","-1.05%"
"03/24/2025","50.33","51.80","51.80","50.33","-2.89%"
"03/21/2025","51.83","51.29","51.83","51.29","0.97%"
"03/20/2025","51.33","51.84","51.84","51.33","2.03%"
"03/13/2025","50.31","48.29","50.31","48.29","4.25%"
"03/12/2025","48.26","49.75","49.75","48.26","-2.92%"
"03/11/2025","49.71","48.83","49.71","48.83","1.82%"
"03/10/2025","48.82","46.78","48.82","46.78","4.18%"
"03/07/2025","46.86","46.92","46.92","46.86","0.24%"
"03/06/2025","46.75","46.15","46.75","46.15","1.63%"
"03/05/2025","46.00","47.17","47.17","46.00","-2.85%"
"03/04/2025","47.35","45.88","47.35","45.88","2.31%"
"03/03/2025","46.28","46.28","46.28","45.78","0.94%"
"02/28/2025","45.85","45.85","46.36","45.85","2.23%"
"02/27/2025","44.85","44.85","45.86","44.85","-2.07%"
"02/26/2025","45.80","45.80","45.80","44.86","-0.02%"
"02/25/2025","45.81","45.81","45.81","45.81","1.08%"
"02/24/2025","45.32","45.32","45.32","45.32","-2.18%"
"02/21/2025","46.33","46.33","46.33","46.33","1.09%"
"02/20/2025","45.83","45.83","46.34","45.83","0.07%"
"02/19/2025","45.80","45.80","45.80","45.76","-3.15%"
"02/18/2025","47.29","47.29","47.29","45.82","0.02%"
"02/17/2025","47.28","47.28","47.29","47.28","-1.15%"
"02/14/2025","47.83","47.83","47.83","47.27","-1.01%"
"02/13/2025","48.32","48.32","48.32","47.86","-0.96%"
"02/12/2025","48.79","48.79","48.79","48.24","-0.02%"
"02/11/2025","48.80","48.80","48.80","48.73","-2.09%"
"02/10/2025","49.84","49.84","49.84","48.86","1.10%"
"02/07/2025","49.30","49.30","49.30","49.30","-0.98%"
"02/06/2025","49.79","49.79","49.79","49.79","-1.07%"
"02/05/2025","50.33","50.33","50.33","50.33","-0.79%"
"02/04/2025","50.73","50.73","50.73","50.73","1.72%"
"02/03/2025","49.87","49.87","49.87","49.87","-0.80%"
"01/31/2025","50.27","50.27","50.27","50.27","-1.00%"
"01/30/2025","50.78","50.78","50.78","50.78","-0.06%"
"01/29/2025","50.81","50.81","50.81","50.81","-0.94%"
"01/28/2025","51.29","51.29","51.29","51.29","1.89%"
"01/27/2025","50.34","50.34","50.34","50.34","0.04%"
"01/24/2025","50.32","50.32","50.32","50.32","0.04%"
"01/23/2025","50.30","50.30","50.30","50.30","-1.00%"
"01/22/2025","50.81","50.81","50.81","50.81","0.93%"
"01/21/2025","50.34","50.34","50.82","50.34","-0.94%"
"01/20/2025","50.82","50.82","50.82","50.30","-1.03%"
"01/17/2025","51.35","51.35","51.35","50.87","-0.87%"
"01/16/2025","51.80","51.80","51.80","51.34","-3.70%"
"01/15/2025","53.79","53.79","53.79","51.91","-1.83%"
"01/14/2025","54.79","54.79","54.79","53.75","1.97%"
"01/13/2025","53.73","53.73","54.74","53.73","1.82%"
"01/10/2025","52.77","52.77","53.71","52.77","-0.08%"
"01/09/2025","52.81","52.81","52.81","52.77","2.96%"
"01/08/2025","51.29","51.29","52.76","51.29","-0.06%"
"01/07/2025","51.32","51.32","51.32","51.32","-1.80%"
"01/06/2025","52.26","52.26","52.26","51.24","-1.00%"
"01/03/2025","52.79","52.79","52.79","52.20","-0.96%"
"01/02/2025","53.30","53.30","53.30","51.78","-0.02%"
"01/01/2025","53.31","53.31","53.31","53.31","1.85%"
"12/31/2024","52.34","52.34","53.32","52.34","1.06%"
"12/30/2024","51.79","51.79","52.34","51.79","-0.08%"
"12/27/2024","51.83","51.83","51.83","51.77","0.02%"
"12/26/2024","51.82","51.82","51.82","51.82","0.00%"
"12/25/2024","51.82","51.82","51.82","51.82","0.02%"
"12/24/2024","51.81","51.81","51.81","51.81","0.00%"
"12/23/2024","51.81","51.81","51.81","51.78","-0.06%"
"12/20/2024","51.84","51.84","51.84","51.84","2.17%"
"12/19/2024","50.74","50.74","51.76","50.74","-0.14%"
"12/18/2024","50.81","50.81","50.82","50.81","0.99%"
"12/17/2024","50.31","50.31","50.80","50.31","0.06%"
"12/16/2024","50.28","50.28","50.32","50.28","0.02%"
"12/13/2024","50.27","50.27","50.27","50.22","0.94%"
"12/12/2024","49.80","49.80","50.21","49.80","-1.01%"
"12/11/2024","50.31","50.31","50.31","49.82","-0.04%"
"12/10/2024","50.33","50.33","50.35","50.33","-0.04%"
"12/09/2024","50.35","50.35","50.35","50.34","-1.00%"
"12/06/2024","50.86","50.86","50.86","50.37","-1.93%"
"12/05/2024","51.86","51.86","51.86","50.78","-1.78%"
"12/04/2024","52.80","52.80","52.80","51.80","-1.91%"
"12/03/2024","53.83","53.83","53.83","52.82","1.84%"
"12/02/2024","52.86","52.86","52.86","52.86","-1.80%"
"11/29/2024","53.83","53.83","53.83","52.91","0.00%"
"11/28/2024","53.83","53.88","53.88","53.88","-0.06%"
"11/27/2024","53.86","53.86","53.86","53.84","1.01%"
"11/26/2024","53.32","53.32","53.80","53.32","-0.07%"
"11/25/2024","53.36","53.36","53.36","53.36","1.02%"
"11/22/2024","52.82","52.82","53.42","52.82","-0.02%"
"11/21/2024","52.83","52.83","52.85","52.83","-0.90%"
"11/20/2024","53.31","53.31","53.31","52.80","1.79%"
"11/19/2024","52.37","52.37","53.35","52.37","-0.95%"
"11/18/2024","52.87","52.87","52.87","52.32","1.01%"
"11/15/2024","52.34","52.34","52.85","52.34","0.06%"
"11/14/2024","52.31","52.31","52.43","52.31","-1.82%"
"11/13/2024","53.28","53.28","53.28","53.28","1.76%"
"11/12/2024","52.36","52.36","52.36","52.36","-0.96%"
"11/11/2024","52.87","52.87","52.87","52.42","0.06%"
"11/08/2024","52.84","52.84","52.90","52.84","-2.78%"
"11/07/2024","54.35","54.35","54.35","52.86","-0.93%"
"11/06/2024","54.86","54.86","54.86","54.43","-0.85%"
"11/05/2024","55.33","55.33","55.33","54.79","0.88%"
"11/04/2024","54.85","54.85","55.29","54.85","-0.97%"
"11/01/2024","55.39","55.39","55.39","54.90","2.03%"
"10/31/2024","54.29","54.29","55.32","54.29","-0.15%"
"10/30/2024","54.37","54.37","54.37","54.22","1.04%"
"10/29/2024","53.81","53.81","54.32","53.81","0.00%"
"10/28/2024","53.81","53.81","53.88","53.81","-0.98%"
"10/25/2024","54.34","54.34","54.34","53.83","-1.84%"
"10/24/2024","55.36","55.36","55.36","54.40","0.02%"
"10/23/2024","55.35","55.35","55.36","55.35","0.04%"
"10/22/2024","55.33","55.33","55.33","55.33","-0.04%"
"10/21/2024","55.35","55.35","55.35","55.26","-0.05%"
"10/18/2024","55.38","55.38","55.40","55.38","-1.70%"
"10/17/2024","56.34","56.34","56.34","56.34","-0.02%"
"10/16/2024","56.35","56.35","56.35","56.35","-1.80%"
"10/15/2024","57.38","57.38","57.38","56.41","-3.32%"
"10/14/2024","59.35","59.35","59.35","57.37","0.00%"
"10/11/2024","59.35","59.35","59.36","59.35","0.05%"
"10/10/2024","59.32","59.32","59.32","59.32","-5.96%"
"10/09/2024","63.08","61.33","61.33","61.33","2.85%"
"10/08/2024","61.33","61.33","61.33","61.33","0.08%"
"10/07/2024","61.28","61.28","61.28","61.28","-2.39%"
"10/04/2024","62.78","62.78","62.78","61.19","0.00%"
"10/03/2024","62.78","62.78","65.36","62.78","0.00%"
"10/02/2024","62.78","62.78","62.78","62.25","1.57%"
"10/01/2024","61.81","61.81","62.86","61.81","0.00%"
"09/30/2024","61.81","61.81","61.81","59.29","0.03%"
"09/27/2024","61.79","61.79","61.84","61.79","-0.83%"
"09/26/2024","62.31","62.31","62.31","61.83","-0.02%"
"09/25/2024","62.32","62.32","62.32","62.29","-0.78%"
"09/24/2024","62.81","62.81","62.81","62.37","0.00%"
"09/23/2024","62.81","62.81","62.81","60.90","2.08%"
"09/20/2024","61.53","61.53","62.80","61.53","7.42%"
"09/19/2024","57.28","57.28","57.28","55.81","0.00%"
"09/18/2024","57.28","57.28","57.28","55.03","-0.05%"
"09/17/2024","57.31","57.31","57.31","57.26","0.90%"
"09/16/2024","56.80","56.80","57.32","56.80","-3.37%"
"09/13/2024","58.78","58.78","58.78","56.79","-1.64%"
"09/12/2024","59.76","59.76","59.76","58.71","-0.91%"
"09/11/2024","60.31","60.31","60.31","59.82","1.72%"
"09/10/2024","59.29","59.29","60.31","59.29","-1.61%"
"09/09/2024","60.26","60.26","60.26","59.32","1.60%"
"09/06/2024","59.31","59.31","60.30","59.31","0.03%"
"09/05/2024","59.29","59.29","59.29","59.29","-0.03%"
"09/04/2024","59.31","59.31","59.31","59.31","2.63%"
"09/03/2024","57.79","57.79","57.79","60.64","0.05%"
"09/02/2024","57.76","57.76","57.76","57.75","-0.02%"
"08/30/2024","57.77","57.77","59.29","57.25","0.00%"
"08/29/2024","57.77","57.77","57.79","57.77","-0.05%"
"08/28/2024","57.80","57.80","57.81","57.80","0.91%"
"08/27/2024","57.28","57.28","57.78","57.28","-0.07%"
"08/26/2024","57.32","57.32","57.32","57.32","0.03%"
"08/23/2024","57.30","57.30","57.30","57.30","0.00%"
"08/22/2024","57.30","57.30","57.30","57.25","-3.36%"
"08/21/2024","59.29","59.29","59.29","57.34","0.05%"
"08/20/2024","59.26","59.26","59.31","59.26","-0.03%"
"08/19/2024","59.28","59.28","59.28","59.28","-0.84%"
"08/16/2024","59.78","59.78","59.78","59.28","-4.72%"
"08/15/2024","62.74","62.74","62.74","59.67","-2.35%"
"08/14/2024","64.25","64.25","64.25","62.75","-0.77%"
"08/13/2024","64.75","64.75","64.75","64.28","-0.74%"
"08/12/2024","65.23","65.23","65.23","64.74","-0.05%"
"08/09/2024","65.26","65.26","65.26","65.26","-0.02%"
"08/08/2024","65.27","65.27","65.27","65.25","-5.64%"
"08/07/2024","69.17","69.17","69.17","65.19","0.07%"
"08/06/2024","69.12","69.12","69.14","69.12","3.50%"
"08/05/2024","66.78","66.78","69.20","66.78","4.67%"
"08/02/2024","63.80","63.80","66.82","63.80","4.10%"
"08/01/2024","61.29","61.29","63.79","61.29","-2.36%"
"07/31/2024","62.77","62.77","62.77","61.31","0.00%"
"07/30/2024","62.77","62.77","62.81","62.77","0.02%"
"07/29/2024","62.76","62.76","62.78","62.76","-1.57%"
"07/26/2024","63.76","63.76","63.76","62.76","3.22%"
"07/25/2024","61.77","61.77","63.76","61.77","0.82%"
"07/24/2024","61.27","61.27","61.80","61.27","0.82%"
"07/23/2024","60.77","60.77","61.30","60.77","-0.82%"
"07/22/2024","61.27","61.27","61.27","60.75","-0.02%"
"07/19/2024","61.28","61.28","61.28","61.24","0.00%"
"07/18/2024","61.28","61.28","61.29","61.28","0.74%"
"07/17/2024","60.83","60.83","61.27","60.83","0.88%"
"07/16/2024","60.30","60.30","60.83","60.30","0.07%"
"07/15/2024","60.26","60.26","60.30","60.26","-3.20%"
"07/12/2024","62.25","62.25","62.25","60.27","-0.02%"
"07/11/2024","62.26","62.26","62.34","62.26","-2.34%"
"07/10/2024","63.75","63.75","63.75","62.28","4.06%"
"07/09/2024","61.26","61.26","63.74","61.26","-2.42%"
"07/08/2024","62.78","62.78","62.78","61.31","-0.74%"
"07/05/2024","63.25","63.25","63.25","62.79","-1.57%"
"07/04/2024","64.26","64.26","64.26","63.24","-2.22%"
"07/03/2024","65.72","65.72","65.72","64.25","1.53%"
"07/02/2024","64.73","64.73","65.73","64.73","-3.66%"
"07/01/2024","67.19","67.19","67.19","64.67","3.02%"
"06/28/2024","65.22","65.22","67.21","65.22","0.00%"
"06/27/2024","65.22","65.22","65.23","65.22","0.00%"
"06/26/2024","65.22","65.22","65.22","65.21","-0.05%"
"06/25/2024","65.25","65.25","65.25","65.24","-1.48%"
"06/24/2024","66.23","66.23","66.23","65.23","3.87%"
"06/21/2024","63.76","63.76","66.27","63.76","0.03%"
"06/20/2024","63.74","63.74","63.75","63.74","-2.30%"
"06/19/2024","65.24","65.24","65.24","63.74","-0.02%"
"06/18/2024","65.25","65.25","65.25","65.25","0.06%"
"06/17/2024","65.21","65.21","65.21","65.21","11.11%"
"06/14/2024","58.69","58.69","65.32","58.69","-28.34%"
"06/13/2024","81.90","81.90","81.90","61.82","34.75%"
"06/12/2024","60.78","60.78","60.78","58.87","3.37%"
"06/11/2024","58.80","58.80","60.81","58.80","3.52%"
"06/10/2024","56.80","56.80","58.74","56.80","0.04%"
"06/07/2024","56.78","56.78","56.78","56.73","-0.05%"
"06/06/2024","56.81","56.81","56.81","56.77","-0.80%"
"06/05/2024","57.27","57.27","57.27","56.80","1.76%"
"06/04/2024","56.28","56.28","57.33","56.28","-0.90%"
"06/03/2024","56.79","56.79","56.79","56.36","-27.21%"
"05/31/2024","78.02","78.02","78.02","56.77","0.00%"
"05/30/2024","78.02","78.02","78.02","56.32","38.73%"
"05/29/2024","56.24","56.24","56.72","56.24","-0.97%"
"05/28/2024","56.79","56.79","56.79","56.26","-0.07%"
"05/27/2024","56.83","56.83","56.86","56.83","0.00%"
"05/24/2024","56.83","56.83","56.83","56.81","0.05%"
"05/23/2024","56.80","56.80","56.80","56.73","-0.86%"
"05/22/2024","57.29","57.29","57.29","56.75","-0.69%"
"05/21/2024","57.69","57.69","57.69","57.32","0.70%"
"05/20/2024","57.29","57.29","57.29","57.28","-0.03%"
"05/17/2024","57.31","57.31","57.31","57.24","-0.07%"
"05/16/2024","57.35","57.35","57.35","57.29","36.35%"
"05/15/2024","42.06","42.06","57.41","42.06","-27.86%"
"05/14/2024","58.30","58.30","58.30","58.28","0.00%"
"05/13/2024","58.30","58.30","58.32","58.30","-0.88%"
"05/10/2024","58.82","58.82","58.82","58.28","0.05%"
"05/09/2024","58.79","58.79","58.80","58.79","0.00%"
"05/08/2024","58.79","58.79","58.79","58.77","-1.69%"
"05/07/2024","59.80","59.80","59.80","58.82","0.00%"
"05/06/2024","59.80","59.80","59.82","59.80","-0.12%"
"05/03/2024","59.87","60.82","60.82","59.87","-2.38%"
"05/02/2024","61.33","61.33","61.33","60.86","1.72%"
"05/01/2024","60.29","60.29","61.29","60.29","0.77%"
"04/30/2024","59.83","59.83","60.23","59.83","-0.76%"
"04/29/2024","60.29","60.29","60.29","59.83","-1.65%"
"04/26/2024","61.30","61.30","61.30","60.35","0.86%"
"04/25/2024","60.78","60.78","61.24","60.78","2.55%"
"04/24/2024","59.27","59.27","60.71","59.27","-2.52%"
"04/23/2024","60.80","60.80","60.80","59.30","-2.36%"
"04/22/2024","62.27","62.27","62.27","60.84","-0.05%"
"04/19/2024","62.30","62.30","62.30","62.26","-4.58%"
"04/18/2024","65.29","65.29","65.29","62.25","-0.71%"
"04/17/2024","65.76","65.76","65.76","65.28","3.89%"
"04/16/2024","63.30","63.30","65.70","63.30","5.03%"
"04/15/2024","60.27","60.27","63.22","60.27","-0.03%"
"04/12/2024","60.29","60.29","60.39","60.29","0.00%"
"04/11/2024","60.29","60.29","60.29","60.27","-2.46%"
"04/10/2024","61.81","61.81","61.81","60.23","-0.75%"
"04/09/2024","62.28","62.28","62.28","61.82","-1.52%"
"04/08/2024","63.24","63.24","63.24","62.23","-0.08%"
"04/05/2024","63.29","63.29","63.29","63.24","-3.77%"
"04/04/2024","65.77","65.77","65.77","63.29","-0.75%"
"04/03/2024","66.27","66.27","66.27","65.77","2.33%"
"04/02/2024","64.76","64.76","66.23","64.76","-0.03%"
"04/01/2024","64.78","64.78","64.78","64.78","0.00%"
"03/29/2024","64.78","64.78","64.78","64.78","-0.74%"
"03/28/2024","65.26","65.26","65.26","64.76","-1.52%"
"03/27/2024","66.27","66.27","66.27","65.31","0.74%"
"03/26/2024","65.78","65.78","66.29","65.78","-0.72%"
"03/25/2024","66.26","66.26","66.26","65.73","1.47%"
"03/22/2024","65.30","65.30","65.30","65.30","-1.49%"
"03/21/2024","66.29","66.29","66.29","66.29","-0.29%"
"03/20/2024","66.48","66.48","66.48","66.48","10.32%"
"03/19/2024","60.26","60.26","60.77","60.26","2.62%"
"03/18/2024","58.72","58.72","60.24","58.72","-0.88%"
"03/15/2024","59.24","59.24","59.24","58.72","0.00%"
"03/14/2024","59.24","59.24","59.24","59.19","-2.49%"
"03/13/2024","60.75","60.75","60.75","60.75","-2.41%"
"03/12/2024","62.25","62.25","62.25","62.25","0.02%"
"03/11/2024","62.24","62.24","62.24","62.20","-1.60%"
"03/08/2024","63.25","63.25","63.25","62.31","-0.74%"
"03/07/2024","63.72","63.72","63.72","63.26","-0.81%"
"03/06/2024","64.24","64.24","64.24","63.73","-0.77%"
"03/05/2024","64.74","64.74","64.74","64.26","-1.58%"
"03/04/2024","65.78","65.78","65.78","64.78","0.81%"
"03/01/2024","65.25","65.25","65.76","65.25","-0.02%"
"02/29/2024","65.26","65.74","65.74","65.26","-0.73%"
"02/28/2024","65.74","65.74","65.74","65.74","0.77%"
"02/27/2024","65.24","65.24","65.73","65.24","-0.05%"
"02/26/2024","65.27","65.27","65.27","65.19","0.09%"
"02/23/2024","65.21","65.21","65.28","65.21","0.05%"
"02/22/2024","65.18","66.72","66.72","65.18","-2.26%"
"02/21/2024","66.69","67.23","67.23","66.69","-0.85%"
"02/20/2024","67.26","67.24","67.26","67.24","0.01%"
"02/19/2024","67.25","67.25","67.25","67.25","-0.68%"
"02/16/2024","67.71","67.71","67.71","67.18","-2.25%"
"02/15/2024","69.27","69.27","69.27","67.76","0.10%"
"02/14/2024","69.20","69.20","69.26","69.20","1.41%"
"02/13/2024","68.24","68.24","69.19","68.24","-2.83%"
"02/12/2024","70.23","70.23","70.23","68.26","-0.66%"
"02/09/2024","70.70","70.70","70.70","70.19","0.00%"
"02/08/2024","70.70","70.70","70.70","70.66","-0.07%"
"02/07/2024","70.75","70.75","70.75","70.71","0.74%"
"02/06/2024","70.23","70.23","70.74","70.23","-2.04%"
"02/05/2024","71.69","71.69","71.69","70.18","-1.36%"
"02/02/2024","72.68","72.68","72.68","71.63","0.66%"
"02/01/2024","72.20","72.20","72.70","72.20","2.81%"
"01/31/2024","70.23","70.23","72.25","70.23","-1.39%"
"01/30/2024","71.22","71.22","71.22","70.20","-0.03%"
"01/29/2024","71.24","71.24","71.26","71.24","-0.71%"
"01/26/2024","71.75","71.75","71.75","71.22","0.76%"
"01/25/2024","71.21","71.21","71.78","71.21","-1.40%"
"01/24/2024","72.22","72.22","72.22","71.21","-0.67%"
"01/23/2024","72.71","72.71","72.71","72.18","-2.66%"
"01/22/2024","74.70","74.70","74.70","72.72","-0.63%"
"01/19/2024","75.17","75.17","75.17","74.66","-1.33%"
"01/18/2024","76.18","76.18","76.18","75.18","0.69%"
"01/17/2024","75.66","75.66","76.10","75.66","-0.01%"
"01/16/2024","75.67","75.67","75.67","75.66","0.67%"
"01/15/2024","75.17","75.17","75.65","75.17","-0.07%"
"01/12/2024","75.22","75.22","75.24","75.22","1.40%"
"01/11/2024","74.18","74.18","75.19","74.18","-3.87%"
"01/10/2024","77.17","77.17","77.17","74.17","-0.66%"
"01/09/2024","77.68","77.68","77.68","77.15","-1.28%"
"01/08/2024","78.69","78.69","78.69","77.70","0.04%"
"01/05/2024","78.66","78.66","78.66","78.66","-0.04%"
"01/04/2024","78.69","78.69","78.69","78.62","1.97%"
"01/03/2024","77.17","77.17","78.68","77.17","1.30%"
"01/02/2024","76.18","76.18","77.16","76.18","-0.01%"
"01/01/2024","76.19","76.19","76.19","76.19","0.00%"
"12/29/2023","76.19","76.19","76.19","76.18","0.00%"
"12/28/2023","76.19","76.19","76.19","76.19","0.00%"
"12/27/2023","76.19","76.19","76.22","76.19","0.00%"
"12/26/2023","76.19","76.19","76.19","76.19","-0.01%"
"12/25/2023","76.20","76.20","76.20","76.20","0.03%"
"12/22/2023","76.18","76.18","76.20","76.18","-0.03%"
"12/21/2023","76.20","76.20","76.20","76.19","0.01%"
"12/20/2023","76.19","76.19","76.22","76.19","-1.30%"
"12/19/2023","77.19","77.19","77.19","76.21","0.01%"
"12/18/2023","77.18","77.18","77.18","77.17","0.04%"
"12/15/2023","77.15","77.15","77.21","77.15","-3.22%"
"12/14/2023","79.72","79.72","79.72","77.21","-1.15%"
"12/13/2023","80.65","80.65","80.65","79.72","-0.63%"
"12/12/2023","81.16","81.16","81.16","80.65","0.02%"
"12/11/2023","81.14","81.14","81.14","81.14","1.24%"
"12/08/2023","80.15","80.15","80.15","80.15","-2.99%"
"12/07/2023","82.62","82.62","82.62","80.16","-1.81%"
"12/06/2023","84.14","84.14","84.14","82.64","0.01%"
"12/05/2023","84.13","84.13","84.15","84.13","-8.03%"
"12/04/2023","91.48","91.48","91.48","84.15","5.00%"
"12/01/2023","87.12","87.12","87.12","84.20","0.02%"
"11/30/2023","87.10","87.10","87.10","87.10","-2.26%"
"11/29/2023","89.11","89.11","89.11","87.15","-1.09%"
"11/28/2023","90.09","90.09","90.09","89.11","0.01%"
"11/27/2023","90.08","90.08","90.10","90.08","0.00%"
"11/24/2023","90.08","90.08","90.08","90.08","-0.54%"
"11/23/2023","90.57","90.57","90.57","90.06","-1.63%"
"11/22/2023","92.07","92.07","92.07","90.57","0.55%"
"11/21/2023","91.57","91.57","92.07","91.57","-3.14%"
"11/20/2023","94.54","94.54","94.54","91.56","-1.05%"
"11/17/2023","95.54","95.54","95.54","94.54","0.00%"
"11/16/2023","95.54","95.54","95.54","95.54","-0.51%"
"11/15/2023","96.03","96.03","96.03","95.53","-4.91%"
"11/14/2023","100.99","100.99","100.99","96.04","-1.44%"
"11/13/2023","102.47","102.47","102.47","100.99","-0.01%"
"11/10/2023","102.48","102.47","102.48","102.47","0.01%"
"11/09/2023","102.47","102.47","102.47","102.47","-1.90%"
"11/08/2023","104.45","104.45","104.45","102.47","-0.01%"
"11/07/2023","104.46","104.46","104.46","104.45","-0.47%"
"11/06/2023","104.95","104.95","104.95","104.46","-2.31%"
"11/03/2023","107.43","107.43","110.55","107.43","-3.98%"
"11/02/2023","111.88","111.88","111.88","107.42","-0.45%"
"11/01/2023","112.39","112.39","112.39","111.87","-1.30%"
"10/31/2023","113.87","113.87","113.87","112.38","-0.85%"
"10/30/2023","114.85","114.85","114.85","113.86","-0.85%"
"10/27/2023","115.84","115.84","115.84","114.84","0.84%"
"10/26/2023","114.87","114.87","115.82","114.87","0.02%"
"10/25/2023","114.85","114.85","114.87","114.85","-0.43%"
"10/24/2023","115.35","115.35","115.35","113.00","-1.28%"
"10/23/2023","116.85","116.85","116.85","115.34","-1.02%"
"10/20/2023","118.06","115.86","118.06","115.84","4.12%"
"10/19/2023","113.39","113.39","115.86","113.39","0.01%"
"10/18/2023","113.38","113.38","113.38","113.38","2.70%"
"10/17/2023","110.40","110.40","113.02","110.40","0.45%"
"10/16/2023","109.91","110.40","110.40","110.40","2.31%"
"10/13/2023","107.43","107.43","109.90","107.43","-0.45%"
"10/12/2023","107.92","107.92","107.92","107.44","0.00%"
"10/11/2023","107.92","107.92","107.92","107.92","-3.53%"
"10/10/2023","111.87","111.87","111.87","111.87","1.80%"
"10/09/2023","109.89","109.89","111.85","109.89","-0.01%"
"10/06/2023","109.90","109.90","109.90","109.90","-0.87%"
"10/05/2023","110.87","110.87","110.87","110.87","0.87%"
"10/04/2023","109.91","109.91","109.91","109.91","4.72%"
"10/03/2023","104.96","104.96","104.96","104.96","2.92%"
"10/02/2023","101.98","101.98","104.95","101.98","0.01%"
"09/29/2023","101.97","104.95","104.95","101.97","-4.65%"
"09/28/2023","106.94","106.94","106.94","104.96","2.87%"
"09/27/2023","103.96","103.96","103.96","103.96","0.00%"
"09/26/2023","103.96","103.96","103.96","103.96","2.94%"
"09/22/2023","100.99","100.99","101.48","100.99","0.99%"
"09/21/2023","100.00","100.00","100.99","100.00","-0.70%"
"09/20/2023","100.71","100.71","100.71","100.00","6.53%"
"09/19/2023","94.54","94.54","94.54","94.04","0.01%"
"09/18/2023","94.53","94.53","94.53","94.53","-0.53%"
"09/15/2023","95.03","95.03","95.03","94.53","0.00%"
"09/14/2023","95.03","95.03","95.04","95.03","0.00%"
"09/13/2023","95.03","95.03","95.03","95.03","-1.03%"
"09/12/2023","96.02","96.02","96.02","96.02","0.00%"
"09/11/2023","96.02","96.02","96.02","96.02","-0.01%"
"09/08/2023","96.03","96.03","96.03","96.02","0.01%"
"09/07/2023","96.02","96.02","96.02","96.02","3.75%"
"09/06/2023","92.55","92.55","96.02","92.55","1.64%"
"09/05/2023","91.06","91.06","92.55","91.06","-1.08%"
"09/04/2023","92.05","92.05","92.05","91.05","-0.01%"
"09/01/2023","92.06","92.06","92.06","92.05","0.56%"
"08/31/2023","91.55","91.55","92.07","91.55","-0.01%"
"08/30/2023","91.56","91.56","91.56","91.55","-2.38%"
"08/29/2023","93.79","93.79","93.79","91.57","0.00%"
"08/28/2023","93.79","93.79","93.79","93.79","0.00%"
"08/25/2023","93.79","93.79","93.79","93.78","-1.30%"
"08/24/2023","95.03","95.03","95.03","93.79","-1.04%"
"08/23/2023","96.03","96.03","96.03","95.05","-0.51%"
"08/22/2023","96.52","96.52","96.52","96.03","0.00%"
"08/21/2023","96.52","96.52","96.52","96.52","0.51%"
"08/18/2023","96.03","96.03","96.53","96.03","1.05%"
"08/17/2023","95.03","95.03","96.02","95.03","0.00%"
"08/16/2023","95.03","95.03","95.04","95.03","1.05%"
"08/15/2023","94.04","94.04","95.03","94.04","0.27%"
"08/14/2023","93.79","93.79","94.04","93.79","0.00%"
"08/11/2023","93.79","93.79","93.79","93.78","-1.30%"
"08/10/2023","95.03","95.03","95.03","93.79","-2.54%"
"08/09/2023","97.51","97.51","97.51","95.03","6.49%"
"08/08/2023","91.57","91.57","97.52","91.57","0.01%"
"08/07/2023","91.56","91.56","91.56","91.56","-1.60%"
"08/04/2023","93.05","93.05","93.05","91.56","1.63%"
"08/03/2023","91.56","91.56","93.04","91.56","1.65%"
"08/02/2023","90.07","90.07","91.57","90.07","1.10%"
"08/01/2023","89.09","89.09","90.07","89.09","1.14%"
"07/31/2023","88.09","88.09","89.08","88.09","-1.10%"
"07/28/2023","89.07","89.07","89.07","88.09","-4.28%"
"07/27/2023","93.05","93.05","93.05","89.09","-2.08%"
"07/26/2023","95.03","95.03","95.03","93.04","2.14%"
"07/25/2023","93.04","93.04","95.03","93.04","1.06%"
"07/24/2023","92.06","92.06","93.06","92.06","0.00%"
"07/21/2023","92.06","94.04","94.04","92.06","-1.06%"
"07/20/2023","93.05","93.05","94.03","93.05","2.19%"
"07/19/2023","91.06","91.06","93.04","91.06","-2.14%"
"07/18/2023","93.05","93.05","93.05","91.09","2.17%"
"07/17/2023","91.07","91.07","93.05","91.07","2.23%"
"07/14/2023","89.08","89.08","91.06","89.08","-4.28%"
"07/13/2023","93.06","93.06","93.06","93.06","-2.59%"
"07/12/2023","95.53","95.53","95.53","95.53","-3.51%"
"07/11/2023","99.00","99.00","99.00","99.00","-1.97%"
"07/10/2023","100.99","100.99","100.99","99.00","0.99%"
"07/07/2023","100.00","100.00","100.99","100.00","1.51%"
"07/06/2023","98.51","98.51","100.00","98.51","3.66%"
"07/05/2023","95.03","95.03","98.51","95.03","0.00%"
"07/04/2023","95.03","95.03","95.03","95.03","-1.04%"
"07/03/2023","96.03","96.03","96.03","95.03","-2.02%"
"06/30/2023","98.01","98.01","98.01","96.03","-1.99%"
"06/29/2023","100.00","100.00","100.00","98.01","-1.94%"
"06/28/2023","101.98","101.98","101.98","100.00","-0.48%"
"06/27/2023","102.47","102.47","102.47","101.98","-0.96%"
"06/26/2023","103.46","103.46","103.46","102.47","0.48%"
"06/23/2023","102.97","102.97","103.46","102.97","0.00%"
"06/22/2023","102.97","102.97","102.98","102.97","0.49%"
"06/21/2023","102.47","102.47","102.97","102.47","1.47%"
"06/20/2023","100.99","100.99","102.47","100.99","-0.48%"
"06/19/2023","101.48","101.48","101.48","100.99","-0.49%"
"06/16/2023","101.98","101.98","101.98","101.48","1.48%"
"06/15/2023","100.49","100.49","101.98","100.49","1.51%"
"06/14/2023","99.00","99.00","100.49","99.00","1.52%"
"06/13/2023","97.52","97.52","99.00","97.52","-1.00%"
"06/12/2023","98.51","98.51","98.51","97.52","0.00%"
"06/09/2023","98.51","98.51","98.51","98.51","0.00%"
"06/08/2023","98.51","98.51","98.51","98.51","-0.99%"
"06/07/2023","99.50","99.50","99.50","98.50","-0.50%"
"06/06/2023","100.00","100.00","100.00","99.50","0.00%"
"06/05/2023","100.00","100.00","100.00","100.00","-0.98%"
"06/02/2023","100.99","100.99","100.99","100.00","-1.92%"
"06/01/2023","102.97","102.97","102.97","100.99","0.97%"
"05/31/2023","101.98","101.98","102.96","101.98","-0.96%"
"05/30/2023","102.97","102.97","102.97","101.97","0.00%"
"05/29/2023","102.97","102.97","102.97","102.97","-1.90%"
"05/26/2023","104.96","104.96","104.96","102.97","-1.86%"
"05/25/2023","106.95","106.95","106.95","104.97","4.37%"
"05/24/2023","102.47","102.47","106.94","102.47","-0.49%"
"05/23/2023","102.97","102.97","102.97","102.48","0.00%"
"05/22/2023","102.97","102.97","102.97","102.97","-8.06%"
"05/19/2023","112.00","112.00","112.00","102.97","-8.00%"
"05/18/2023","121.74","121.74","121.74","114.25","7.00%"
"05/17/2023","113.78","113.78","113.97","113.78","-0.03%"
"05/16/2023","113.81","113.81","113.95","113.81","-0.04%"
"05/15/2023","113.85","113.85","113.94","113.85","-0.03%"
"05/12/2023","113.88","113.92","113.92","113.88","-0.03%"
"05/11/2023","113.92","113.92","113.92","113.92","0.03%"
"05/10/2023","113.89","113.90","113.90","113.89","0.01%"
"05/09/2023","113.88","113.87","113.88","113.87","0.01%"
"05/08/2023","113.87","113.87","113.88","113.87","-0.01%"
"05/05/2023","113.88","115.85","115.85","113.88","0.89%"
"05/04/2023","112.87","112.87","115.80","112.87","-3.39%"
"05/03/2023","116.83","116.83","116.83","112.86","3.94%"
"05/02/2023","112.40","112.40","116.83","112.40","0.02%"
"05/01/2023","112.38","112.38","112.38","112.38","-0.41%"
"04/28/2023","112.85","112.84","112.84","112.36","-4.22%"
"04/27/2023","117.82","117.82","117.82","116.88","6.26%"
"04/26/2023","110.88","110.88","117.82","110.88","2.27%"
"04/25/2023","108.42","108.42","110.87","108.42","0.46%"
"04/24/2023","107.92","107.92","108.43","107.92","-0.01%"
"04/21/2023","107.93","107.92","107.93","107.92","4.32%"
"04/20/2023","103.46","103.46","107.92","103.46","0.48%"
"04/19/2023","102.97","102.97","102.97","102.97","-1.89%"
"04/18/2023","104.95","104.95","104.95","104.95","0.00%"
"04/17/2023","104.95","104.95","104.95","104.95","-1.85%"
"04/14/2023","106.93","106.93","106.93","106.93","-5.27%"
"04/13/2023","112.88","112.88","112.88","112.88","0.02%"
"04/12/2023","112.86","112.86","112.86","112.86","-1.74%"
"04/11/2023","114.86","114.86","114.86","114.86","0.01%"
"04/10/2023","114.84","114.84","114.84","114.84","-0.02%"
"04/07/2023","114.87","114.87","114.87","114.87","2.23%"
"04/06/2023","112.36","112.36","112.36","112.36","4.61%"
"04/05/2023","107.40","107.40","107.40","107.40","0.00%"
"04/04/2023","107.41","107.41","107.41","107.41","2.35%"
"04/03/2023","104.94","104.94","104.94","104.94","-8.62%"
"03/31/2023","114.84","114.84","114.84","104.94","-4.14%"
"03/30/2023","119.80","119.80","119.80","114.88","-3.98%"
"03/29/2023","124.76","124.76","124.76","119.80","2.05%"
"03/28/2023","122.26","122.26","124.76","122.26","-2.01%"
"03/27/2023","124.77","124.77","124.77","122.32","4.18%"
"03/24/2023","119.76","119.76","124.67","119.76","9.00%"
"03/23/2023","109.87","109.87","119.71","109.87","-0.04%"
"03/22/2023","109.92","109.92","109.92","109.92","-8.22%"
"03/21/2023","119.77","119.77","119.77","109.95","-4.92%"
"03/20/2023","125.97","125.97","125.97","119.77","9.61%"
"03/17/2023","114.92","114.92","119.81","114.92","0.01%"
"03/16/2023","114.91","114.91","114.91","114.91","9.48%"
"03/15/2023","104.96","104.96","114.79","104.96","9.27%"
"03/14/2023","96.05","96.05","104.98","96.05","0.04%"
"03/13/2023","96.02","96.02","109.87","96.02","5.41%"
"03/10/2023","91.09","91.09","96.04","91.09","0.04%"
"03/09/2023","91.05","91.05","91.06","91.05","0.56%"
"03/08/2023","90.54","90.54","91.05","90.54","0.54%"
"03/07/2023","90.05","90.05","90.56","90.05","-1.11%"
"03/06/2023","91.06","91.06","91.06","90.05","-2.12%"
"03/03/2023","93.03","93.03","93.03","91.05","1.08%"
"03/02/2023","92.04","92.04","93.03","92.04","-3.15%"
"03/01/2023","95.03","95.03","95.03","92.04","0.00%"
"02/28/2023","95.03","95.03","95.03","95.02","-1.54%"
"02/27/2023","96.52","96.52","96.52","95.02","0.52%"
"02/24/2023","96.02","96.02","96.51","96.02","1.04%"
"02/23/2023","95.03","95.03","96.02","95.03","-0.51%"
"02/22/2023","95.52","95.52","95.52","95.03","2.62%"
"02/21/2023","93.08","93.08","95.52","93.08","0.05%"
"02/20/2023","93.04","93.04","93.04","93.04","1.63%"
"02/17/2023","91.55","91.55","93.05","91.55","-0.53%"
"02/16/2023","92.04","92.04","92.04","91.55","-0.53%"
"02/15/2023","92.53","92.53","92.53","92.04","-1.07%"
"02/14/2023","93.53","93.53","93.53","92.53","-1.57%"
"02/13/2023","95.02","95.02","95.02","93.53","4.37%"
"02/10/2023","91.04","91.04","95.02","91.04","-2.15%"
"02/09/2023","93.04","93.04","93.04","91.06","0.54%"
"02/08/2023","92.54","92.54","93.04","92.54","-2.62%"
"02/07/2023","95.03","95.03","95.03","92.54","-2.04%"
"02/06/2023","97.01","97.01","97.01","95.02","-1.02%"
"02/03/2023","98.01","98.01","98.01","97.01","-6.61%"
"02/02/2023","104.95","104.95","104.95","98.02","-1.86%"
"02/01/2023","106.94","106.94","106.94","104.96","-5.28%"
"01/31/2023","112.90","112.90","112.90","106.94","0.89%"
"01/30/2023","111.90","111.90","112.92","111.90","-0.89%"
"01/27/2023","112.90","112.90","112.90","111.91","-0.01%"
"01/26/2023","112.91","112.91","112.91","112.91","-0.85%"
"01/25/2023","113.88","113.88","114.86","113.88","-2.55%"
"01/24/2023","116.86","116.86","116.86","113.88","-0.43%"
"01/23/2023","117.36","117.36","117.36","116.88","1.29%"
"01/20/2023","115.87","115.87","117.39","115.87","3.54%"
"01/19/2023","111.91","111.91","115.91","111.91","0.03%"
"01/18/2023","111.88","111.88","111.88","111.88","-1.76%"
"01/17/2023","113.88","113.88","114.84","113.88","0.87%"
"01/16/2023","112.90","112.90","113.89","112.90","1.79%"
"01/13/2023","110.91","110.91","112.89","110.91","-0.87%"
"01/12/2023","111.88","111.88","111.88","110.88","-0.46%"
"01/11/2023","112.40","112.40","112.40","111.87","2.27%"
"01/10/2023","109.91","109.91","112.40","109.91","-1.76%"
"01/09/2023","111.88","111.88","111.88","109.90","-1.75%"
"01/06/2023","113.87","113.87","113.87","111.87","-0.01%"
"01/05/2023","113.88","113.88","113.89","113.88","-3.37%"
"01/04/2023","117.85","117.85","117.85","113.85","2.59%"
"01/03/2023","114.87","114.87","117.82","114.87","-0.01%"
"01/02/2023","114.88","114.88","114.88","114.84","0.01%"
"12/30/2022","114.87","114.87","114.90","114.87","0.00%"
"12/29/2022","114.87","114.87","114.87","114.86","-2.12%"
"12/28/2022","117.36","117.36","117.36","114.86","0.00%"
"12/27/2022","117.36","117.36","117.38","117.36","0.02%"
"12/26/2022","117.34","117.34","117.34","117.34","-2.07%"
"12/23/2022","119.82","119.82","119.82","117.37","0.82%"
"12/22/2022","118.84","118.84","119.85","118.84","-0.83%"
"12/21/2022","119.83","119.83","119.83","118.85","0.84%"
"12/20/2022","118.83","118.83","119.86","118.83","-0.82%"
"12/19/2022","119.81","119.81","119.81","118.82","4.31%"
"12/16/2022","114.86","114.86","119.86","114.86","5.93%"
"12/15/2022","108.43","108.43","114.95","108.43","-2.21%"
"12/14/2022","110.88","110.88","110.88","108.43","-2.61%"
"12/13/2022","113.85","113.85","113.85","110.87","-0.42%"
"12/12/2022","114.33","114.33","114.33","113.85","-0.86%"
"12/09/2022","115.32","115.32","115.32","114.35","-0.41%"
"12/08/2022","115.80","115.80","115.80","115.33","0.85%"
"12/07/2022","114.82","114.82","115.80","114.82","-0.85%"
"12/06/2022","115.81","115.81","115.81","114.80","0.86%"
"12/05/2022","114.82","114.82","115.83","114.82","0.00%"
"12/02/2022","114.82","114.82","114.84","114.82","-2.27%"
"12/01/2022","117.49","117.49","117.49","114.78","-0.25%"
"11/30/2022","117.79","117.79","118.78","117.79","-1.65%"
"11/29/2022","119.77","119.77","119.77","117.76","1.71%"
"11/28/2022","117.76","117.76","119.76","117.76","2.12%"
"11/25/2022","115.32","115.32","117.82","115.32","-2.90%"
"11/24/2022","118.76","118.76","118.76","115.29","-4.56%"
"11/23/2022","124.44","124.44","124.44","118.78","0.16%"
"11/22/2022","124.24","124.24","124.24","121.75","-0.37%"
"11/21/2022","124.70","124.70","124.70","124.21","-3.80%"
"11/18/2022","129.63","129.63","129.63","124.70","2.34%"
"11/17/2022","126.67","126.67","129.68","126.67","-2.50%"
"11/16/2022","129.92","129.92","129.92","126.63","0.19%"
"11/15/2022","129.67","129.67","129.67","125.69","0.79%"
"11/14/2022","128.65","128.65","129.62","128.65","-0.78%"
"11/11/2022","129.66","129.66","129.66","128.73","-3.61%"
"11/10/2022","134.51","134.51","134.51","129.50","-0.99%"
"11/09/2022","135.85","135.85","135.85","134.48","0.21%"
"11/08/2022","135.57","135.57","135.57","134.54","0.00%"
"11/07/2022","135.57","135.57","135.57","134.60","-4.86%"
"11/04/2022","142.50","142.50","142.50","135.61","0.68%"
"11/03/2022","141.54","141.54","142.61","141.54","-2.39%"
"11/02/2022","145.00","145.00","145.00","141.44","0.42%"
"11/01/2022","144.40","144.40","144.40","137.03","-0.05%"
"10/31/2022","144.47","144.47","144.49","144.47","0.07%"
"10/28/2022","144.37","144.37","144.57","144.37","-2.06%"
"10/27/2022","147.40","147.40","147.40","144.24","-1.25%"
"10/26/2022","149.26","149.26","149.26","147.39","-3.28%"
"10/25/2022","154.32","154.32","154.32","149.26","-4.89%"
"10/24/2022","162.26","162.26","162.26","154.18","2.44%"
"10/21/2022","158.39","158.39","162.27","158.39","0.69%"
"10/20/2022","157.31","157.31","158.33","157.31","0.64%"
"10/19/2022","156.31","156.31","157.39","156.31","-2.50%"
"10/18/2022","160.31","160.31","160.31","156.31","-4.69%"
"10/17/2022","168.19","168.19","168.19","160.25","-1.71%"
"10/14/2022","171.11","171.11","171.11","168.14","-0.52%"
"10/13/2022","172.01","172.01","172.01","171.04","-0.58%"
"10/12/2022","173.01","173.01","173.01","171.86","5.33%"
"10/11/2022","164.25","164.25","173.04","164.25","-2.88%"
"10/10/2022","169.12","169.12","169.12","164.28","1.48%"
"10/07/2022","166.65","166.65","169.33","166.65","-0.87%"
"10/06/2022","168.11","168.11","168.11","166.89","1.17%"
"10/05/2022","166.17","166.17","168.37","166.17","-4.42%"
"10/04/2022","173.86","173.86","173.86","165.93","-1.21%"
"10/03/2022","175.99","175.99","175.99","173.70","-2.74%"
"09/30/2022","180.94","180.94","180.94","175.80","4.29%"
"09/29/2022","173.49","173.49","180.81","173.49","-0.33%"
"09/28/2022","174.07","174.07","174.07","173.40","1.44%"
"09/27/2022","171.60","171.60","174.15","171.60","2.58%"
"09/26/2022","167.29","167.29","167.29","167.29","1.90%"
"09/23/2022","164.17","164.17","167.29","164.17","-0.11%"
"09/22/2022","164.35","164.35","164.35","164.33","0.74%"
"09/21/2022","163.14","163.14","164.21","163.14","2.82%"
"09/20/2022","158.66","158.66","163.31","158.66","4.40%"
"09/19/2022","151.98","151.98","154.41","151.98","0.00%"
"09/16/2022","151.98","151.98","154.39","151.98","1.04%"
"09/15/2022","150.42","150.42","151.98","150.42","-0.72%"
"09/14/2022","151.51","151.51","151.51","150.51","-4.36%"
"09/13/2022","158.42","158.42","158.42","152.09","4.56%"
"09/12/2022","151.51","151.51","151.53","151.51","-4.60%"
"09/09/2022","158.82","158.82","158.82","151.48","0.25%"
"09/08/2022","158.42","158.42","158.42","152.99","-0.63%"
"09/07/2022","159.42","159.42","159.42","152.99","0.38%"
"09/06/2022","158.82","158.82","158.82","152.93","0.25%"
"09/05/2022","158.42","158.42","158.42","152.88","0.00%"
"09/02/2022","158.42","158.42","158.42","152.85","1.89%"
"09/01/2022","155.48","155.48","158.42","155.48","1.48%"
"08/31/2022","153.21","153.21","155.49","153.21","4.01%"
"08/30/2022","147.31","147.31","153.21","147.31","-0.22%"
"08/29/2022","147.64","147.64","147.64","147.61","3.16%"
"08/26/2022","143.12","143.12","147.47","143.12","-2.31%"
"08/25/2022","146.50","146.50","146.50","143.01","1.37%"
"08/24/2022","144.52","144.52","146.58","144.52","-8.90%"
"08/23/2022","158.64","158.64","158.64","144.56","7.05%"
"08/22/2022","148.19","148.19","158.81","148.19","9.21%"
"08/19/2022","135.69","135.69","148.32","135.69","-1.39%"
"08/18/2022","137.60","137.60","137.60","135.68","2.21%"
"08/17/2022","134.62","134.62","137.75","134.62","1.49%"
"08/16/2022","132.65","132.65","134.66","132.65","7.00%"
"08/15/2022","123.97","123.97","132.60","123.97","0.01%"
"08/12/2022","123.96","123.96","123.98","123.96","-5.83%"
"08/11/2022","131.63","131.63","131.63","123.99","-1.72%"
"08/10/2022","133.93","133.93","133.93","131.58","4.00%"
"08/09/2022","128.78","128.78","133.98","128.78","-5.84%"
"08/08/2022","136.77","136.77","136.77","128.77","-1.96%"
"08/05/2022","139.51","139.51","139.51","136.88","-3.42%"
"08/04/2022","144.45","144.45","144.45","139.47","-2.68%"
"08/03/2022","148.43","148.43","148.43","144.55","0.39%"
"08/02/2022","147.85","147.85","148.46","147.85","-1.69%"
"08/01/2022","150.39","150.39","150.39","147.87","-4.39%"
"07/29/2022","157.29","157.29","157.29","150.38","-0.98%"
"07/28/2022","158.85","158.85","158.85","157.14","-2.68%"
"07/27/2022","163.23","163.23","163.23","158.88","3.17%"
"07/26/2022","158.22","158.22","163.04","158.22","-1.30%"
"07/25/2022","160.31","160.31","160.31","158.25","1.31%"
"07/22/2022","158.23","158.23","159.93","158.23","4.57%"
"07/21/2022","151.32","151.32","158.34","151.32","-1.98%"
"07/20/2022","154.38","154.38","154.38","151.34","-4.80%"
"07/19/2022","162.16","162.16","162.16","154.43","1.92%"
"07/18/2022","159.10","159.10","162.27","159.10","-0.03%"
"07/15/2022","159.14","159.14","159.14","159.03","8.25%"
"07/14/2022","147.01","147.01","159.31","147.01","-0.30%"
"07/13/2022","147.45","147.45","147.45","146.99","1.41%"
"07/12/2022","145.40","145.40","147.29","145.40","1.34%"
"07/11/2022","143.48","143.48","145.36","143.48","-3.97%"
"07/08/2022","149.41","149.41","149.41","143.49","-1.30%"
"07/07/2022","151.38","151.38","151.38","149.57","-1.87%"
"07/06/2022","154.26","154.26","154.26","151.27","3.28%"
"07/05/2022","149.36","149.36","154.12","149.36","-1.32%"
"07/04/2022","151.36","151.36","151.36","148.58","-0.33%"
"07/01/2022","151.86","151.86","151.86","149.23","0.32%"
"06/30/2022","151.37","151.37","151.64","151.37","-0.04%"
"06/29/2022","151.43","151.43","151.43","151.31","0.59%"
"06/28/2022","150.54","150.54","151.58","150.54","-0.27%"
"06/27/2022","150.94","150.94","152.06","150.94","-0.40%"
"06/24/2022","151.55","151.55","151.55","150.98","0.72%"
"06/23/2022","150.47","150.47","151.15","150.47","4.12%"
"06/22/2022","144.51","144.51","150.35","144.51","-3.42%"
"06/21/2022","149.63","149.63","149.63","144.52","0.20%"
"06/20/2022","149.33","149.33","150.96","149.33","0.20%"
"06/17/2022","149.03","149.03","149.72","149.03","-0.27%"
"06/16/2022","149.43","149.43","155.53","149.43","-3.94%"
"06/15/2022","155.56","155.56","155.56","149.35","1.95%"
"06/14/2022","152.59","152.59","155.70","152.59","7.37%"
"06/13/2022","142.12","142.12","152.72","142.12","1.81%"
"06/10/2022","139.59","139.59","142.19","139.59","3.70%"
"06/09/2022","134.61","134.61","139.67","134.61","3.01%"
"06/08/2022","130.68","130.68","134.66","130.68","4.13%"
"06/07/2022","125.50","125.50","130.65","125.50","0.01%"
"06/06/2022","125.49","125.49","125.51","125.49","0.00%"
"06/03/2022","125.49","125.49","125.53","125.49","-0.02%"
"06/02/2022","125.51","125.51","125.56","125.51","2.01%"
"06/01/2022","123.04","123.04","125.52","123.04","0.98%"
"05/31/2022","121.84","121.84","123.07","121.84","-1.99%"
"05/30/2022","124.32","124.32","124.32","121.89","-3.92%"
"05/27/2022","129.39","129.39","129.39","124.31","-5.58%"
"05/26/2022","137.04","137.04","137.04","129.40","-2.93%"
"05/25/2022","141.18","141.18","141.18","137.02","2.98%"
"05/24/2022","137.10","137.10","141.16","137.10","-3.14%"
"05/23/2022","141.54","141.54","141.54","137.10","3.61%"
"05/20/2022","136.61","136.61","141.47","136.61","2.24%"
"05/19/2022","133.62","133.62","136.55","133.62","2.28%"
"05/18/2022","130.64","130.64","133.62","130.64","-0.40%"
"05/17/2022","131.17","131.17","131.17","130.73","-0.35%"
"05/16/2022","131.63","131.63","131.63","131.17","-4.75%"
"05/13/2022","138.19","138.19","138.19","131.67","0.44%"
"05/12/2022","137.59","137.59","137.59","132.48","0.00%"
"05/11/2022","137.59","137.59","137.59","133.41","-1.38%"
"05/10/2022","139.52","139.52","139.52","137.51","1.77%"
"05/09/2022","137.10","137.10","139.50","137.10","3.80%"
"05/06/2022","132.08","132.08","137.19","132.08","0.00%"
"05/05/2022","132.08","132.08","134.61","132.08","1.82%"
"05/04/2022","129.72","129.72","132.16","129.72","-2.17%"
"05/03/2022","132.60","132.60","132.60","129.67","-0.02%"
"05/02/2022","132.63","132.63","132.63","132.63","1.90%"
"04/29/2022","130.16","130.16","132.68","130.16","3.54%"
"04/28/2022","125.71","125.71","130.22","125.71","1.18%"
"04/27/2022","124.24","124.24","125.66","124.24","1.99%"
"04/26/2022","121.81","121.81","124.25","121.81","3.40%"
"04/25/2022","117.81","117.81","121.73","117.81","-0.03%"
"04/22/2022","117.85","117.85","117.88","117.85","-0.38%"
"04/21/2022","118.30","118.30","118.30","117.87","-1.25%"
"04/20/2022","119.80","119.80","119.80","118.29","2.10%"
"04/19/2022","117.34","117.34","119.81","117.34","0.02%"
"04/18/2022","117.32","117.32","117.32","117.32","-0.01%"
"04/15/2022","117.33","117.33","117.33","117.33","2.16%"
"04/14/2022","114.85","114.85","117.32","114.85","2.20%"
"04/13/2022","112.38","112.38","114.84","112.38","0.02%"
"04/12/2022","112.36","112.36","112.36","112.36","-1.77%"
"04/11/2022","114.38","114.38","114.38","112.39","4.09%"
"04/08/2022","109.89","109.89","114.37","109.89","1.83%"
"04/07/2022","107.91","107.91","109.89","107.91","0.92%"
"04/06/2022","106.93","106.93","107.92","106.93","2.87%"
"04/05/2022","103.95","103.95","106.94","103.95","0.96%"
"04/04/2022","102.96","102.96","103.95","102.96","-0.46%"
"04/01/2022","103.44","103.44","103.44","102.94","-0.47%"
"03/31/2022","103.93","103.93","103.93","103.43","0.95%"
"03/30/2022","102.95","102.95","103.94","102.95","-6.27%"
"03/29/2022","109.84","109.84","109.84","102.95","-0.01%"
"03/28/2022","109.85","109.85","109.85","109.84","0.02%"
"03/25/2022","109.83","109.83","109.85","109.83","0.91%"
"03/24/2022","108.84","108.84","109.84","108.84","1.83%"
"03/23/2022","106.88","106.88","108.83","106.88","-2.26%"
"03/22/2022","109.35","109.35","109.35","106.89","5.20%"
"03/21/2022","103.94","103.94","109.35","103.94","4.98%"
"03/18/2022","99.01","99.01","100.00","99.01","-0.99%"
"03/17/2022","100.00","100.00","100.00","99.01","-5.13%"
"03/16/2022","105.41","105.41","105.41","100.00","-0.93%"
"03/15/2022","106.40","106.40","106.40","105.41","1.41%"
"03/14/2022","104.92","104.92","106.40","104.92","1.91%"
"03/11/2022","102.95","102.95","104.93","102.95","2.95%"
"03/10/2022","100.00","100.00","102.96","100.00","-13.21%"
"03/09/2022","115.22","115.22","115.22","100.00","-4.49%"
"03/08/2022","120.64","120.64","120.64","115.24","10.74%"
"03/07/2022","108.94","108.94","120.64","108.94","8.10%"
"03/04/2022","100.78","100.78","108.94","100.78","1.97%"
"03/03/2022","98.83","98.83","100.78","98.83","1.96%"
"03/02/2022","96.93","96.93","98.83","96.93","1.88%"
"03/01/2022","95.14","95.14","96.94","95.14","3.28%"
"02/28/2022","92.12","92.12","95.14","92.12","-4.09%"
"02/25/2022","96.05","96.05","96.05","92.11","7.70%"
"02/24/2022","89.18","89.18","96.06","89.18","-1.60%"
"02/23/2022","90.63","90.63","90.63","89.15","-1.61%"
"02/22/2022","92.11","92.11","92.11","90.62","2.19%"
"02/21/2022","90.14","90.14","92.11","90.14","2.25%"
"02/18/2022","88.16","88.16","90.15","88.16","2.27%"
"02/17/2022","86.20","86.20","88.17","86.20","0.01%"
"02/16/2022","86.19","86.19","86.20","86.19","-3.32%"
"02/15/2022","89.15","89.15","89.15","86.19","1.63%"
"02/14/2022","87.72","87.72","89.14","87.72","2.98%"
"02/11/2022","85.18","85.18","87.70","85.18","3.59%"
"02/10/2022","82.23","82.23","85.15","82.23","-1.19%"
"02/09/2022","83.22","83.22","83.22","82.24","-1.16%"
"02/08/2022","84.20","84.20","84.20","83.21","3.69%"
"02/07/2022","81.20","81.20","84.19","81.20","6.49%"
"02/04/2022","76.25","76.25","81.18","76.25","5.46%"
"02/03/2022","72.30","72.30","76.19","72.30","-0.01%"
"02/02/2022","72.31","72.31","72.31","72.29","-0.66%"
"02/01/2022","72.79","72.79","72.79","72.30","-3.29%"
"01/31/2022","75.27","75.27","75.27","72.76","1.32%"
"01/28/2022","74.29","74.29","75.27","74.29","-3.19%"
"01/27/2022","76.74","76.74","76.74","74.27","-1.92%"
"01/26/2022","78.24","78.24","78.24","76.76","-0.01%"
"01/25/2022","78.25","78.25","78.25","78.25","2.60%"
"01/24/2022","76.27","76.27","78.26","76.27","0.66%"
"01/21/2022","75.77","75.77","75.77","75.77","4.80%"
"01/20/2022","72.30","72.30","74.77","72.30","-4.58%"
"01/19/2022","75.77","75.77","75.77","75.28","3.38%"
"01/18/2022","73.29","73.29","75.78","73.29","1.37%"
"01/17/2022","72.30","72.30","73.28","72.30","-1.36%"
"01/14/2022","73.30","73.30","73.30","72.28","0.00%"
"01/13/2022","73.30","73.30","73.31","73.30","1.64%"
"01/12/2022","72.12","72.12","73.32","72.12","-4.35%"
"01/11/2022","75.40","75.40","75.40","72.10","4.17%"
"01/10/2022","72.38","72.38","75.39","72.38","2.90%"
"01/07/2022","70.34","70.34","72.38","70.34","4.46%"
"01/06/2022","67.34","67.34","70.32","67.34","1.46%"
"01/05/2022","66.37","66.37","67.36","66.37","-2.90%"
"01/04/2022","68.35","68.35","68.35","66.37","0.00%"
"01/03/2022","68.35","68.35","68.35","68.34","0.72%"
"12/31/2021","67.86","67.86","68.35","67.86","-2.13%"
"12/30/2021","69.34","69.34","69.34","67.85","2.20%"
"12/29/2021","67.85","67.85","69.33","67.85","-0.01%"
"12/28/2021","67.86","67.86","67.86","67.85","0.01%"
"12/27/2021","67.85","67.85","67.85","67.84","-0.73%"
"12/24/2021","68.35","68.35","68.35","67.85","-0.71%"
"12/23/2021","68.84","68.84","68.84","68.33","-4.15%"
"12/22/2021","71.82","71.82","71.82","68.83","-0.68%"
"12/21/2021","72.31","72.31","72.31","71.80","-0.01%"
"12/20/2021","72.32","72.32","72.32","72.31","0.68%"
"12/17/2021","71.83","71.83","72.33","71.83","-2.01%"
"12/16/2021","73.30","73.30","73.30","71.83","0.66%"
"12/15/2021","72.82","72.82","73.30","72.82","0.00%"
"12/14/2021","72.82","72.82","72.82","72.81","0.01%"
"12/13/2021","72.81","72.81","72.82","72.81","1.38%"
"12/10/2021","71.82","71.82","72.82","71.82","-1.37%"
"12/09/2021","72.82","72.82","72.82","71.84","0.00%"
"12/08/2021","72.82","72.82","72.82","72.81","-6.35%"
"12/07/2021","77.76","77.76","77.76","72.81","-0.03%"
"12/06/2021","77.78","77.78","77.78","77.78","0.01%"
"12/03/2021","77.77","77.77","77.78","77.77","4.64%"
"12/02/2021","74.32","74.32","77.79","74.32","-4.42%"
"12/01/2021","77.76","77.76","77.76","76.23","-0.04%"
"11/30/2021","77.79","77.79","77.79","77.78","-4.05%"
"11/29/2021","81.07","81.07","81.07","77.77","14.65%"
"11/26/2021","70.71","70.71","81.11","70.71","-5.48%"
"11/25/2021","74.81","74.32","75.81","74.32","0.66%"
"11/24/2021","74.32","74.32","74.80","74.32","3.48%"
"11/23/2021","71.82","71.82","74.29","71.82","0.69%"
"11/22/2021","71.33","71.33","71.82","71.33","0.68%"
"11/19/2021","70.85","70.85","71.36","70.85","0.20%"
"11/18/2021","70.71","70.71","70.86","70.71","0.51%"
"11/17/2021","70.35","70.35","70.71","70.35","1.43%"
"11/16/2021","69.36","69.36","70.35","69.36","-0.01%"
"11/15/2021","69.37","69.37","69.37","69.37","1.48%"
"11/12/2021","68.36","68.36","69.39","68.36","3.03%"
"11/11/2021","66.35","66.35","68.22","66.35","0.73%"
"11/10/2021","65.87","65.87","66.34","65.87","-0.72%"
"11/09/2021","66.35","66.35","66.35","65.86","6.35%"
"11/08/2021","62.39","62.39","66.10","62.39","-6.00%"
"11/05/2021","66.37","66.37","66.37","65.88","1.48%"
"11/04/2021","65.40","65.40","66.79","65.40","-1.49%"
"11/03/2021","66.39","66.39","66.39","66.39","-1.51%"
"11/02/2021","67.41","67.41","67.93","67.41","3.04%"
"11/01/2021","65.42","65.42","68.40","65.42","3.12%"
"10/29/2021","63.44","63.44","66.63","63.44","2.47%"
"10/28/2021","61.91","61.91","63.61","61.91","-0.77%"
"10/27/2021","62.39","62.39","62.39","61.92","-0.83%"
"10/26/2021","62.91","62.91","62.91","62.42","2.43%"
"10/25/2021","61.42","61.42","62.80","61.42","0.05%"
"10/22/2021","61.39","61.39","61.79","61.39","-0.84%"
"10/21/2021","61.91","61.91","61.91","61.78","0.80%"
"10/20/2021","61.42","61.42","62.32","61.42","-0.78%"
"10/19/2021","61.90","61.90","62.03","61.90","0.78%"
"10/18/2021","61.42","61.42","62.50","61.42","-1.59%"
"10/15/2021","62.41","62.41","62.41","61.66","-3.08%"
"10/14/2021","64.39","64.39","64.39","63.05","-1.51%"
"10/13/2021","65.38","65.38","65.38","64.02","3.94%"
"10/12/2021","62.90","62.90","65.00","62.90","0.80%"
"10/11/2021","62.40","62.40","62.63","62.40","0.00%"
"10/08/2021","62.40","62.40","62.40","62.15","-3.82%"
"10/07/2021","64.88","64.88","64.88","62.28","3.15%"
"10/06/2021","62.90","62.90","64.14","62.90","2.41%"
"10/05/2021","61.42","61.42","62.41","61.42","0.82%"
"10/04/2021","60.92","60.92","62.66","60.92","0.79%"
"10/01/2021","60.44","60.44","61.43","60.44","1.72%"
"09/30/2021","59.42","59.42","60.67","59.42","0.81%"
"09/29/2021","58.94","58.94","59.20","58.94","-0.82%"
"09/28/2021","59.43","59.43","59.43","58.93","0.83%"
"09/27/2021","58.94","58.94","58.94","58.69","0.87%"
"09/24/2021","58.43","58.43","59.18","58.43","-10.64%"
"09/23/2021","65.39","65.39","65.39","58.92","-1.48%"
"09/22/2021","66.37","66.37","66.37","65.39","-0.75%"
"09/21/2021","66.87","66.87","66.87","66.38","3.42%"
"09/20/2021","64.66","64.66","66.64","64.66","8.95%"
"09/17/2021","59.35","59.35","59.35","59.35","-1.64%"
"09/16/2021","60.34","60.34","60.34","59.34","-0.02%"
"09/15/2021","60.35","60.35","60.35","60.34","0.02%"
"09/14/2021","60.34","60.34","60.35","60.34","0.00%"
"09/13/2021","60.34","60.34","60.34","60.34","-0.02%"
"09/10/2021","60.35","60.35","60.35","60.35","0.00%"
"09/09/2021","60.35","60.35","60.36","60.35","-0.82%"
"09/08/2021","60.85","60.85","60.85","60.35","0.85%"
"09/07/2021","60.34","60.34","60.59","60.34","-0.84%"
"09/06/2021","60.85","60.85","60.85","60.35","0.00%"
"09/03/2021","60.85","60.85","60.85","60.60","0.83%"
"09/02/2021","60.35","60.35","60.60","60.35","-0.81%"
"09/01/2021","60.84","60.84","60.84","60.35","1.64%"
"08/31/2021","59.86","59.86","60.59","59.86","0.02%"
"08/30/2021","59.85","59.85","60.11","59.85","0.00%"
"08/27/2021","59.85","59.85","60.10","59.85","-0.83%"
"08/26/2021","60.35","60.35","60.35","59.85","0.00%"
"08/25/2021","60.35","60.35","60.35","60.10","0.00%"
"08/24/2021","60.35","60.35","60.35","60.11","0.00%"
"08/23/2021","60.35","60.35","60.36","60.35","-0.02%"
"08/20/2021","60.36","60.36","60.36","60.36","1.68%"
"08/19/2021","59.36","59.36","60.36","59.36","0.00%"
"08/18/2021","59.36","59.36","59.36","59.36","1.71%"
"08/17/2021","58.36","58.36","59.36","58.36","0.85%"
"08/16/2021","57.87","57.87","58.86","57.87","-0.84%"
"08/13/2021","58.36","58.36","58.36","58.12","-0.43%"
"08/12/2021","58.61","58.61","58.61","58.36","0.43%"
"08/11/2021","58.36","58.36","58.61","58.36","0.00%"
"08/10/2021","58.36","58.36","58.37","58.36","0.00%"
"08/09/2021","58.36","58.36","58.37","58.36","0.00%"
"08/06/2021","58.36","58.36","58.36","58.36","0.00%"
"08/05/2021","58.36","58.36","58.36","58.36","0.00%"
"08/04/2021","58.36","58.36","58.37","58.36","-0.02%"
"08/03/2021","58.37","58.37","58.38","58.37","1.73%"
"08/02/2021","57.38","57.38","58.38","57.38","-1.71%"
"07/30/2021","58.38","58.38","58.38","58.38","-3.30%"
"07/29/2021","60.37","60.37","60.37","58.88","0.02%"
"07/28/2021","60.36","60.36","60.37","60.36","-0.02%"
"07/27/2021","60.37","60.37","60.37","60.37","0.00%"
"07/26/2021","60.37","60.37","60.37","60.37","-1.61%"
"07/23/2021","61.36","61.36","61.36","60.37","0.00%"
"07/22/2021","61.36","61.36","61.37","61.36","-1.60%"
"07/21/2021","62.36","62.36","62.36","61.86","0.00%"
"07/20/2021","62.36","62.36","62.37","62.36","3.30%"
"07/19/2021","60.37","60.37","62.36","60.37","-3.19%"
"07/16/2021","62.36","62.36","62.36","60.62","0.00%"
"07/15/2021","62.36","62.36","62.36","61.62","0.02%"
"07/14/2021","62.35","62.35","62.35","61.86","-0.02%"
"07/13/2021","62.36","62.36","62.36","62.36","0.00%"
"07/12/2021","62.36","62.36","62.36","62.36","-0.78%"
"07/09/2021","62.85","62.85","62.85","62.35","1.60%"
"07/08/2021","61.86","61.86","62.61","61.86","0.00%"
"07/07/2021","61.86","61.86","61.86","61.62","0.81%"
"07/06/2021","61.36","61.36","61.62","61.36","-1.60%"
"07/05/2021","62.36","62.36","62.36","61.36","1.61%"
"07/02/2021","61.37","61.37","61.87","61.37","-3.88%"
"07/01/2021","63.85","63.85","63.85","61.87","-0.78%"
"06/30/2021","64.35","64.35","64.35","64.11","1.56%"
"06/29/2021","63.36","63.36","64.35","63.36","0.02%"
"06/28/2021","63.35","63.35","63.36","63.35","0.00%"
"06/25/2021","63.35","63.35","63.35","62.85","-0.78%"
"06/24/2021","63.85","63.85","63.85","63.35","-1.54%"
"06/23/2021","64.85","64.85","64.85","63.61","-0.77%"
"06/22/2021","65.35","65.35","65.35","64.60","-1.49%"
"06/21/2021","66.34","66.34","66.34","65.84","3.09%"
"06/18/2021","64.35","64.35","65.84","64.35","0.12%"
"06/17/2021","64.27","64.27","64.34","64.27","-6.53%"
"06/16/2021","68.76","67.26","69.25","64.31","-0.71%"
"06/15/2021","69.25","69.25","69.25","64.56","2.96%"
"06/14/2021","67.26","67.26","67.26","65.30","-1.48%"
"06/11/2021","68.27","68.27","68.27","65.77","0.01%"
"06/10/2021","68.26","68.26","68.26","66.77","-1.43%"
"06/09/2021","69.25","69.25","69.25","67.77","1.45%"
"06/08/2021","68.26","68.26","68.26","68.26","-2.14%"
"06/07/2021","69.75","69.75","69.75","69.01","-0.71%"
"06/04/2021","70.25","70.25","70.25","69.01","4.43%"
"06/03/2021","67.27","67.27","69.75","67.27","-1.45%"
"06/02/2021","68.26","68.26","68.26","67.27","-0.74%"
"06/01/2021","68.77","68.77","68.77","67.77","0.01%"
"05/31/2021","68.76","68.76","68.76","68.52","0.00%"
"05/28/2021","68.76","68.76","68.76","68.52","-0.74%"
"05/27/2021","69.27","69.27","69.27","69.26","0.00%"
"05/26/2021","69.27","69.27","69.27","69.27","-0.72%"
"05/25/2021","69.77","69.77","69.77","69.52","0.00%"
"05/24/2021","69.77","69.77","69.77","69.52","0.72%"
"05/21/2021","69.27","69.27","69.52","69.27","0.00%"
"05/20/2021","69.27","69.27","69.51","69.27","1.46%"
"05/19/2021","68.27","68.27","70.76","68.27","-1.44%"
"05/18/2021","69.27","69.27","69.27","68.77","-0.70%"
"05/17/2021","69.76","69.76","69.76","69.26","0.00%"
"05/14/2021","69.76","69.76","69.76","69.52","-1.41%"
"05/13/2021","70.76","70.76","70.76","70.01","-1.38%"
"05/12/2021","71.75","71.75","71.75","70.01","0.69%"
"05/11/2021","71.26","71.26","72.00","71.26","-2.05%"
"05/10/2021","72.75","72.75","72.75","71.26","0.00%"
"05/07/2021","72.75","72.75","72.75","72.50","0.00%"
"05/06/2021","72.75","72.75","72.75","72.50","0.00%"
"05/05/2021","72.75","72.75","72.75","72.50","2.09%"
"05/04/2021","71.26","71.26","72.51","71.26","0.00%"
"05/03/2021","71.26","71.26","71.26","71.26","0.00%"
"04/30/2021","71.26","71.26","71.26","71.26","-0.68%"
"04/29/2021","71.75","71.75","71.75","71.25","4.33%"
"04/28/2021","68.77","68.77","71.50","68.77","0.00%"
"04/27/2021","68.77","68.77","69.02","68.77","0.00%"
"04/26/2021","68.77","68.77","69.02","68.77","0.73%"
"04/23/2021","68.27","68.27","68.52","68.27","0.00%"
"04/22/2021","68.27","68.27","68.27","68.27","-0.74%"
"04/21/2021","68.78","68.78","68.78","68.28","0.75%"
"04/20/2021","68.27","68.27","69.03","68.27","0.00%"
"04/19/2021","68.27","68.27","68.27","67.77","-0.01%"
"04/16/2021","68.28","68.28","68.28","67.78","-0.70%"
"04/15/2021","68.76","68.76","68.76","68.28","-0.01%"
"04/14/2021","68.77","68.77","69.01","68.77","0.73%"
"04/13/2021","68.27","68.27","68.52","68.27","0.74%"
"04/12/2021","67.77","67.77","68.27","67.77","-0.01%"
"04/09/2021","67.78","67.78","67.78","67.52","0.00%"
"04/08/2021","67.78","67.78","68.03","67.78","0.00%"
"04/07/2021","67.78","67.78","67.78","67.54","-0.72%"
"04/06/2021","68.27","68.27","68.27","67.53","-0.01%"
"04/05/2021","68.28","68.28","68.28","67.78","0.00%"
"04/02/2021","68.28","68.28","68.28","67.78","-1.41%"
"04/01/2021","69.26","69.26","69.26","67.79","-3.47%"
"03/31/2021","71.75","71.75","71.75","69.77","-0.69%"
"03/30/2021","72.25","72.25","72.25","71.50","-0.69%"
"03/29/2021","72.75","72.75","72.75","71.76","0.00%"
"03/26/2021","72.75","72.75","72.75","72.00","0.68%"
"03/25/2021","72.26","72.26","73.01","72.26","-2.67%"
"03/24/2021","74.24","74.24","74.24","73.25","0.00%"
"03/23/2021","74.24","74.24","74.25","74.24","1.68%"
"03/22/2021","73.01","73.01","74.74","73.01","11.01%"
"03/19/2021","65.77","65.77","67.50","65.77","0.77%"
"03/18/2021","65.27","65.27","65.50","65.27","0.79%"
"03/17/2021","64.76","64.76","64.76","64.76","-0.03%"
"03/16/2021","64.78","64.78","64.78","64.52","0.02%"
"03/15/2021","64.77","64.77","64.77","64.52","0.00%"
"03/12/2021","64.77","64.77","64.77","64.51","-2.25%"
"03/11/2021","66.26","66.26","66.26","64.52","-1.49%"
"03/10/2021","67.26","67.26","67.26","66.26","-1.45%"
"03/09/2021","68.25","68.25","68.25","66.75","0.01%"
"03/08/2021","68.24","68.24","68.24","68.24","1.50%"
"03/05/2021","67.23","67.23","68.24","67.23","-0.03%"
"03/04/2021","67.25","67.25","67.25","67.24","0.73%"
"03/03/2021","66.76","66.76","67.25","66.76","-1.48%"
"03/02/2021","67.76","67.76","67.76","67.01","-4.91%"
"03/01/2021","71.26","71.26","71.26","67.52","2.93%"
"02/26/2021","69.23","69.23","70.73","69.23","1.44%"
"02/25/2021","68.25","68.25","70.22","68.25","0.00%"
"02/24/2021","68.25","68.25","68.25","68.25","1.49%"
"02/23/2021","67.25","67.25","68.74","67.25","-0.01%"
"02/22/2021","67.26","66.25","67.26","66.25","2.29%"
"02/19/2021","65.75","66.25","66.25","65.75","0.00%"
"02/18/2021","65.75","65.26","65.75","65.26","0.77%"
"02/17/2021","65.25","62.75","65.25","62.75","4.40%"
"02/16/2021","62.50","63.26","63.26","62.50","-0.40%"
"02/15/2021","62.75","63.75","63.75","62.75","-1.95%"
"02/12/2021","64.00","65.75","65.75","64.00","-3.02%"
"02/11/2021","65.99","65.25","65.99","65.25","1.93%"
"02/10/2021","64.74","65.25","65.25","64.74","-0.78%"
"02/09/2021","65.25","64.26","65.25","64.26","1.57%"
"02/08/2021","64.24","66.24","66.24","64.24","-3.00%"
"02/05/2021","66.23","67.74","67.74","66.23","-2.57%"
"02/04/2021","67.98","68.73","68.73","67.98","-1.44%"
"02/03/2021","68.97","78.19","78.19","68.97","-9.18%"
"02/02/2021","75.94","78.19","78.19","75.94","-2.87%"
"02/01/2021","78.18","79.18","79.18","78.18","-1.25%"
"01/29/2021","79.17","81.17","81.17","79.17","-2.45%"
"01/28/2021","81.16","80.18","81.16","80.18","-1.81%"
"01/27/2021","82.66","80.18","82.66","80.18","1.54%"
"01/26/2021","81.41","80.18","81.41","80.18","-0.31%"
"01/25/2021","81.66","80.17","81.66","80.17","0.00%"
"01/22/2021","81.66","76.69","81.66","76.69","6.13%"
"01/21/2021","76.94","77.69","77.69","76.94","-0.97%"
"01/20/2021","77.69","80.18","80.18","77.69","-3.09%"
"01/19/2021","80.17","84.15","84.15","80.17","-4.72%"
"01/18/2021","84.14","82.66","84.14","82.66","-0.30%"
"01/15/2021","84.39","80.18","84.39","80.18","4.60%"
"01/14/2021","80.68","73.72","80.68","73.72","6.92%"
"01/13/2021","75.46","75.71","75.71","75.46","0.68%"
"01/12/2021","74.95","73.72","74.95","73.72","2.03%"
"01/11/2021","73.46","71.73","73.46","71.73","3.49%"
"01/08/2021","70.98","73.22","73.22","70.98","-3.06%"
"01/07/2021","73.22","73.22","73.22","73.22","2.08%"
"01/06/2021","71.73","71.73","71.73","71.73","-1.71%"
"01/05/2021","72.98","71.24","72.98","71.24","3.15%"
"01/04/2021","70.75","70.75","70.75","70.75","-1.38%"
"01/01/2021","71.74","72.24","72.24","71.74","0.00%"
"12/31/2020","71.74","72.24","72.24","71.74","0.01%"
"12/30/2020","71.73","72.24","72.24","71.73","0.69%"
"12/29/2020","71.24","72.74","72.74","71.24","-1.72%"
"12/28/2020","72.49","72.74","72.74","72.49","0.00%"
"12/25/2020","72.49","72.74","72.74","72.49","0.00%"
"12/24/2020","72.49","74.73","74.73","72.49","-1.35%"
"12/23/2020","73.48","75.22","75.22","73.48","-1.66%"
"12/22/2020","74.72","75.22","75.22","74.72","-0.66%"
"12/21/2020","75.22","70.75","75.22","70.75","6.71%"
"12/18/2020","70.49","69.75","70.49","69.75","0.70%"
"12/17/2020","70.00","71.74","71.74","70.00","-2.06%"
"12/16/2020","71.47","74.72","74.72","71.47","-3.38%"
"12/15/2020","73.97","76.71","76.71","73.97","-1.00%"
"12/14/2020","74.72","72.25","74.72","72.25","-2.29%"
"12/11/2020","76.47","73.24","76.47","73.24","5.14%"
"12/10/2020","72.73","74.73","74.73","72.73","2.08%"
"12/09/2020","71.25","72.25","72.25","71.25","-0.70%"
"12/08/2020","71.75","71.75","71.75","71.75","0.00%"
"12/07/2020","71.75","74.73","74.73","71.75","2.14%"
"12/04/2020","70.25","73.24","73.24","70.25","-3.42%"
"12/03/2020","72.74","73.74","73.74","72.74","-1.02%"
"12/02/2020","73.49","73.73","73.73","73.49","0.69%"
"12/01/2020","72.99","74.73","74.73","72.99","-2.01%"
"11/30/2020","74.49","73.74","74.49","73.74","0.00%"
"11/27/2020","74.49","78.69","78.69","74.49","-3.85%"
"11/26/2020","77.47","78.21","78.21","77.47","-0.95%"
"11/25/2020","78.21","78.69","78.69","78.21","-0.31%"
"11/24/2020","78.45","83.16","83.16","78.45","-5.10%"
"11/23/2020","82.67","83.66","83.66","82.67","-0.90%"
"11/20/2020","83.42","84.16","84.16","83.42","-0.88%"
"11/19/2020","84.16","84.16","84.16","84.16","0.59%"
"11/18/2020","83.67","85.15","85.15","83.67","-1.75%"
"11/17/2020","85.16","84.16","85.16","84.16","1.18%"
"11/16/2020","84.17","85.65","85.65","84.17","-2.58%"
"11/13/2020","86.40","86.15","86.40","86.15","0.29%"
"11/12/2020","86.15","83.17","86.15","83.17","4.82%"
"11/11/2020","82.19","82.67","82.67","82.19","0.32%"
"11/10/2020","81.93","84.16","84.16","81.93","-0.90%"
"11/09/2020","82.67","86.64","86.64","82.67","-3.76%"
"11/06/2020","85.90","87.14","87.14","85.90","0.28%"
"11/05/2020","85.66","94.06","94.06","85.66","-7.97%"
"11/04/2020","93.08","95.55","95.55","93.08","-2.33%"
"11/03/2020","95.30","99.50","99.50","95.30","-4.46%"
"11/02/2020","99.75","99.75","99.75","99.75","-0.73%"
"10/30/2020","100.49","96.54","100.49","96.04","4.09%"
"10/29/2020","96.54","94.07","96.54","94.07","1.56%"
"10/28/2020","95.06","89.12","95.06","89.12","6.65%"
"10/27/2020","89.13","87.64","89.13","87.64","0.84%"
"10/26/2020","88.39","86.65","88.39","86.65","2.30%"
"10/23/2020","86.40","87.14","87.14","86.40","-0.58%"
"10/22/2020","86.90","86.16","86.90","86.16","1.45%"
"10/21/2020","85.66","86.15","86.15","85.66","-0.87%"
"10/20/2020","86.41","85.17","86.41","85.17","1.46%"
"10/19/2020","85.17","86.16","86.16","85.17","-2.83%"
"10/16/2020","87.65","87.15","87.65","87.15","-1.12%"
"10/15/2020","88.64","83.19","88.64","83.19","5.91%"
"10/14/2020","83.69","83.69","83.69","83.69","1.81%"
"10/13/2020","82.20","80.71","82.20","80.71","0.91%"
"10/12/2020","81.46","81.70","81.70","81.46","-0.61%"
"10/09/2020","81.96","83.69","83.69","81.96","-1.77%"
"10/08/2020","83.44","93.08","93.08","83.44","-3.16%"
"10/07/2020","86.16","89.13","89.13","86.16","-2.80%"
"10/06/2020","88.64","91.60","91.60","88.64","-3.49%"
"10/05/2020","91.85","93.08","93.08","91.85","-1.85%"
"10/02/2020","93.58","93.58","93.58","93.58","-0.27%"
"10/01/2020","93.83","95.06","95.06","93.83","-2.31%"
"09/30/2020","96.05","96.54","96.54","96.05","-0.76%"
"09/29/2020","96.79","90.12","96.79","90.12","-0.26%"
"09/28/2020","97.04","87.65","97.04","87.65","-1.50%"
"09/25/2020","98.52","90.12","98.52","90.12","7.54%"
"09/24/2020","91.61","87.65","91.61","87.65","6.01%"
"09/23/2020","86.42","74.24","86.42","74.24","-2.24%"
"09/22/2020","88.40","87.65","88.40","87.65","0.57%"
"09/21/2020","87.90","76.72","87.90","76.72","17.62%"
"09/18/2020","74.73","76.23","76.23","74.73","-0.01%"
"09/17/2020","74.74","74.24","74.74","74.24","2.03%"
"09/16/2020","73.25","76.23","76.23","73.25","-3.91%"
"09/15/2020","76.23","76.72","76.72","76.23","-1.60%"
"09/14/2020","77.47","77.72","77.72","77.47","-1.26%"
"09/11/2020","78.46","76.23","78.46","76.23","2.94%"
"09/10/2020","76.22","76.22","76.22","76.22","-0.65%"
"09/09/2020","76.72","78.21","78.21","76.72","-1.91%"
"09/08/2020","78.21","76.23","78.21","76.23","3.27%"
"09/07/2020","75.73","76.22","76.22","75.73","0.00%"
"09/04/2020","75.73","77.22","77.22","75.73","0.99%"
"09/03/2020","74.99","89.11","89.11","74.99","-0.33%"
"09/02/2020","75.24","77.22","77.22","75.24","-1.94%"
"09/01/2020","76.73","77.22","77.22","76.73","-1.26%"
"08/31/2020","77.71","77.22","77.71","77.22","-0.01%"
"08/28/2020","77.72","77.71","77.72","77.71","-0.31%"
"08/27/2020","77.96","78.22","78.22","77.96","0.32%"
"08/26/2020","77.71","78.21","78.21","77.71","0.00%"
"08/25/2020","77.71","79.20","79.20","77.71","-1.27%"
"08/24/2020","78.71","80.20","80.20","78.71","-1.24%"
"08/21/2020","79.70","89.11","89.11","79.70","-10.57%"
"08/20/2020","89.12","89.12","89.12","89.12","0.56%"
"08/19/2020","88.62","96.04","96.04","88.62","-8.67%"
"08/18/2020","97.03","96.54","97.03","96.54","-0.76%"
"08/17/2020","97.77","95.54","97.77","95.54","0.50%"
"08/14/2020","97.28","95.54","97.28","95.54","3.96%"
"08/13/2020","93.57","95.54","95.54","93.57","-0.78%"
"08/12/2020","94.31","97.03","97.03","94.31","-1.29%"
"08/11/2020","95.54","99.01","99.01","95.54","-3.50%"
"08/10/2020","99.01","100.00","100.00","99.01","0.00%"
"08/07/2020","99.01","100.00","100.00","99.01","-0.49%"
"08/06/2020","99.50","106.91","106.91","99.50","0.00%"
"08/05/2020","99.50","106.91","106.91","99.50","-6.06%"
"08/04/2020","105.92","106.91","106.91","105.92","-1.38%"
"08/03/2020","107.40","109.63","109.63","107.40","-2.03%"
"07/31/2020","109.63","109.63","109.63","109.63","-1.10%"
"07/30/2020","110.85","105.92","110.85","105.92","4.16%"
"07/29/2020","106.42","104.94","106.42","104.94","1.42%"
"07/28/2020","104.93","103.45","104.93","103.45","2.16%"
"07/27/2020","102.71","101.48","102.71","101.48","1.46%"
"07/24/2020","101.23","100.98","101.23","100.98","0.74%"
"07/23/2020","100.49","103.95","103.95","100.49","-3.33%"
"07/22/2020","103.95","100.00","103.95","100.00","3.44%"
"07/21/2020","100.49","106.91","106.91","100.49","-5.56%"
"07/20/2020","106.41","108.88","108.88","106.41","-2.27%"
"07/17/2020","108.88","108.88","108.88","108.88","-0.45%"
"07/16/2020","109.37","109.86","109.86","109.37","0.00%"
"07/15/2020","109.37","114.79","114.79","109.37","-4.32%"
"07/14/2020","114.30","114.79","114.79","114.30","-0.43%"
"07/13/2020","114.80","119.72","119.72","114.80","-4.89%"
"07/10/2020","120.70","111.82","120.70","111.82","2.94%"
"07/09/2020","117.25","127.03","127.03","117.25","2.81%"
"07/08/2020","114.05","113.31","114.05","113.31","0.87%"
"07/07/2020","113.07","112.82","113.07","112.82","1.10%"
"07/06/2020","111.84","127.03","127.03","111.84","-4.41%"
"07/03/2020","117.00","112.81","117.00","112.81","0.64%"
"07/02/2020","116.26","120.69","120.69","116.26","-4.08%"
"07/01/2020","121.20","125.13","125.13","121.20","-3.32%"
"06/30/2020","125.36","128.55","128.55","125.36","-2.85%"
"06/29/2020","129.04","125.84","129.04","125.84","2.54%"
"06/26/2020","125.84","125.84","125.84","125.84","0.79%"
"06/25/2020","124.86","118.71","124.86","118.71","5.18%"
"06/24/2020","118.71","112.81","118.71","112.81","6.15%"
"06/23/2020","111.83","111.82","111.83","111.82","-4.00%"
"06/22/2020","116.49","113.30","116.49","113.30","2.16%"
"06/19/2020","114.03","112.80","114.03","112.80","0.22%"
"06/18/2020","113.78","111.82","113.78","111.82","0.43%"
"06/17/2020","113.29","113.54","113.54","113.29","-0.22%"
"06/16/2020","113.54","100.00","113.54","100.00","-8.87%"
"06/15/2020","124.59","127.03","127.03","124.59","-0.19%"
"06/12/2020","124.83","128.02","128.02","124.83","-4.14%"
"06/11/2020","130.22","116.74","130.22","116.74","10.62%"
"06/10/2020","117.72","111.82","117.72","111.82","4.82%"
"06/09/2020","112.31","103.94","112.31","103.94","8.56%"
"06/08/2020","103.45","100.00","103.45","100.00","3.97%"
"06/05/2020","99.50","119.70","128.58","99.50","-12.37%"
"06/04/2020","113.55","119.70","119.70","119.70","-5.14%"
"06/03/2020","119.70","128.58","128.58","119.70","-6.53%"
"06/02/2020","128.06","131.51","131.51","128.06","-3.33%"
"06/01/2020","132.47","134.45","134.45","132.47","-1.84%"
"05/29/2020","134.96","140.35","140.35","134.96","1.48%"
"05/28/2020","132.99","140.35","140.35","132.99","-4.91%"
"05/27/2020","139.86","149.19","149.19","139.86","-5.64%"
"05/26/2020","148.22","158.50","158.50","148.22","-5.76%"
"05/25/2020","157.28","158.50","158.50","157.28","0.01%"
"05/22/2020","157.27","158.98","158.98","157.27","-0.15%"
"05/21/2020","157.51","161.42","161.42","157.51","-1.68%"
"05/20/2020","160.20","166.82","166.82","160.20","-3.69%"
"05/19/2020","166.34","178.92","178.92","166.34","-7.04%"
"05/18/2020","178.93","183.82","183.82","178.93","-3.43%"
"05/15/2020","185.29","176.44","185.29","176.44","3.44%"
"05/14/2020","179.12","170.52","179.12","170.52","4.00%"
"05/13/2020","172.23","169.14","172.23","169.14","1.28%"
"05/12/2020","170.05","169.14","170.05","169.14","0.52%"
"05/11/2020","169.17","171.58","171.58","169.17","-2.11%"
"05/08/2020","172.82","171.58","172.82","171.58","-0.01%"
"05/07/2020","172.84","169.14","172.84","169.14","1.87%"
"05/06/2020","169.67","169.16","169.67","169.16","1.05%"
"05/04/2020","167.90","188.94","188.94","167.90","0.90%"
"05/01/2020","166.41","161.80","166.41","161.80","1.97%"
"04/30/2020","163.19","161.80","163.19","161.80","1.00%"
"04/29/2020","161.57","169.21","169.21","161.57","-1.65%"
"04/28/2020","164.28","169.21","169.21","164.28","-4.32%"
"04/27/2020","171.70","191.34","191.34","171.70","-8.51%"
"04/24/2020","187.68","183.97","187.68","183.97","3.39%"
"04/23/2020","181.53","186.41","186.41","181.53","-5.82%"
"04/22/2020","192.75","188.94","192.75","188.94","-2.60%"
"04/21/2020","197.90","188.94","197.90","188.94","3.85%"
"04/20/2020","190.56","174.17","190.56","174.17","9.42%"
"04/17/2020","174.16","164.31","174.16","164.31","-3.03%"
"04/16/2020","179.60","164.31","179.60","164.31","10.32%"
"04/15/2020","162.80","174.27","174.27","162.80","12.65%"
"04/14/2020","144.52","164.32","164.32","144.52","-0.01%"
"04/13/2020","144.53","144.53","144.53","144.53","0.00%"
"04/10/2020","144.53","149.21","149.21","144.53","0.01%"
"04/09/2020","144.51","164.32","164.32","144.51","-10.72%"
"04/08/2020","161.86","159.34","161.86","159.34","1.54%"
"04/07/2020","159.41","171.70","171.70","159.41","-8.37%"
"04/06/2020","173.98","181.61","181.61","173.98","-4.84%"
"04/03/2020","182.83","174.47","182.83","174.47","4.79%"
"04/02/2020","174.47","149.21","174.47","149.21","-2.63%"
"04/01/2020","179.19","174.27","179.19","174.27","4.31%"
"03/31/2020","171.79","149.21","171.79","149.21","-1.94%"
"03/30/2020","175.19","149.21","175.19","149.21","6.92%"
"03/27/2020","163.85","149.21","163.85","149.21","11.68%"
"03/26/2020","146.71","168.83","168.83","146.71","-3.27%"
"03/25/2020","151.67","168.83","168.83","151.67","-8.81%"
"03/24/2020","166.33","198.10","198.10","166.33","-14.94%"
"03/23/2020","195.55","229.25","229.25","195.55","2.55%"
"03/20/2020","190.69","229.25","229.25","190.69","-11.59%"
"03/19/2020","215.68","264.58","264.58","215.68","-17.70%"
"03/18/2020","262.05","239.64","262.05","239.64","9.20%"
"03/17/2020","239.97","239.62","239.97","239.62","-1.00%"
"03/16/2020","242.40","215.27","242.40","215.27","14.72%"
"03/13/2020","211.30","225.20","225.20","211.30","-5.35%"
"03/12/2020","223.24","180.96","223.24","180.96","26.07%"
"03/11/2020","177.07","178.41","178.41","177.07","2.13%"
"03/10/2020","173.37","173.37","173.37","173.37","33.95%"
"03/06/2020","129.43","114.74","129.43","114.74","15.26%"
"03/05/2020","112.29","100.00","112.29","100.00","11.74%"
"03/04/2020","100.49","98.52","100.49","98.52","-1.21%"
"03/03/2020","101.72","104.92","104.92","101.72","-6.54%"
"03/02/2020","108.84","98.03","108.84","98.03","11.03%"
"02/28/2020","98.03","85.20","98.03","85.20","13.74%"
"02/27/2020","86.19","78.78","86.19","78.78","11.16%"
"02/26/2020","77.54","74.82","77.54","74.82","3.29%"
"02/25/2020","75.07","71.35","75.07","71.35","4.48%"
"02/24/2020","71.85","62.44","71.85","62.44","13.31%"
"02/21/2020","63.41","59.46","63.41","59.46","7.57%"
"02/20/2020","58.95","59.96","59.96","58.95","-0.42%"
"02/19/2020","59.20","60.45","60.45","59.20","-1.23%"
"02/18/2020","59.94","59.46","59.94","59.46","0.84%"
"02/17/2020","59.44","60.45","60.45","59.44","-1.65%"
"02/14/2020","60.44","56.95","60.44","56.95","5.22%"
"02/13/2020","57.44","56.95","57.44","56.95","1.32%"
"02/12/2020","56.69","58.93","58.93","56.69","-3.41%"
"02/11/2020","58.69","57.94","58.69","57.94","-0.02%"
"02/10/2020","58.70","55.97","58.70","55.97","5.35%"
"02/07/2020","55.72","55.72","55.72","55.72","3.24%"
"02/06/2020","53.97","57.46","57.46","53.97","-5.23%"
"02/05/2020","56.95","63.42","63.42","56.95","-9.46%"
"02/04/2020","62.90","66.40","66.40","62.90","-5.27%"
"02/03/2020","66.40","66.40","66.40","66.40","0.00%"
"01/31/2020","66.40","68.38","68.38","66.40","-2.19%"
"01/30/2020","67.89","68.39","68.39","67.89","0.01%"
"01/29/2020","67.88","73.33","73.33","67.88","-6.80%"
"01/28/2020","72.83","73.83","73.83","72.83","-1.69%"
"01/27/2020","74.08","77.79","77.79","74.08","-4.46%"
"01/24/2020","77.54","77.78","77.78","77.54","-0.64%"
"01/23/2020","78.04","78.78","78.78","78.04","-1.24%"
"01/22/2020","79.02","78.78","79.02","78.78","0.62%"
"01/21/2020","78.53","77.29","78.53","77.29","1.60%"
"01/20/2020","77.29","79.76","79.76","77.29","-1.57%"
"01/17/2020","78.52","79.76","79.76","78.52","-1.26%"
"01/16/2020","79.52","81.74","81.74","79.52","-2.42%"
"01/15/2020","81.49","79.76","81.49","79.76","2.17%"
"01/14/2020","79.76","79.76","79.76","79.76","0.31%"
"01/13/2020","79.51","79.76","79.76","79.51","1.25%"
"01/10/2020","78.53","81.25","81.25","78.53","-3.93%"
"01/09/2020","81.74","83.72","83.72","81.74","-2.66%"
"01/08/2020","83.97","81.75","83.97","81.75","1.79%"
"01/07/2020","82.49","83.23","83.23","82.49","-1.48%"
"01/06/2020","83.73","81.26","83.73","81.26","3.04%"
"01/03/2020","81.26","76.31","81.26","76.31","5.12%"
"01/02/2020","77.30","76.31","77.30","76.30","0.65%"
"01/01/2020","76.80","76.31","76.80","76.31","0.00%"
"12/31/2019","76.80","76.31","76.80","76.31","0.00%"
"12/30/2019","76.80","76.31","76.80","76.31","0.00%"
"12/27/2019","76.80","76.31","76.80","76.31","0.00%"
"12/26/2019","76.80","76.31","76.80","76.31","0.00%"
"12/25/2019","76.80","76.31","76.80","76.31","0.00%"
"12/24/2019","76.80","76.31","76.80","76.31","-0.01%"
"12/23/2019","76.81","76.31","76.81","76.31","0.00%"
"12/20/2019","76.81","74.33","76.81","74.33","1.98%"
"12/19/2019","75.32","73.34","75.32","73.34","2.02%"
"12/18/2019","73.83","73.34","73.83","73.34","-0.01%"
"12/17/2019","73.84","73.83","73.84","73.83","0.34%"
"12/16/2019","73.59","73.84","73.84","73.59","-0.66%"
"12/13/2019","74.08","75.31","75.31","74.08","-2.28%"
"12/12/2019","75.81","75.82","75.82","75.81","-0.99%"
"12/11/2019","76.57","75.33","76.57","75.33","0.34%"
"12/10/2019","76.31","76.31","76.31","76.31","-0.65%"
"12/09/2019","76.81","77.55","77.55","76.81","-0.95%"
"12/06/2019","77.55","78.79","78.79","77.55","-1.25%"
"12/05/2019","78.53","78.79","78.79","78.53","-0.65%"
"12/04/2019","79.04","81.75","81.75","79.04","-3.03%"
"12/03/2019","81.51","80.77","81.51","80.77","2.18%"
"12/02/2019","79.77","80.27","80.27","79.77","-1.24%"
"11/29/2019","80.77","80.27","80.77","80.27","0.00%"
"11/28/2019","80.77","80.28","80.77","80.28","0.00%"
"11/27/2019","80.77","82.50","82.50","80.77","-2.10%"
"11/26/2019","82.50","84.23","84.23","82.50","-3.19%"
"11/25/2019","85.22","89.16","89.16","85.22","-4.42%"
"11/22/2019","89.16","89.16","89.16","89.16","1.12%"
"11/21/2019","88.17","88.18","88.18","88.17","-0.01%"
"11/20/2019","88.18","88.18","88.18","88.18","1.71%"
"11/19/2019","86.70","86.70","86.70","86.70","-0.85%"
"11/18/2019","87.44","86.70","87.44","86.70","-1.12%"
"11/15/2019","88.43","89.16","89.16","88.43","-1.37%"
"11/14/2019","89.66","86.21","89.66","86.21","4.00%"
"11/13/2019","86.21","83.74","86.21","83.74","3.26%"
"11/12/2019","83.49","85.71","85.71","83.49","-2.32%"
"11/11/2019","85.47","83.24","85.47","83.24","2.68%"
"11/08/2019","83.24","81.75","83.24","81.75","2.13%"
"11/07/2019","81.50","83.74","83.74","81.50","-2.38%"
"11/06/2019","83.49","82.25","83.49","82.25","1.20%"
"11/05/2019","82.50","84.72","84.72","82.50","-2.33%"
"11/04/2019","84.47","87.19","87.19","84.47","-3.66%"
"11/01/2019","87.68","89.66","89.66","87.68","-1.95%"
"10/31/2019","89.42","89.66","89.66","89.42","0.01%"
"10/30/2019","89.41","86.69","89.41","86.69","2.25%"
"10/29/2019","87.44","86.20","87.44","86.20","0.87%"
"10/28/2019","86.69","85.21","86.69","85.21","0.57%"
"10/25/2019","86.20","85.71","86.20","85.71","-0.29%"
"10/24/2019","86.45","85.21","86.45","85.21","0.86%"
"10/23/2019","85.71","84.23","85.71","84.23","1.76%"
"10/22/2019","84.23","85.21","85.21","84.23","0.00%"
"10/21/2019","84.23","90.15","90.15","84.23","-5.53%"
"10/18/2019","89.16","91.14","91.14","89.16","-1.10%"
"10/17/2019","90.15","89.16","90.15","89.16","1.11%"
"10/16/2019","89.16","92.61","92.61","89.16","-3.98%"
"10/15/2019","92.86","95.07","95.07","92.86","-3.33%"
"10/14/2019","96.06","93.60","96.06","93.60","2.90%"
"10/11/2019","93.35","99.50","99.50","93.35","-6.42%"
"10/10/2019","99.75","102.94","102.94","99.75","-2.64%"
"10/09/2019","102.45","105.89","105.89","102.45","-3.25%"
"10/08/2019","105.89","104.91","105.89","104.91","0.93%"
"10/07/2019","104.91","102.94","104.91","102.94","1.43%"
"10/04/2019","103.43","102.94","103.43","102.94","-0.47%"
"10/03/2019","103.92","101.47","103.92","101.47","2.17%"
"10/02/2019","101.71","99.01","101.71","99.01","3.24%"
"10/01/2019","98.52","102.45","102.45","98.52","-3.14%"
"09/30/2019","101.71","102.45","102.45","101.71","0.00%"
"09/27/2019","101.71","104.91","104.91","101.71","-2.60%"
"09/26/2019","104.42","102.94","104.42","102.94","2.41%"
"09/25/2019","101.96","100.00","101.96","100.00","2.47%"
"09/24/2019","99.50","98.03","99.50","98.03","1.50%"
"09/23/2019","98.03","95.57","98.03","95.57","2.83%"
"09/20/2019","95.33","93.89","95.33","93.89","9.05%"
"09/19/2019","87.42","87.67","87.67","87.42","0.00%"
"09/18/2019","87.42","87.67","87.67","87.42","0.56%"
"09/17/2019","86.93","84.71","86.93","84.71","2.33%"
"09/16/2019","84.95","81.74","84.95","81.74","3.32%"
"09/13/2019","82.22","83.21","83.21","82.22","-0.60%"
"09/12/2019","82.72","89.15","89.15","82.72","-7.21%"
"09/11/2019","89.15","91.62","91.62","89.15","-1.36%"
"09/10/2019","90.38","89.65","90.38","89.65","1.66%"
"09/09/2019","88.90","89.16","89.16","88.90","0.26%"
"09/06/2019","88.67","90.15","90.15","88.67","-1.08%"
"09/05/2019","89.64","92.62","92.62","89.64","-2.94%"
"09/04/2019","92.36","97.54","97.54","92.36","-6.01%"
"09/03/2019","98.27","100.00","100.00","98.27","-1.24%"
"09/02/2019","99.50","100.00","100.00","99.50","-0.50%"
"08/30/2019","100.00","93.60","100.00","93.60","6.56%"
"08/29/2019","93.84","107.37","107.37","93.84","-6.62%"
"08/28/2019","100.49","107.37","107.37","100.49","-5.76%"
"08/27/2019","106.63","114.74","114.74","106.63","-5.85%"
"08/26/2019","113.26","114.73","114.73","113.26","0.00%"
"08/23/2019","113.26","112.28","113.26","112.28","0.20%"
"08/22/2019","113.03","114.74","114.74","113.03","-2.74%"
"08/21/2019","116.22","122.11","122.11","116.22","-4.63%"
"08/20/2019","121.86","131.96","131.96","121.86","-0.81%"
"08/19/2019","122.85","131.96","131.96","122.85","-5.27%"
"08/16/2019","129.69","131.96","131.96","129.69","-3.64%"
"08/15/2019","134.59","134.44","134.59","134.44","-0.92%"
"08/14/2019","135.84","131.98","135.84","131.98","2.02%"
"08/13/2019","133.15","136.90","136.90","133.15","-2.17%"
"08/12/2019","136.10","129.52","136.10","129.52","7.97%"
"08/09/2019","126.05","111.31","126.05","111.31","13.49%"
"08/08/2019","111.07","111.07","111.07","111.07","0.01%"
"08/07/2019","111.06","105.41","111.06","105.41","0.00%"
"08/06/2019","111.06","113.28","113.28","111.06","-2.17%"
"08/05/2019","113.52","109.34","113.52","109.34","3.60%"
"08/02/2019","109.58","105.41","109.58","105.41","2.76%"
"08/01/2019","106.64","103.44","106.64","103.44","3.34%"
"07/31/2019","103.19","102.46","103.19","102.46","0.48%"
"07/30/2019","102.70","98.02","102.70","98.02","5.83%"
"07/29/2019","97.04","89.65","97.04","89.65","5.63%"
"07/26/2019","91.87","87.69","91.87","87.69","3.33%"
"07/25/2019","88.91","87.68","88.91","87.68","1.11%"
"07/24/2019","87.93","94.58","94.58","87.93","-6.78%"
"07/23/2019","94.33","99.50","99.50","94.33","-5.90%"
"07/22/2019","100.24","101.47","101.47","100.24","-0.73%"
"07/19/2019","100.98","106.39","106.39","100.98","-3.97%"
"07/18/2019","105.16","101.47","105.16","101.47","3.38%"
"07/17/2019","101.72","100.49","101.72","100.49","1.48%"
"07/16/2019","100.24","105.40","105.40","100.24","-4.68%"
"07/15/2019","105.16","105.40","105.40","105.16","-0.46%"
"07/12/2019","105.65","105.89","105.89","105.65","-1.15%"
"07/11/2019","106.88","107.85","107.85","106.88","-1.36%"
"07/10/2019","108.35","107.36","108.35","107.36","-2.22%"
"07/09/2019","110.81","107.36","110.81","107.36","2.97%"
"07/08/2019","107.61","106.37","107.61","106.37","0.92%"
"07/05/2019","106.63","105.39","106.63","105.39","0.47%"
"07/04/2019","106.13","102.94","106.13","102.94","2.13%"
"07/03/2019","103.92","110.78","110.78","103.92","-7.02%"
"07/02/2019","111.77","122.06","122.06","111.77","-2.14%"
"07/01/2019","114.22","122.06","122.06","114.22","-4.51%"
"06/28/2019","119.61","122.06","122.06","119.61","-2.01%"
"06/27/2019","122.06","126.94","126.94","122.06","-4.77%"
"06/26/2019","128.18","128.40","128.40","128.18","-0.56%"
"06/25/2019","128.90","127.42","128.90","127.42","0.76%"
"06/24/2019","127.93","127.42","127.93","127.42","0.76%"
"06/21/2019","126.96","126.44","126.96","126.44","0.40%"
"06/20/2019","126.46","129.87","129.87","126.46","-2.83%"
"06/19/2019","130.14","133.29","133.29","130.14","-2.36%"
"06/18/2019","133.28","141.62","141.62","133.28","-6.37%"
"06/17/2019","142.35","141.60","142.35","141.60","0.01%"
"06/14/2019","142.33","141.60","142.33","141.60","0.00%"
"06/13/2019","142.33","141.58","142.33","141.58","0.35%"
"06/12/2019","141.83","137.67","141.83","137.67","1.75%"
"06/11/2019","139.39","139.13","139.39","139.13","-1.21%"
"06/10/2019","141.10","148.90","148.90","141.10","-1.18%"
"06/07/2019","142.79","148.90","148.90","142.79","-3.47%"
"06/06/2019","147.93","148.90","148.90","147.93","-0.64%"
"06/05/2019","148.88","152.32","152.32","148.88","0.32%"
"06/04/2019","148.40","152.32","152.32","148.40","-3.03%"
"06/03/2019","153.03","153.79","153.79","153.03","-0.47%"
"05/31/2019","153.76","151.33","153.76","151.33","2.10%"
"05/30/2019","150.60","145.49","150.60","145.49","-1.43%"
"05/29/2019","152.78","148.90","152.78","148.90","1.62%"
"05/28/2019","150.35","152.77","152.77","150.35","3.52%"
"05/27/2019","145.24","145.49","145.49","145.24","0.00%"
"05/24/2019","145.24","152.77","152.77","145.24","-4.62%"
"05/23/2019","152.27","146.94","152.27","146.94","3.63%"
"05/22/2019","146.94","145.00","146.94","145.00","1.34%"
"05/21/2019","144.99","145.96","145.96","144.99","-1.32%"
"05/20/2019","146.93","141.58","146.93","141.58","2.91%"
"05/17/2019","142.78","142.78","142.78","142.78","1.55%"
"05/16/2019","140.60","141.57","141.57","141.57","0.89%"
"05/15/2019","139.36","129.36","139.36","129.36","6.12%"
"05/14/2019","131.32","133.74","133.74","131.32","-4.08%"
"05/13/2019","136.91","123.99","136.91","123.99","3.68%"
"05/10/2019","132.05","133.74","133.74","132.05","-1.09%"
"05/09/2019","133.51","123.99","133.51","123.99","7.46%"
"05/08/2019","124.24","121.06","124.24","121.06","2.42%"
"05/07/2019","121.31","115.19","121.31","115.19","5.08%"
"05/06/2019","115.44","115.19","115.44","115.19","0.00%"
"05/03/2019","115.44","116.66","116.66","115.44","-0.63%"
"05/02/2019","116.17","115.19","116.17","115.19","1.06%"
"05/01/2019","114.95","114.70","114.95","114.70","0.21%"
"04/30/2019","114.71","121.03","121.03","114.71","-3.83%"
"04/29/2019","119.28","123.47","123.47","119.28","-2.72%"
"04/26/2019","122.61","127.85","127.85","122.61","-3.07%"
"04/25/2019","126.49","124.44","126.49","124.44","2.75%"
"04/24/2019","123.10","121.03","123.10","121.03","2.23%"
"04/23/2019","120.41","120.54","120.54","120.41","-0.08%"
"04/22/2019","120.51","120.54","120.54","120.51","0.02%"
"04/19/2019","120.48","120.54","120.54","120.48","-0.08%"
"04/18/2019","120.58","120.54","120.58","120.54","0.07%"
"04/17/2019","120.49","121.03","121.03","120.49","-0.60%"
"04/16/2019","121.22","121.02","121.22","121.02","0.42%"
"04/15/2019","120.71","121.99","121.99","120.71","-0.63%"
"04/12/2019","121.48","123.96","123.96","121.48","-2.20%"
"04/11/2019","124.21","125.43","125.43","124.21","-1.40%"
"04/10/2019","125.97","129.34","129.34","125.97","-2.48%"
"04/09/2019","129.18","131.30","131.30","129.18","-1.50%"
"04/08/2019","131.15","129.34","131.15","129.34","0.28%"
"04/05/2019","130.79","136.68","136.68","130.79","-4.48%"
"04/04/2019","136.92","137.60","137.60","136.92","-0.58%"
"04/03/2019","137.72","143.95","143.95","137.72","-3.83%"
"04/02/2019","143.21","141.51","143.21","141.51","0.55%"
"04/01/2019","142.43","148.35","148.35","142.43","-3.71%"
"03/29/2019","147.92","151.28","151.28","147.92","-1.86%"
"03/28/2019","150.73","148.84","150.73","148.84","1.46%"
"03/27/2019","148.56","143.94","148.56","143.94","3.15%"
"03/26/2019","144.02","151.27","151.27","144.02","-4.27%"
"03/25/2019","150.45","142.01","150.45","142.01","4.68%"
"03/22/2019","143.73","139.08","143.73","139.08","5.22%"
"03/21/2019","136.60","132.73","136.60","132.73","3.61%"
"03/20/2019","131.84","129.01","131.84","129.01","8.90%"
"03/19/2019","121.06","124.02","124.02","121.06","-2.16%"
"03/18/2019","123.73","125.49","125.49","123.73","-1.31%"
"03/15/2019","125.37","124.51","125.37","124.51","0.75%"
"03/14/2019","124.44","123.04","124.44","123.04","1.04%"
"03/13/2019","123.16","126.96","126.96","123.16","-2.62%"
"03/12/2019","126.48","129.42","129.42","126.48","-2.03%"
"03/11/2019","129.10","129.42","129.42","129.10","-0.43%"
"03/08/2019","129.66","129.41","129.66","129.41","0.58%"
"03/07/2019","128.91","134.32","134.32","128.91","-1.24%"
"03/06/2019","130.53","132.34","132.34","130.53","-2.10%"
"03/05/2019","133.33","134.30","134.30","133.33","-0.37%"
"03/04/2019","133.82","134.30","134.30","133.82","0.11%"
"03/01/2019","133.67","133.33","133.67","133.33","1.04%"
"02/28/2019","132.29","131.86","132.29","131.86","-0.20%"
"02/27/2019","132.56","134.32","134.32","132.56","-1.61%"
"02/26/2019","134.73","142.16","142.16","134.73","-1.91%"
"02/25/2019","137.35","142.16","143.63","142.16","-4.37%"
"02/22/2019","143.63","142.16","143.63","142.16","1.36%"
"02/21/2019","141.70","146.57","146.57","141.70","0.15%"
"02/20/2019","141.49","146.57","146.57","141.49","-3.67%"
"02/19/2019","146.88","146.58","146.88","146.58","-0.28%"
"02/18/2019","147.29","151.48","151.48","147.29","-3.87%"
"02/15/2019","153.22","156.42","156.42","153.22","-1.83%"
"02/14/2019","156.07","153.96","156.07","153.96","1.13%"
"02/13/2019","154.33","156.49","156.49","154.33","-1.15%"
"02/12/2019","156.12","163.87","163.87","156.12","-4.51%"
"02/11/2019","163.49","166.32","166.32","163.49","-1.74%"
"02/08/2019","166.38","166.30","166.38","166.30","0.25%"
"02/07/2019","165.96","162.39","165.96","162.39","3.25%"
"02/06/2019","160.73","161.39","161.39","160.73","0.86%"
"02/05/2019","159.36","163.86","163.86","159.36","-2.53%"
"02/04/2019","163.50","158.96","163.50","158.96","2.84%"
"02/01/2019","158.98","151.59","158.98","151.59","5.14%"
"01/31/2019","151.21","151.59","151.59","151.21","-0.32%"
"01/30/2019","151.69","154.04","154.04","151.69","-1.50%"
"01/29/2019","154.00","161.42","161.42","154.00","-1.00%"
"01/28/2019","155.56","154.05","155.56","154.05","1.48%"
"01/25/2019","153.29","158.96","158.96","153.29","-4.06%"
"01/24/2019","159.77","161.41","161.41","159.77","-1.27%"
"01/23/2019","161.82","166.31","166.31","161.82","-1.49%"
"01/22/2019","164.27","160.42","164.27","160.42","2.09%"
"01/21/2019","160.91","161.42","161.42","160.91","-0.29%"
"01/18/2019","161.38","168.79","168.79","161.38","-4.33%"
"01/17/2019","168.68","171.24","171.24","168.68","-0.81%"
"01/16/2019","170.06","175.16","175.16","170.06","-2.97%"
"01/15/2019","175.27","175.21","175.27","175.21","-0.18%"
"01/14/2019","175.59","183.55","183.55","175.59","0.79%"
"01/11/2019","174.22","178.64","178.64","174.22","-1.94%"
"01/10/2019","177.66","178.62","178.62","177.66","0.55%"
"01/09/2019","176.69","183.55","183.55","176.69","-4.01%"
"01/08/2019","184.08","183.57","184.08","183.57","-0.27%"
"01/07/2019","184.57","183.58","184.57","183.58","-1.58%"
"01/04/2019","187.53","183.55","187.53","183.55","1.08%"
"01/03/2019","185.52","178.63","185.52","178.63","3.03%"
"01/02/2019","180.07","178.63","180.07","178.63","0.51%"
"01/01/2019","179.15","178.63","179.15","178.63","0.00%"
"12/31/2018","179.15","173.72","179.15","173.72","1.40%"
"12/28/2018","176.67","173.72","176.67","173.72","0.28%"
"12/27/2018","176.18","173.72","176.18","173.72","0.83%"
"12/26/2018","174.73","173.72","174.73","173.72","0.00%"
"12/25/2018","174.73","173.72","174.73","173.72","0.00%"
"12/24/2018","174.73","200.82","200.82","174.73","0.57%"
"12/21/2018","173.74","200.82","200.82","173.74","0.84%"
"12/20/2018","172.30","210.64","210.64","172.30","-0.71%"
"12/19/2018","173.53","200.82","200.82","173.53","-2.35%"
"12/18/2018","177.71","200.82","200.82","177.71","1.68%"
"12/17/2018","174.77","200.82","200.82","174.77","-0.70%"
"12/14/2018","176.00","210.64","210.64","176.00","1.27%"
"12/13/2018","173.80","200.82","200.82","173.80","-8.87%"
"12/12/2018","190.71","200.82","200.82","190.71","-3.24%"
"12/11/2018","197.09","210.64","210.64","197.09","-0.74%"
"12/10/2018","198.56","210.64","210.64","198.56","1.37%"
"12/07/2018","195.87","200.82","200.82","195.87","-1.11%"
"12/06/2018","198.06","210.64","210.64","198.06","1.25%"
"12/05/2018","195.61","200.82","200.82","195.61","-2.94%"
"12/04/2018","201.54","200.82","201.54","200.82","-1.20%"
"12/03/2018","203.99","208.19","208.19","208.19","-2.13%"
"11/30/2018","208.42","210.64","210.64","208.42","-0.23%"
"11/29/2018","208.90","208.19","208.90","208.19","0.58%"
"11/28/2018","207.70","200.81","207.70","200.81","3.06%"
"11/27/2018","201.54","195.89","201.54","195.89","3.28%"
"11/26/2018","195.14","208.18","208.18","195.14","-5.12%"
"11/23/2018","205.68","208.18","208.18","205.68","-2.09%"
"11/22/2018","210.08","208.18","210.08","208.18","0.99%"
"11/21/2018","208.03","213.07","213.07","208.03","-1.38%"
"11/20/2018","210.95","205.15","210.95","205.15","2.83%"
"11/19/2018","205.15","205.15","205.15","205.15","1.71%"
"11/16/2018","201.70","195.37","201.70","195.37","3.02%"
"11/15/2018","195.78","188.48","195.78","188.48","3.89%"
"11/14/2018","188.45","183.57","188.45","183.57","2.13%"
"11/13/2018","184.52","184.55","184.55","184.52","0.54%"
"11/12/2018","183.53","181.09","183.53","181.09","0.95%"
"11/09/2018","181.81","178.65","181.81","178.65","1.50%"
"11/08/2018","179.12","176.19","179.12","176.19","0.96%"
"11/07/2018","177.41","181.11","181.11","177.41","-1.90%"
"11/06/2018","180.84","178.62","180.84","178.62","1.39%"
"11/05/2018","178.36","178.62","178.62","178.36","-0.96%"
"11/02/2018","180.09","188.46","188.46","180.09","-4.44%"
"11/01/2018","188.45","193.37","193.37","188.45","-2.29%"
"10/31/2018","192.87","193.30","193.30","192.87","-0.23%"
"10/30/2018","193.31","193.30","193.31","193.30","-0.26%"
"10/29/2018","193.82","198.19","198.19","193.82","-2.22%"
"10/26/2018","198.23","198.21","198.23","198.21","0.36%"
"10/25/2018","197.52","200.66","200.66","197.52","-0.23%"
"10/24/2018","197.98","198.23","198.23","197.98","0.49%"
"10/23/2018","197.01","185.96","197.01","185.96","5.77%"
"10/22/2018","186.26","185.96","186.26","185.96","-3.30%"
"10/19/2018","192.61","198.25","198.25","192.61","-0.40%"
"10/18/2018","193.38","183.56","193.38","183.56","5.09%"
"10/17/2018","184.01","186.00","186.00","184.01","2.46%"
"10/16/2018","179.60","186.00","186.00","179.60","-4.07%"
"10/15/2018","187.22","190.80","190.80","187.22","-1.26%"
"10/12/2018","189.61","193.26","193.26","189.61","0.13%"
"10/11/2018","189.37","180.99","189.37","180.99","5.60%"
"10/10/2018","179.32","178.52","179.32","178.52","0.28%"
"10/09/2018","178.82","178.53","178.82","178.53","0.14%"
"10/08/2018","178.57","168.75","178.57","168.75","5.49%"
"10/05/2018","169.28","161.39","169.28","161.39","4.37%"
"10/04/2018","162.19","161.40","162.19","161.40","0.01%"
"10/03/2018","162.17","166.34","166.34","162.17","-2.35%"
"10/02/2018","166.08","158.87","166.08","158.87","5.15%"
"10/01/2018","157.94","156.43","157.94","156.43","1.11%"
"09/28/2018","156.21","138.27","156.21","138.27","14.57%"
"09/27/2018","136.35","139.25","139.25","136.35","-0.36%"
"09/26/2018","136.84","140.72","140.72","136.84","-2.96%"
"09/25/2018","141.02","141.70","141.70","141.02","-1.38%"
"09/24/2018","142.99","144.15","144.15","142.99","-0.49%"
"09/21/2018","143.70","141.70","143.70","141.70","1.86%"
"09/20/2018","141.07","141.17","141.17","141.07","4.89%"
"09/19/2018","134.49","134.45","134.49","134.45","0.01%"
"09/18/2018","134.48","134.44","134.48","134.44","-0.36%"
"09/17/2018","134.97","139.36","139.36","134.97","-1.08%"
"09/14/2018","136.44","135.95","136.44","135.95","0.16%"
"09/13/2018","136.22","139.40","139.40","136.22","-2.29%"
"09/12/2018","139.41","136.94","139.41","136.94","0.53%"
"09/11/2018","138.68","140.87","140.87","138.68","-1.40%"
"09/10/2018","140.65","146.78","146.78","140.65","-4.99%"
"09/07/2018","148.04","156.62","156.62","148.04","-1.63%"
"09/06/2018","150.49","156.62","156.62","150.49","-4.67%"
"09/05/2018","157.87","166.47","166.47","157.87","-5.31%"
"09/04/2018","166.73","177.29","177.29","166.73","-5.31%"
"09/03/2018","176.08","178.76","178.76","176.08","-0.41%"
"08/31/2018","176.80","175.31","176.80","175.31","2.13%"
"08/30/2018","173.11","168.92","173.11","168.92","2.47%"
"08/29/2018","168.94","168.91","168.94","168.91","0.88%"
"08/28/2018","167.46","171.35","171.35","167.46","-1.59%"
"08/27/2018","170.17","171.36","171.36","170.17","0.00%"
"08/24/2018","170.17","173.82","173.82","170.17","-1.00%"
"08/23/2018","171.89","163.99","171.89","163.99","5.43%"
"08/22/2018","163.03","163.98","163.98","163.03","-0.60%"
"08/21/2018","164.01","170.38","170.38","164.01","-4.17%"
"08/20/2018","171.14","173.82","173.82","171.14","-1.27%"
"08/17/2018","173.35","176.27","176.27","173.35","0.71%"
"08/16/2018","172.12","176.27","176.27","172.12","-1.40%"
"08/15/2018","174.56","171.35","174.56","171.35","1.42%"
"08/14/2018","172.12","183.67","183.67","172.12","-6.05%"
"08/13/2018","183.20","173.83","183.20","173.83","3.91%"
"08/10/2018","176.30","155.58","176.30","155.58","13.84%"
"08/09/2018","154.87","145.74","154.87","145.74","6.07%"
"08/08/2018","146.01","145.74","146.01","145.74","-0.01%"
"08/07/2018","146.02","146.72","146.72","146.02","-0.33%"
"08/06/2018","146.50","144.26","146.50","144.26","0.85%"
"08/03/2018","145.27","135.41","145.27","135.41","7.27%"
"08/02/2018","135.43","128.03","135.43","128.03","5.95%"
"08/01/2018","127.82","127.05","127.82","127.05","0.78%"
"07/31/2018","126.83","131.97","131.97","126.83","-2.65%"
"07/30/2018","130.28","127.05","130.28","127.05","3.13%"
"07/27/2018","126.33","124.59","126.33","124.59","0.19%"
"07/26/2018","126.09","131.96","131.96","126.09","-3.93%"
"07/25/2018","131.25","131.96","131.96","131.25","-0.75%"
"07/24/2018","132.24","135.40","135.40","132.24","-1.28%"
"07/23/2018","133.96","140.81","140.81","133.96","-5.40%"
"07/20/2018","141.60","136.89","141.60","136.89","5.12%"
"07/19/2018","134.70","127.05","134.70","127.05","7.03%"
"07/18/2018","125.85","124.10","125.85","124.10","1.59%"
"07/17/2018","123.88","127.05","127.05","123.88","0.00%"
"07/16/2018","123.88","126.07","126.07","123.88","-1.56%"
"07/13/2018","125.84","127.05","127.05","125.84","-1.92%"
"07/12/2018","128.30","134.45","134.45","128.30","-3.53%"
"07/11/2018","133.00","129.53","133.00","129.53","3.45%"
"07/10/2018","128.56","129.53","129.53","128.56","0.00%"
"07/09/2018","128.56","134.45","134.45","128.56","-3.33%"
"07/06/2018","132.99","135.93","135.93","132.99","-2.00%"
"07/05/2018","135.70","134.48","135.70","134.48","-0.55%"
"07/04/2018","136.45","139.43","139.43","136.45","-1.79%"
"07/03/2018","138.93","107.58","138.93","107.58","-6.93%"
"07/02/2018","149.27","144.36","149.27","144.36","2.71%"
"06/29/2018","145.33","156.68","156.68","145.33","-7.08%"
"06/28/2018","156.41","146.82","156.41","146.82","5.65%"
"06/27/2018","148.04","149.28","149.28","148.04","-1.48%"
"06/26/2018","150.26","149.32","150.26","149.32","1.31%"
"06/25/2018","148.32","139.45","148.32","139.45","7.51%"
"06/22/2018","137.96","141.92","141.92","137.96","-1.93%"
"06/21/2018","140.67","132.00","140.67","132.00","6.35%"
"06/20/2018","132.27","134.47","134.47","132.27","-3.41%"
"06/19/2018","136.94","136.93","136.94","136.93","-0.19%"
"06/18/2018","137.20","134.46","137.20","134.46","2.78%"
"06/15/2018","133.49","132.00","133.49","132.00","0.57%"
"06/14/2018","132.74","141.85","141.85","132.74","-6.27%"
"06/13/2018","141.62","154.17","154.17","141.62","-7.87%"
"06/12/2018","153.71","154.22","154.22","153.71","-0.34%"
"06/11/2018","154.23","171.43","171.43","154.23","-8.83%"
"06/08/2018","169.16","154.20","169.16","154.20","10.76%"
"06/07/2018","152.72","134.48","152.72","134.48","3.85%"
"06/06/2018","147.06","134.48","147.06","134.48","14.81%"
"06/05/2018","128.09","114.78","128.09","114.78","11.11%"
"06/04/2018","115.28","134.51","134.51","115.28","-13.33%"
"06/01/2018","133.01","164.09","164.09","133.01","-18.17%"
"05/31/2018","162.54","164.08","164.08","162.54","-5.69%"
"05/30/2018","172.35","172.35","172.35","172.35","39.99%"
"05/28/2018","123.12","124.60","124.60","123.12","0.01%"
"05/25/2018","123.11","110.32","123.11","110.32","14.39%"
"05/24/2018","107.62","99.50","107.62","99.50","4.28%"
"05/23/2018","103.20","95.07","103.20","95.07","9.69%"
"05/22/2018","94.08","97.54","97.54","94.08","-2.81%"
"05/21/2018","96.80","88.67","96.80","88.67","8.28%"
"05/18/2018","89.40","81.75","89.40","81.75","4.93%"
"05/17/2018","85.20","82.75","85.20","82.75","2.65%"
"05/16/2018","83.00","75.84","83.00","75.84","9.82%"
"05/15/2018","75.58","73.86","75.58","73.86","1.34%"
"05/14/2018","74.58","73.37","74.58","73.37","0.32%"
"05/11/2018","74.34","76.33","76.33","74.34","-4.46%"
"05/10/2018","77.81","76.83","77.81","76.83","0.34%"
"05/09/2018","77.55","77.81","77.81","77.55","-0.63%"
"05/08/2018","78.04","75.84","78.04","75.84","2.59%"
"05/07/2018","76.07","75.84","76.07","75.84","-0.01%"
"05/04/2018","76.08","74.85","76.08","74.85","1.98%"
"05/03/2018","74.60","70.35","74.60","70.35","3.44%"
"05/02/2018","72.12","71.88","72.12","71.88","0.00%"
"05/01/2018","72.12","69.90","72.12","69.90","2.10%"
"04/30/2018","70.64","66.93","70.64","66.93","4.37%"
"04/27/2018","67.68","65.44","67.68","65.44","1.87%"
"04/26/2018","66.44","66.93","66.93","66.44","-1.12%"
"04/25/2018","67.19","66.94","67.19","66.94","0.75%"
"04/24/2018","66.69","66.93","66.93","66.69","-2.17%"
"04/23/2018","68.17","67.93","68.17","67.93","0.72%"
"04/20/2018","67.68","68.92","68.92","67.68","-0.70%"
"04/19/2018","68.16","67.92","68.16","67.92","2.19%"
"04/18/2018","66.70","65.94","66.70","65.94","1.52%"
"04/17/2018","65.70","67.92","67.92","65.70","-2.22%"
"04/16/2018","67.19","68.92","68.92","67.19","-3.55%"
"04/13/2018","69.66","70.90","70.90","69.66","-2.09%"
"04/12/2018","71.15","72.88","72.88","71.15","-3.04%"
"04/11/2018","73.38","74.36","74.36","73.38","-1.32%"
"04/10/2018","74.36","74.85","74.85","74.36","-1.64%"
"04/09/2018","75.60","76.84","76.84","75.60","-1.28%"
"04/06/2018","76.58","75.32","76.58","75.32","0.34%"
"04/05/2018","76.32","81.75","81.75","76.32","-6.37%"
"04/04/2018","81.51","80.76","81.51","80.76","0.60%"
"04/03/2018","81.02","80.77","81.02","80.77","0.00%"
"04/02/2018","81.02","80.77","81.02","80.77","0.00%"
"03/30/2018","81.02","81.02","81.02","81.02","0.00%"
"03/29/2018","81.02","85.22","85.22","81.02","-4.08%"
"03/28/2018","84.47","85.22","85.22","84.47","2.08%"
"03/27/2018","82.75","85.22","85.22","82.75","-3.17%"
"03/26/2018","85.46","85.22","85.46","85.22","0.89%"
"03/23/2018","84.71","66.84","84.71","66.84","3.30%"
"03/22/2018","82.00","66.84","82.00","66.84","6.42%"
"03/21/2018","77.05","66.84","77.05","66.84","0.31%"
"03/20/2018","76.81","66.84","76.81","66.84","6.59%"
"03/19/2018","72.06","66.84","72.06","66.84","3.94%"
"03/16/2018","69.33","66.84","69.33","66.84","-0.37%"
"03/15/2018","69.59","66.84","69.59","66.84","4.85%"
"03/14/2018","66.37","66.84","66.84","66.37","3.09%"
"03/13/2018","64.38","66.84","66.84","64.38","2.76%"
"03/12/2018","62.65","66.84","66.84","62.65","-1.17%"
"03/09/2018","63.39","66.84","66.84","63.39","-1.15%"
"03/08/2018","64.13","66.84","66.84","64.13","-3.00%"
"03/07/2018","66.11","66.84","66.84","66.11","-2.19%"
"03/06/2018","67.59","66.84","67.59","66.84","-5.55%"
"03/05/2018","71.56","66.84","71.56","66.84","4.33%"
"03/02/2018","68.59","66.84","68.59","66.84","1.46%"
"03/01/2018","67.60","66.84","67.60","66.84","3.00%"
"02/28/2018","65.63","67.34","67.34","65.63","-3.98%"
"02/27/2018","68.35","71.31","71.31","68.35","-2.83%"
"02/26/2018","70.34","77.76","77.76","70.34","-8.67%"
"02/23/2018","77.02","74.28","77.02","74.28","5.08%"
"02/22/2018","73.30","66.83","73.30","66.83","6.88%"
"02/21/2018","68.58","67.83","68.58","67.83","0.00%"
"02/20/2018","68.58","65.35","68.58","65.35","4.15%"
"02/19/2018","65.85","66.84","66.84","65.85","-1.14%"
"02/16/2018","66.61","68.82","68.82","66.61","-1.45%"
"02/15/2018","67.59","70.81","70.81","67.59","-6.19%"
"02/14/2018","72.05","74.77","74.77","72.05","-3.34%"
"02/13/2018","74.54","69.81","74.54","69.81","7.90%"
"02/12/2018","69.08","72.79","72.79","69.08","-4.14%"
"02/09/2018","72.06","59.37","72.06","59.37","10.73%"
"02/08/2018","65.08","59.37","65.08","59.37","10.53%"
"02/07/2018","58.88","61.37","61.37","58.88","-5.60%"
"02/06/2018","62.37","56.88","62.37","56.88","10.08%"
"02/05/2018","56.66","54.90","56.66","54.90","3.68%"
"02/02/2018","54.65","51.92","54.65","51.92","3.76%"
"02/01/2018","52.67","52.43","52.67","52.43","0.46%"
"01/31/2018","52.43","53.41","53.41","52.43","-2.76%"
"01/30/2018","53.92","50.42","53.92","50.42","6.94%"
"01/29/2018","50.42","50.42","50.42","50.42","6.28%"
"01/26/2018","47.44","47.44","47.44","47.44","-2.06%"
"01/25/2018","48.44","48.44","48.44","48.44","-1.98%"
"01/24/2018","49.42","49.42","49.42","49.42","-2.51%"
"01/23/2018","50.69","52.42","52.42","50.69","-1.92%"
"01/22/2018","51.68","51.68","51.68","51.68","0.47%"
"01/19/2018","51.44","53.91","53.91","51.44","-2.34%"
"01/18/2018","52.67","49.93","52.67","49.93","3.40%"
"01/17/2018","50.94","49.93","50.94","49.93","3.03%"
"01/16/2018","49.44","49.93","49.93","49.44","0.00%"
"01/15/2018","49.44","49.93","49.93","49.44","2.09%"
"01/12/2018","48.43","49.93","49.93","48.43","-3.47%"
"01/11/2018","50.17","56.41","56.41","50.17","-11.08%"
"01/10/2018","56.42","57.41","57.41","56.42","-1.72%"
"01/09/2018","57.41","55.42","57.41","55.42","4.50%"
"01/08/2018","54.94","53.93","54.94","53.93","2.35%"
"01/05/2018","53.68","51.44","53.68","51.44","4.35%"
"01/04/2018","51.44","55.92","55.92","51.44","-7.63%"
"01/03/2018","55.69","61.39","61.39","55.69","-10.03%"
"01/02/2018","61.90","61.40","61.90","61.40","0.00%"
"01/01/2018","61.90","61.39","61.90","61.39","0.02%"
"12/29/2017","61.89","61.40","61.89","61.40","-0.02%"
"12/28/2017","61.90","61.90","61.90","61.90","-0.02%"
"12/27/2017","61.91","61.40","61.91","61.40","0.02%"
"12/26/2017","61.90","61.40","61.90","61.40","0.00%"
"12/25/2017","61.90","61.40","61.90","61.40","0.00%"
"12/22/2017","61.90","61.40","61.90","61.40","0.00%"
"12/21/2017","61.90","61.89","61.90","61.89","-0.39%"
"12/20/2017","62.14","61.39","62.14","61.39","0.40%"
"12/19/2017","61.89","61.40","61.89","61.40","-0.83%"
"12/18/2017","62.41","61.90","62.41","61.90","0.40%"
"12/15/2017","62.16","61.91","62.16","61.91","0.00%"
"12/14/2017","62.16","62.40","62.40","62.16","2.02%"
"12/13/2017","60.93","60.41","60.93","60.41","0.84%"
"12/12/2017","60.42","60.41","60.42","60.41","-1.63%"
"12/11/2017","61.42","60.91","61.42","60.91","-0.41%"
"12/08/2017","61.67","62.40","62.40","61.67","-1.20%"
"12/07/2017","62.42","62.90","62.90","62.42","-0.41%"
"12/06/2017","62.68","61.41","62.68","61.41","2.02%"
"12/05/2017","61.44","62.18","62.18","61.44","-1.19%"
"12/04/2017","62.18","64.41","64.41","64.41","-1.97%"
"12/01/2017","63.43","63.40","63.43","63.40","0.02%"
"11/30/2017","63.42","61.92","63.42","61.92","3.66%"
"11/29/2017","61.18","61.42","61.42","61.18","0.39%"
"11/28/2017","60.94","62.91","62.91","60.94","-1.22%"
"11/27/2017","61.69","61.42","61.69","61.42","1.21%"
"11/24/2017","60.95","61.95","61.95","60.95","-0.42%"
"11/23/2017","61.21","61.95","61.95","61.21","0.00%"
"11/22/2017","61.21","62.95","62.95","61.21","-2.39%"
"11/21/2017","62.71","66.42","66.42","62.71","-4.87%"
"11/20/2017","65.92","66.92","66.92","65.92","-0.38%"
"11/17/2017","66.17","67.41","67.41","66.17","-1.11%"
"11/16/2017","66.91","69.39","69.39","66.91","-2.89%"
"11/15/2017","68.90","68.90","68.90","68.90","0.36%"
"11/14/2017","68.65","67.91","68.65","67.91","1.48%"
"11/13/2017","67.65","69.39","69.39","67.65","-1.10%"
"11/10/2017","68.40","68.90","68.90","68.40","-0.35%"
"11/09/2017","68.64","67.42","68.64","67.42","0.34%"
"11/08/2017","68.41","68.91","68.91","68.41","0.37%"
"11/07/2017","68.16","68.42","68.42","68.16","1.10%"
"11/06/2017","67.42","67.43","67.43","67.42","0.73%"
"11/03/2017","66.93","67.43","67.43","66.93","0.00%"
"11/02/2017","66.93","68.91","68.91","66.93","2.65%"
"11/01/2017","65.20","68.91","68.91","65.20","-5.04%"
"10/31/2017","68.66","72.87","72.87","68.66","-6.10%"
"10/30/2017","73.12","74.36","74.36","73.12","-1.02%"
"10/27/2017","73.87","74.83","74.83","73.87","-1.65%"
"10/26/2017","75.11","77.80","77.80","75.11","-3.78%"
"10/25/2017","78.06","77.32","78.06","77.32","0.31%"
"10/24/2017","77.82","80.78","80.78","77.82","-4.54%"
"10/23/2017","81.52","80.78","81.52","80.78","-2.36%"
"10/20/2017","83.49","83.75","83.75","83.49","-1.74%"
"10/19/2017","84.97","83.25","84.97","83.25","3.29%"
"10/18/2017","82.26","83.25","83.25","82.26","-0.60%"
"10/17/2017","82.76","81.77","82.76","81.77","0.60%"
"10/16/2017","82.27","81.77","82.27","81.77","0.60%"
"10/13/2017","81.78","81.77","81.78","81.77","0.93%"
"10/12/2017","81.03","83.26","83.26","81.03","-0.31%"
"10/11/2017","81.28","83.26","83.26","81.28","-0.60%"
"10/10/2017","81.77","82.77","82.77","81.77","0.59%"
"10/09/2017","81.29","82.77","82.77","81.29","-0.28%"
"10/06/2017","81.52","80.29","81.52","80.29","1.53%"
"10/05/2017","80.29","83.25","83.25","80.29","-3.56%"
"10/04/2017","83.25","79.80","83.25","79.80","4.65%"
"10/03/2017","79.55","79.31","79.80","79.31","-0.62%"
"10/02/2017","80.05","79.31","80.05","79.31","0.93%"
"09/29/2017","79.31","80.30","80.30","79.31","-0.61%"
"09/28/2017","79.80","81.78","81.78","79.80","0.00%"
"09/27/2017","79.80","81.78","81.78","79.80","-2.71%"
"09/26/2017","82.02","82.02","82.02","82.02","1.51%"
"09/25/2017","80.80","78.32","80.80","78.32","3.82%"
"09/22/2017","77.83","73.87","77.83","73.87","4.99%"
"09/21/2017","74.13","72.39","74.13","72.39","1.69%"
"09/20/2017","72.90","77.59","77.59","72.90","4.34%"
"09/19/2017","69.87","78.27","78.27","69.87","-10.73%"
"09/18/2017","78.27","79.26","79.26","78.27","-2.16%"
"09/15/2017","80.00","80.25","80.25","80.00","-0.62%"
"09/14/2017","80.50","82.23","82.23","80.50","0.00%"
"09/13/2017","80.50","82.23","82.23","80.50","-2.10%"
"09/12/2017","82.23","83.24","83.24","82.23","-1.19%"
"09/11/2017","83.22","83.24","83.24","83.22","-2.34%"
"09/08/2017","85.21","83.24","85.21","83.24","1.77%"
"09/07/2017","83.73","87.68","87.68","83.73","-3.68%"
"09/06/2017","86.93","87.68","87.68","86.93","-1.69%"
"09/05/2017","88.42","90.14","90.14","88.42","-2.44%"
"09/04/2017","90.63","90.15","90.63","90.15","0.00%"
"09/01/2017","90.63","93.10","93.10","90.63","-3.16%"
"08/31/2017","93.59","95.07","95.07","93.59","-1.81%"
"08/30/2017","95.32","98.52","98.52","95.32","-2.76%"
"08/29/2017","98.03","95.56","98.03","95.56","6.44%"
"08/28/2017","92.10","95.56","95.56","92.10","-3.38%"
"08/25/2017","95.32","96.55","96.55","95.32","-1.02%"
"08/24/2017","96.30","93.09","96.30","93.09","-0.76%"
"08/23/2017","97.04","93.09","97.04","93.09","4.51%"
"08/22/2017","92.85","89.14","92.85","89.14","3.87%"
"08/21/2017","89.39","89.14","89.39","89.14","0.00%"
"08/18/2017","89.39","87.17","89.39","87.17","2.55%"
"08/17/2017","87.17","85.68","87.17","85.68","2.01%"
"08/16/2017","85.45","85.45","85.45","85.45","-1.42%"
"08/15/2017","86.68","87.17","87.17","86.18","1.16%"
"08/14/2017","85.69","87.17","87.17","85.69","-3.61%"
"08/11/2017","88.90","87.17","88.90","87.17","1.97%"
"08/10/2017","87.18","82.22","87.18","82.22","2.32%"
"08/09/2017","85.20","82.22","85.20","82.22","3.60%"
"08/08/2017","82.24","80.25","82.24","80.25","2.47%"
"08/07/2017","80.26","79.26","80.26","79.26","1.88%"
"08/04/2017","78.78","77.28","78.78","77.28","1.27%"
"08/03/2017","77.79","82.22","82.22","77.79","-6.25%"
"08/02/2017","82.98","83.22","83.22","82.98","-1.47%"
"08/01/2017","84.22","82.72","84.22","82.72","1.80%"
"07/31/2017","82.73","81.24","82.73","81.24","0.90%"
"07/28/2017","81.99","81.23","81.99","81.23","0.31%"
"07/27/2017","81.74","84.20","84.20","81.74","-2.93%"
"07/26/2017","84.21","83.21","84.21","83.21","0.60%"
"07/25/2017","83.71","86.18","86.18","83.71","-2.32%"
"07/24/2017","85.70","85.20","85.70","85.20","1.77%"
"07/21/2017","84.21","85.19","85.19","84.21","-0.59%"
"07/20/2017","84.71","86.18","86.18","84.71","-1.72%"
"07/19/2017","86.19","89.15","89.15","86.19","-2.79%"
"07/18/2017","88.66","88.16","88.66","88.16","0.28%"
"07/17/2017","88.41","90.13","90.13","88.41","-1.91%"
"07/14/2017","90.13","95.06","95.06","90.13","-1.88%"
"07/13/2017","91.86","95.06","95.06","91.86","-3.38%"
"07/12/2017","95.07","98.02","98.02","95.07","-3.02%"
"07/11/2017","98.03","95.06","98.03","95.06","1.53%"
"07/10/2017","96.55","97.04","97.04","96.55","-1.00%"
"07/07/2017","97.53","93.09","97.53","93.09","5.32%"
"07/06/2017","92.60","89.14","92.60","89.14","2.73%"
"07/05/2017","90.14","89.14","90.14","89.14","0.56%"
"07/04/2017","89.64","90.13","90.13","89.64","-0.55%"
"07/03/2017","90.14","91.37","91.37","90.13","-1.35%"
"06/30/2017","91.37","95.06","95.06","95.06","-1.85%"
"06/29/2017","93.09","102.46","102.46","93.09","-8.92%"
"06/28/2017","102.21","102.46","102.46","102.21","-0.49%"
"06/27/2017","102.71","100.00","102.71","100.00","2.71%"
"06/26/2017","100.00","106.89","106.89","100.00","-8.54%"
"06/23/2017","109.34","113.77","113.77","109.34","-5.12%"
"06/22/2017","115.24","115.24","115.24","115.24","-4.66%"
"06/21/2017","120.87","122.60","122.60","120.87","-1.40%"
"06/20/2017","122.59","119.66","122.59","119.66","1.22%"
"06/19/2017","121.11","123.58","123.58","121.11","-2.36%"
"06/16/2017","124.04","122.60","124.04","122.60","0.39%"
"06/15/2017","123.56","123.58","123.58","123.56","0.41%"
"06/14/2017","123.06","122.60","123.06","122.60","-0.40%"
"06/13/2017","123.56","128.48","128.48","123.56","-4.54%"
"06/12/2017","129.43","129.43","129.43","129.43","-2.04%"
"06/09/2017","132.12","136.78","136.78","132.12","-4.92%"
"06/08/2017","138.96","146.05","146.05","138.96","-4.53%"
"06/07/2017","145.56","146.05","146.05","145.56","0.00%"
"06/06/2017","145.56","145.08","145.56","145.08","0.67%"
"06/05/2017","144.59","146.06","146.06","144.59","-0.66%"
"06/02/2017","145.55","145.07","145.55","145.07","0.67%"
"06/01/2017","144.58","143.13","144.58","143.13","1.72%"
"05/31/2017","142.13","141.17","142.13","141.17","0.34%"
"05/30/2017","141.65","133.83","141.65","133.37","5.84%"
"05/29/2017","133.83","133.83","133.83","133.83","0.01%"
"05/26/2017","133.82","133.34","133.82","132.38","0.36%"
"05/25/2017","133.34","133.34","133.34","133.34","-0.73%"
"05/24/2017","134.32","132.38","134.32","132.38","1.48%"
"05/23/2017","132.36","134.33","134.33","132.36","-1.10%"
"05/22/2017","133.83","133.36","133.83","133.36","0.00%"
"05/19/2017","133.83","135.31","135.31","133.83","-1.78%"
"05/18/2017","136.26","135.31","136.26","135.31","1.09%"
"05/17/2017","134.79","130.42","134.79","130.42","2.21%"
"05/16/2017","131.87","133.35","133.35","131.87","-2.17%"
"05/15/2017","134.79","135.30","135.30","134.79","-0.71%"
"05/12/2017","135.75","137.25","137.25","135.75","-0.37%"
"05/11/2017","136.25","137.26","137.26","136.25","0.01%"
"05/10/2017","136.24","134.32","136.24","134.32","1.08%"
"05/09/2017","134.78","137.25","137.25","134.78","-2.47%"
"05/08/2017","138.20","137.26","138.20","137.26","0.36%"
"05/05/2017","137.70","138.25","138.25","137.70","-0.71%"
"05/04/2017","138.69","146.01","146.01","138.69","-3.39%"
"05/03/2017","143.55","146.01","146.01","143.55","-0.66%"
"05/02/2017","144.51","146.01","146.01","144.51","-3.26%"
"05/01/2017","149.38","146.01","149.38","146.01","0.00%"
"04/28/2017","149.38","152.80","152.80","149.38","-2.53%"
"04/27/2017","153.26","150.85","153.26","150.85","1.94%"
"04/26/2017","150.34","148.88","150.34","148.88","0.66%"
"04/25/2017","149.35","155.70","155.70","149.35","-5.28%"
"04/24/2017","157.67","173.26","173.26","157.67","-9.50%"
"04/21/2017","174.23","179.11","179.11","174.23","-0.57%"
"04/20/2017","175.22","179.11","179.11","175.22","-0.40%"
"04/19/2017","175.93","179.11","179.11","175.93","-0.95%"
"04/18/2017","177.62","177.16","177.62","177.16","0.83%"
"04/17/2017","176.16","177.16","177.16","176.16","0.00%"
"04/14/2017","176.16","177.15","177.15","176.16","0.01%"
"04/13/2017","176.15","172.27","176.15","172.27","1.97%"
"04/12/2017","172.74","172.27","172.74","172.27","0.56%"
"04/11/2017","171.77","169.84","171.77","169.84","1.29%"
"04/10/2017","169.58","166.43","169.58","166.43","1.91%"
"04/07/2017","166.40","166.43","166.43","166.40","-0.59%"
"04/06/2017","167.38","168.37","168.37","167.38","0.59%"
"04/05/2017","166.40","168.37","168.37","166.40","-1.15%"
"04/04/2017","168.34","167.36","168.34","167.36","1.47%"
"04/03/2017","165.90","159.57","165.90","159.57","1.77%"
"03/31/2017","163.01","159.57","163.01","159.57","0.92%"
"03/30/2017","161.53","159.57","161.53","159.57","1.86%"
"03/29/2017","158.58","158.59","158.59","158.58","-0.92%"
"03/28/2017","160.06","161.53","161.53","160.06","-1.21%"
"03/27/2017","162.02","162.50","162.50","162.02","-0.91%"
"03/24/2017","163.50","170.31","170.31","163.50","-1.46%"
"03/23/2017","165.93","170.31","170.31","165.93","-2.15%"
"03/22/2017","169.57","168.30","169.57","168.30","1.02%"
"03/21/2017","167.85","173.93","173.93","167.85","-2.27%"
"03/20/2017","171.75","173.93","173.93","171.75","4.61%"
"03/17/2017","164.18","163.70","164.18","163.70","0.00%"
"03/16/2017","164.18","168.57","168.57","164.18","-2.60%"
"03/15/2017","168.57","170.52","170.52","168.57","-0.88%"
"03/14/2017","170.06","165.67","170.06","165.67","1.16%"
"03/13/2017","168.11","165.67","168.11","165.67","0.56%"
"03/10/2017","167.17","171.50","171.50","167.17","-0.88%"
"03/09/2017","168.65","171.50","171.50","168.65","-1.40%"
"03/08/2017","171.05","168.55","171.05","168.55","1.18%"
"03/07/2017","169.06","168.56","169.06","168.56","0.27%"
"03/06/2017","168.60","167.58","168.60","167.58","1.15%"
"03/03/2017","166.68","168.54","168.54","166.68","0.19%"
"03/02/2017","166.37","168.54","168.54","166.37","-1.59%"
"03/01/2017","169.06","174.38","174.38","169.06","-1.97%"
"02/28/2017","172.46","174.38","174.38","172.46","-1.11%"
"02/27/2017","174.40","178.27","178.27","174.40","-1.91%"
"02/24/2017","177.80","177.49","177.80","177.49","0.77%"
"02/23/2017","176.44","175.55","176.44","175.55","0.83%"
"02/22/2017","174.98","173.59","174.98","173.59","0.84%"
"02/21/2017","173.53","171.15","173.53","171.15","0.28%"
"02/20/2017","173.04","171.15","173.04","171.15","1.00%"
"02/17/2017","171.32","166.73","171.32","166.73","3.09%"
"02/16/2017","166.18","166.25","166.25","166.18","0.14%"
"02/15/2017","165.95","171.15","171.15","165.95","-1.88%"
"02/14/2017","169.13","171.15","171.15","169.13","-2.12%"
"02/13/2017","172.80","178.50","178.50","172.80","-2.90%"
"02/10/2017","177.96","174.58","177.96","174.58","1.12%"
"02/09/2017","175.99","175.56","175.99","175.56","-1.08%"
"02/08/2017","177.91","175.56","177.91","175.56","2.52%"
"02/07/2017","173.54","170.65","173.54","170.65","2.61%"
"02/06/2017","169.12","161.34","169.12","161.34","5.01%"
"02/03/2017","161.05","163.79","163.79","161.05","-1.34%"
"02/02/2017","163.24","170.66","170.66","163.24","-4.59%"
"02/01/2017","171.09","173.59","173.59","171.09","-0.85%"
"01/31/2017","172.55","165.62","172.55","165.62","0.33%"
"01/30/2017","171.99","165.62","171.99","165.62","3.83%"
"01/27/2017","165.64","164.65","165.64","164.65","1.50%"
"01/26/2017","163.19","155.83","163.19","155.83","5.36%"
"01/25/2017","154.89","158.76","158.76","154.89","-3.34%"
"01/24/2017","160.24","161.68","161.68","160.24","-0.91%"
"01/23/2017","161.71","158.77","161.71","158.77","0.90%"
"01/20/2017","160.26","163.64","163.64","160.26","-2.10%"
"01/19/2017","163.69","163.64","163.69","163.64","-0.29%"
"01/18/2017","164.16","163.64","164.16","163.64","0.01%"
"01/17/2017","164.14","163.64","164.14","163.64","0.31%"
"01/16/2017","163.64","163.62","163.64","163.62","-0.01%"
"01/13/2017","163.65","175.36","175.36","163.65","-6.42%"
"01/12/2017","174.88","172.43","174.88","172.43","1.28%"
"01/11/2017","172.67","170.95","172.67","170.95","1.14%"
"01/10/2017","170.72","167.53","170.72","167.53","1.60%"
"01/09/2017","168.03","161.66","168.03","161.66","3.93%"
"01/06/2017","161.67","158.70","161.67","158.70","0.31%"
"01/05/2017","161.17","158.70","161.17","158.70","1.54%"
"01/04/2017","158.73","165.55","165.55","158.73","-4.98%"
"01/03/2017","167.05","172.40","172.40","167.05","-3.65%"
"01/02/2017","173.37","173.37","173.37","173.37","0.00%"
"12/30/2016","173.37","175.31","175.31","173.37","-0.83%"
"12/29/2016","174.82","175.31","175.31","174.82","-0.02%"
"12/28/2016","174.85","172.37","174.85","172.37","0.01%"
"12/27/2016","174.83","172.37","174.83","172.37","0.00%"
"12/26/2016","174.83","172.37","174.83","172.37","0.01%"
"12/23/2016","174.82","177.28","177.28","174.82","-1.39%"
"12/22/2016","177.28","175.31","177.28","175.31","0.01%"
"12/21/2016","177.27","175.31","177.27","175.31","0.55%"
"12/20/2016","176.30","175.31","176.30","175.31","0.01%"
"12/19/2016","176.28","175.31","176.28","175.31","-0.01%"
"12/16/2016","176.29","177.26","177.26","176.29","-0.01%"
"12/15/2016","176.31","177.26","177.26","176.31","-0.52%"
"12/14/2016","177.24","177.25","177.25","177.24","-0.26%"
"12/13/2016","177.71","181.15","181.15","177.71","-2.44%"
"12/12/2016","182.16","192.89","192.89","182.16","-5.52%"
"12/09/2016","192.81","189.93","192.81","189.93","0.76%"
"12/08/2016","191.36","196.79","196.79","191.36","-2.98%"
"12/07/2016","197.23","214.30","214.30","197.23","-6.03%"
"12/06/2016","209.89","214.30","214.30","209.89","-1.83%"
"12/05/2016","213.80","207.48","213.80","207.48","2.13%"
"12/02/2016","209.35","217.49","217.49","209.35","-3.72%"
"12/01/2016","217.44","224.36","224.36","217.44","-2.81%"
"11/30/2016","223.73","220.41","223.73","220.41","1.34%"
"11/29/2016","220.78","224.32","224.32","220.78","-3.62%"
"11/28/2016","229.07","224.32","229.07","224.32","2.40%"
"11/25/2016","223.70","222.32","223.70","222.32","0.90%"
"11/24/2016","221.71","224.27","224.27","221.71","-0.45%"
"11/23/2016","222.71","219.36","222.71","219.36","1.58%"
"11/22/2016","219.25","225.22","225.22","219.25","-2.19%"
"11/21/2016","224.15","222.31","224.15","222.31","1.32%"
"11/18/2016","221.22","219.36","221.22","219.36","1.80%"
"11/17/2016","217.31","209.60","217.31","209.60","2.52%"
"11/16/2016","211.96","209.60","211.96","209.60","0.49%"
"11/15/2016","210.92","216.39","216.39","210.92","-2.52%"
"11/14/2016","216.38","209.59","216.38","209.59","4.48%"
"11/11/2016","207.10","196.82","207.10","196.82","5.19%"
"11/10/2016","196.88","190.99","196.88","190.99","2.06%"
"11/09/2016","192.91","188.00","192.91","188.00","2.32%"
"11/08/2016","188.54","192.93","192.93","188.54","-2.27%"
"11/07/2016","192.92","197.82","197.82","192.92","-2.46%"
"11/04/2016","197.78","195.87","197.78","195.87","0.99%"
"11/03/2016","195.85","193.90","195.85","193.90","1.53%"
"11/02/2016","192.89","190.98","192.89","190.98","1.27%"
"11/01/2016","190.48","183.14","190.48","183.14","4.57%"
"10/31/2016","182.16","180.22","182.16","180.22","2.18%"
"10/28/2016","178.27","173.37","178.27","173.37","3.11%"
"10/27/2016","172.90","173.35","173.35","172.90","-0.56%"
"10/26/2016","173.87","173.35","173.87","173.35","0.86%"
"10/25/2016","172.39","165.53","172.39","165.53","3.83%"
"10/24/2016","166.03","168.46","168.46","166.03","-1.45%"
"10/21/2016","168.47","168.44","168.47","168.44","0.01%"
"10/20/2016","168.46","168.44","168.46","168.44","-0.85%"
"10/19/2016","169.91","170.88","170.88","169.91","-1.00%"
"10/18/2016","171.62","173.32","173.32","171.62","-0.99%"
"10/17/2016","173.33","172.35","173.33","172.35","-1.12%"
"10/14/2016","175.29","182.12","182.12","175.29","-2.70%"
"10/13/2016","180.16","182.12","182.12","180.16","-0.01%"
"10/12/2016","180.17","182.11","182.11","180.17","0.01%"
"10/11/2016","180.16","180.16","180.16","180.16","0.26%"
"10/10/2016","179.69","178.22","179.69","178.22","0.83%"
"10/07/2016","178.21","180.15","180.15","178.21","-0.54%"
"10/06/2016","179.18","180.14","180.14","179.18","-2.13%"
"10/05/2016","183.08","185.04","185.04","183.08","-1.30%"
"10/04/2016","185.50","190.88","190.88","185.50","-3.06%"
"10/03/2016","191.35","186.96","191.35","186.96","2.35%"
"09/30/2016","186.96","186.96","186.96","186.96","0.79%"
"09/29/2016","185.50","187.93","187.93","185.50","-4.49%"
"09/28/2016","194.22","199.62","199.62","194.22","-2.93%"
"09/27/2016","200.09","197.70","200.09","197.70","1.47%"
"09/26/2016","197.20","194.78","197.20","194.78","1.25%"
"09/23/2016","194.77","192.84","194.77","192.84","2.33%"
"09/22/2016","190.34","194.77","194.77","190.34","-2.27%"
"09/21/2016","194.76","202.59","202.59","194.76","-1.47%"
"09/20/2016","197.67","192.06","197.67","192.06","8.95%"
"09/19/2016","181.43","181.40","181.43","181.40","2.22%"
"09/16/2016","177.49","178.45","178.45","177.49","0.83%"
"09/15/2016","176.03","175.52","176.03","175.52","0.85%"
"09/14/2016","174.55","175.54","175.54","174.55","-0.01%"
"09/13/2016","174.56","174.52","174.56","174.52","0.29%"
"09/12/2016","174.06","168.64","174.06","168.64","3.20%"
"09/09/2016","168.67","166.68","168.67","166.68","2.07%"
"09/08/2016","165.25","165.25","165.25","165.25","2.77%"
"09/07/2016","160.79","165.65","165.65","160.79","-3.81%"
"09/06/2016","167.16","167.62","167.62","167.16","-0.59%"
"09/05/2016","168.15","168.61","168.61","168.15","-0.28%"
"09/02/2016","168.63","168.63","168.63","168.63","-3.10%"
"09/01/2016","174.02","173.49","174.02","173.49","0.01%"
"08/31/2016","174.01","177.41","177.41","174.01","-3.26%"
"08/30/2016","179.87","182.29","182.29","179.87","-1.35%"
"08/29/2016","182.33","182.29","182.33","182.29","0.01%"
"08/26/2016","182.32","182.29","182.32","182.29","0.80%"
"08/25/2016","180.87","178.38","180.87","178.38","1.37%"
"08/24/2016","178.42","180.33","180.33","178.42","-0.54%"
"08/23/2016","179.39","182.28","182.28","179.39","-1.08%"
"08/22/2016","181.34","180.33","181.34","180.33","1.08%"
"08/19/2016","179.40","170.53","179.40","170.53","6.09%"
"08/18/2016","169.10","170.53","170.53","169.10","0.00%"
"08/17/2016","169.10","163.67","169.10","163.67","2.06%"
"08/16/2016","165.68","165.63","165.68","165.63","-0.59%"
"08/15/2016","166.66","166.60","166.66","166.60","-0.29%"
"08/12/2016","167.14","166.60","167.14","166.60","0.30%"
"08/11/2016","166.64","168.55","168.55","166.64","-0.57%"
"08/10/2016","167.60","168.54","168.54","167.60","1.78%"
"08/09/2016","164.67","168.54","168.54","164.67","-0.01%"
"08/08/2016","164.68","166.59","166.59","164.68","-0.59%"
"08/05/2016","165.65","168.54","168.54","165.65","-0.29%"
"08/04/2016","166.13","172.46","172.46","166.13","-2.59%"
"08/03/2016","170.54","175.39","175.39","170.54","-1.98%"
"08/02/2016","173.98","163.64","173.98","163.64","4.73%"
"08/01/2016","166.13","171.46","171.46","166.13","-2.29%"
"07/29/2016","170.03","178.31","178.31","170.03","-3.07%"
"07/28/2016","175.42","178.31","178.31","175.42","-0.83%"
"07/27/2016","176.89","176.89","176.89","176.89","-2.16%"
"07/26/2016","180.80","173.44","180.80","173.44","2.78%"
"07/25/2016","175.91","173.44","175.91","173.44","1.41%"
"07/22/2016","173.46","188.10","188.10","166.57","3.80%"
"07/21/2016","167.11","188.10","188.10","167.11","-8.07%"
"07/20/2016","181.78","188.10","188.10","181.78","-2.62%"
"07/19/2016","186.67","186.67","186.67","186.67","2.08%"
"07/18/2016","182.87","182.87","182.87","182.87","-0.01%"
"07/15/2016","182.88","182.88","182.88","182.88","1.34%"
"07/14/2016","180.46","188.21","188.21","180.46","-4.12%"
"07/13/2016","188.21","188.21","188.21","188.21","-4.70%"
"07/12/2016","197.49","197.49","197.49","197.49","-4.65%"
"07/11/2016","207.12","207.12","207.12","207.12","0.03%"
"07/08/2016","207.06","207.06","207.06","207.06","-7.97%"
"07/07/2016","224.99","224.99","224.99","224.99","1.09%"
"07/06/2016","222.56","222.56","222.56","222.56","5.75%"
"07/05/2016","210.46","210.46","210.46","210.46","4.26%"
"07/04/2016","201.86","201.86","201.86","201.86","7.74%"
"07/01/2016","187.35","187.35","187.35","187.35","-1.41%"
"06/30/2016","190.03","190.03","190.03","190.03","-8.22%"
"06/29/2016","207.05","207.05","207.05","207.05","-5.53%"
"06/28/2016","219.18","219.18","219.18","219.18","-7.18%"
"06/27/2016","236.13","236.13","236.13","236.13","8.98%"
"06/24/2016","216.68","216.68","216.68","216.68","19.83%"
"06/23/2016","180.83","180.83","180.83","180.83","1.08%"
"06/22/2016","178.90","178.90","178.90","178.90","-0.81%"
"06/21/2016","180.37","180.37","180.37","180.37","-1.82%"
"06/20/2016","183.72","183.72","183.72","183.72","-4.53%"
"06/17/2016","192.44","192.44","192.44","192.44","-2.32%"
"06/16/2016","197.02","197.02","197.02","197.02","0.52%"
"06/15/2016","196.01","196.01","196.01","196.01","-0.03%"
"06/14/2016","196.06","196.06","196.06","196.06","5.05%"
"06/13/2016","186.64","186.64","186.64","186.64","3.51%"
"06/10/2016","180.31","167.21","180.31","167.21","4.21%"
"06/09/2016","173.03","167.21","173.03","167.21","3.48%"
"06/08/2016","167.21","166.24","167.21","166.24","0.56%"
"06/07/2016","166.28","166.28","166.28","166.28","0.00%"
"06/06/2016","166.28","166.28","166.28","166.28","0.01%"
"06/03/2016","166.26","166.27","166.27","166.26","-0.01%"
"06/02/2016","166.28","161.89","166.28","161.89","2.72%"
"06/01/2016","161.88","157.50","161.88","157.50","2.78%"
"05/31/2016","157.50","154.10","157.50","154.10","2.21%"
"05/30/2016","154.10","154.10","154.10","154.10","0.01%"
"05/27/2016","154.09","154.09","154.09","154.09","0.00%"
"05/26/2016","154.09","153.63","154.09","153.63","0.31%"
"05/25/2016","153.62","160.93","160.93","153.62","-4.54%"
"05/24/2016","160.93","168.23","168.23","160.93","-4.34%"
"05/23/2016","168.23","177.47","177.47","168.23","-1.98%"
"05/20/2016","171.62","177.47","177.47","171.62","-3.30%"
"05/19/2016","177.47","177.94","177.94","177.47","-0.27%"
"05/18/2016","177.95","187.63","187.63","177.95","-0.53%"
"05/17/2016","178.90","187.63","187.63","178.90","-4.66%"
"05/16/2016","187.64","180.42","187.64","180.42","4.00%"
"05/13/2016","180.42","179.93","180.42","179.93","0.27%"
"05/12/2016","179.94","175.06","179.94","175.06","2.79%"
"05/11/2016","175.06","176.99","176.99","175.06","-1.09%"
"05/10/2016","176.99","180.39","180.39","176.99","-1.88%"
"05/09/2016","180.38","181.85","181.85","180.38","-0.80%"
"05/06/2016","181.84","182.82","182.82","181.84","-0.53%"
"05/05/2016","182.81","180.38","182.81","180.38","1.35%"
"05/04/2016","180.38","173.10","180.38","173.10","4.22%"
"05/03/2016","173.08","161.42","173.08","161.42","7.22%"
"05/02/2016","161.42","161.42","161.42","161.42","-0.01%"
"04/29/2016","161.44","154.58","161.44","154.58","3.45%"
"04/28/2016","156.05","154.58","156.05","154.58","0.95%"
"04/27/2016","154.58","154.59","154.59","154.58","-0.01%"
"04/26/2016","154.60","153.62","154.60","153.62","0.64%"
"04/25/2016","153.62","147.29","153.62","147.29","4.30%"
"04/22/2016","147.28","150.23","150.23","147.28","-1.98%"
"04/21/2016","150.25","159.95","159.95","150.25","-6.06%"
"04/20/2016","159.95","162.41","162.41","159.95","-1.52%"
"04/19/2016","162.42","158.03","162.42","158.03","2.77%"
"04/18/2016","158.04","158.50","158.50","158.04","-0.29%"
"04/15/2016","158.50","169.17","169.17","158.50","0.01%"
"04/14/2016","158.49","169.17","169.17","158.49","-6.31%"
"04/13/2016","169.17","175.50","175.50","169.17","-3.61%"
"04/12/2016","175.51","180.37","180.37","175.51","-2.70%"
"04/11/2016","180.38","211.93","211.93","180.38","-10.16%"
"04/08/2016","200.78","211.93","211.93","200.78","-5.25%"
"04/07/2016","211.91","190.07","211.91","190.07","11.49%"
"04/06/2016","190.07","186.68","190.07","186.68","1.83%"
"04/05/2016","186.66","175.98","186.66","175.98","7.55%"
"04/04/2016","173.55","175.99","175.99","173.55","-1.38%"
"04/01/2016","175.98","175.03","175.98","175.03","0.54%"
"03/31/2016","175.03","172.59","175.03","172.59","1.41%"
"03/30/2016","172.59","179.39","179.39","172.59","-3.79%"
"03/29/2016","179.38","180.36","180.36","179.38","-0.54%"
"03/28/2016","180.36","180.36","180.36","180.36","0.00%"
"03/25/2016","180.36","180.36","180.36","180.36","0.01%"
"03/24/2016","180.35","172.08","180.35","172.08","4.81%"
"03/23/2016","172.08","169.16","172.08","169.16","1.73%"
"03/22/2016","169.16","163.32","169.16","163.32","3.58%"
"03/21/2016","163.32","159.56","163.32","159.56","4.90%"
"03/18/2016","155.69","156.65","156.65","155.69","-0.61%"
"03/17/2016","156.64","156.15","156.64","156.15","0.31%"
"03/16/2016","156.15","149.80","156.15","149.80","4.23%"
"03/15/2016","149.81","144.92","149.81","144.92","3.37%"
"03/14/2016","144.92","144.94","144.94","144.92","-0.01%"
"03/11/2016","144.94","180.60","180.60","144.94","-19.76%"
"03/10/2016","180.63","189.28","189.28","180.63","-4.59%"
"03/09/2016","189.31","186.89","189.31","186.89","1.30%"
"03/08/2016","186.88","186.89","186.89","186.88","-0.01%"
"03/07/2016","186.89","189.30","189.30","186.89","-1.28%"
"03/04/2016","189.32","191.74","191.74","189.32","-1.25%"
"03/03/2016","191.72","196.66","196.66","191.72","-2.52%"
"03/02/2016","196.67","202.48","202.48","196.67","-2.87%"
"03/01/2016","202.48","209.95","209.95","202.48","-3.54%"
"02/29/2016","209.92","214.86","214.86","209.92","-2.29%"
"02/26/2016","214.84","224.62","224.62","214.84","-4.35%"
"02/25/2016","224.62","225.60","225.60","224.62","-0.42%"
"02/24/2016","225.57","217.35","225.57","217.35","3.77%"
"02/23/2016","217.37","214.95","217.37","214.95","1.14%"
"02/22/2016","214.93","229.56","229.56","214.93","-6.36%"
"02/19/2016","229.54","219.84","229.54","219.84","4.42%"
"02/18/2016","219.83","214.92","219.83","214.92","2.28%"
"02/17/2016","214.92","228.29","228.29","214.92","-5.86%"
"02/16/2016","228.29","228.40","228.40","228.29","-0.05%"
"02/15/2016","228.41","239.23","239.23","228.41","-4.53%"
"02/12/2016","239.26","246.57","246.57","239.26","-2.96%"
"02/11/2016","246.57","236.83","246.57","236.83","4.11%"
"02/10/2016","236.83","246.61","246.61","236.83","-3.97%"
"02/09/2016","246.63","239.13","246.63","239.13","3.14%"
"02/08/2016","239.11","219.66","239.11","219.66","8.85%"
"02/05/2016","219.66","207.43","219.66","207.43","5.90%"
"02/04/2016","207.43","201.51","207.43","201.51","2.94%"
"02/03/2016","201.50","191.81","201.50","191.81","5.06%"
"02/02/2016","191.79","173.24","191.79","173.24","5.64%"
"02/01/2016","181.55","173.24","181.55","173.24","4.81%"
"01/29/2016","173.21","164.48","173.21","164.48","5.31%"
"01/28/2016","164.47","164.40","164.47","164.40","0.04%"
"01/27/2016","164.41","169.25","169.25","164.41","-2.86%"
"01/26/2016","169.25","165.86","169.25","165.86","2.04%"
"01/25/2016","165.86","153.71","165.86","153.71","7.90%"
"01/22/2016","153.71","172.18","172.18","153.71","-10.71%"
"01/21/2016","172.15","195.44","195.44","172.15","-11.91%"
"01/20/2016","195.43","182.86","195.43","182.86","6.88%"
"01/19/2016","182.85","161.50","182.85","161.50","13.22%"
"01/18/2016","161.50","153.67","161.50","153.67","5.10%"
"01/15/2016","153.67","144.43","153.67","144.43","6.40%"
"01/14/2016","144.43","141.51","144.43","141.51","2.07%"
"01/13/2016","141.50","141.50","141.50","141.50","-0.01%"
"01/12/2016","141.51","142.48","142.48","141.51","-0.69%"
"01/11/2016","142.49","139.07","142.49","139.07","2.47%"
"01/08/2016","139.06","137.62","139.06","137.62","1.04%"
"01/07/2016","137.63","131.29","137.63","131.29","0.36%"
"01/06/2016","137.14","131.29","137.14","131.29","1.08%"
"01/05/2016","135.68","132.27","135.68","132.27","-0.35%"
"01/04/2016","136.16","132.27","136.16","132.27","2.94%"
"01/01/2016","132.27","132.27","132.27","132.27","0.01%"
"12/31/2015","132.26","131.29","132.26","131.29","2.26%"
"12/30/2015","129.34","129.33","129.34","129.33","0.00%"
"12/29/2015","129.34","129.33","129.34","129.33","0.01%"
"12/28/2015","129.33","129.33","129.33","129.33","0.00%"
"12/25/2015","129.33","129.33","129.33","129.33","0.00%"
"12/24/2015","129.33","129.33","129.33","129.33","0.00%"
"12/23/2015","129.33","130.31","130.31","129.33","-0.76%"
"12/22/2015","130.32","127.37","130.32","127.37","0.39%"