date,PC1,PC2,PC3,PC4,PC5,PC6,PC7,PC8
2015-12-23,5.804715517119401,2.4169226100030525,-0.506900594415023,-0.02719489348923193,-0.0060759220348726665,0.3163873883816404,-0.2921596159251739,0.27128691296167984
2015-12-24,2.2221048704241073,-0.3753295653221821,-1.5786725490796523,-0.7208401695996247,1.1122129729512888,0.42397768370396455,-0.9177677206838846,0.2060287589541167
2015-12-25,-2.0607757893475074,0.8591098596822955,1.6482163204103806,0.5030794534063588,-0.4283094966928139,-0.5301175797063405,0.5713677614093998,-0.23902158130144374
2015-12-28,-9.397591193570774,-5.168555998540688,-0.029027198269289983,1.5189741646221926,0.06629595033869064,0.5428342976518826,-0.5347762300979563,-0.21708231449117396
2015-12-29,11.095165455627615,6.828410051708143,0.26268387174551894,-0.475374160246824,-0.6466367459801201,-0.46357499903056554,0.4954652819590132,0.11740182794248401
2015-12-30,-2.658569293772453,0.4732638245014771,0.9097831403887879,0.08121081417526732,0.3475719695487321,0.33946650746538876,0.010188660174720742,0.133293520590904
2015-12-31,0.1747077067700206,0.0013811130723866403,-0.3673623359590614,-0.2437869210777954,-0.477821418261886,-0.6853985623588059,0.5201474798713918,-0.28962892549382985
2016-01-01,0.22877478236761423,0.18758717121929305,0.025583512308748578,0.10101540663801624,0.05478488154544644,0.17881560933419438,-0.36183682451612226,0.1871069049628025
2016-01-04,-9.42948949871821,-3.3318622671704037,-0.614750799650211,0.04741138278958197,0.7919032861748524,0.44584866131914047,-0.33188827856782366,0.005838606092821332
2016-01-05,-9.165451518726755,-0.03732358856601729,1.1623637130892375,1.0898027316385714,-0.6327500111334355,0.03380556649963404,0.0630392924681381,-0.17827768561756963
2016-01-06,-7.066139405285889,-1.2771390420035231,0.3303038623672866,-0.4260627133625084,1.1667506358428923,-0.08325825765110653,-0.016492604693019906,0.22064938689960217
2016-01-07,3.4526279133618543,1.3310440393752312,-0.1860284877599367,0.10559884526766658,0.3625995421781162,0.31951018938287706,-0.29948704071832266,1.0290952708372616
2016-01-08,-5.73486138821488,-2.214644324402382,-0.7678561090825992,-0.4572716707181968,-0.16765528985239805,0.014185053562414179,0.9189656120155603,-1.4384880143379022
2016-01-11,4.982840955675734,1.9125545895743086,-0.5737018915669994,0.09873173362643294,-0.8157655061053237,-0.5119351042301785,-0.1866768952052138,0.3547925882977513
2016-01-12,-5.701120036239729,-2.3248467457758273,-0.3298698123882146,-0.36440903100896715,-0.39797341260816144,-0.42703189577668094,0.11897356068945483,-0.03568533209577752
2016-01-13,-5.155623867064938,-2.984098239572883,-0.04223199771205094,0.2826520669186606,0.15783354765298796,0.15487488295768334,-0.11148640449366996,0.09488705662036814
2016-01-14,5.177837981151786,2.9181859483897146,0.987474950189549,0.0938574403375278,0.1338411845295726,-0.19444835745384018,0.04527122317775221,-0.12690670519556757
2016-01-15,-5.291916063448595,-2.005436263831936,-0.5837401924223589,0.17981397997354548,0.02025020940219027,0.5344480774620719,0.02906196455382505,-0.31165881826510194
2016-01-18,0.05781516624281406,1.3823963730992008,1.8482602257877574,0.5462320390410611,0.7019185803781949,-0.42359085372156136,-0.09004380017801572,0.2605133771259864
2016-01-19,-1.127875194622932,0.37340757165613797,-0.15787768320185339,0.026954745769078758,-0.46007368443627317,0.0016063202471060906,0.2548877447562607,-0.18315915818476183
2016-01-20,-9.102831377708501,-3.6908676622957377,-1.4588690164131037,0.45670189758551494,0.16751044858805417,0.8421537842432967,0.36674899986394516,0.3469208483398348
2016-01-21,-12.813034455151307,1.6119689121783294,-0.25698402116778096,-0.5982543330031582,-0.27863936512589305,-1.5937174980978297,-0.40347094679440554,-0.08168138177426984
2016-01-22,5.611961892482168,2.9776989833523206,0.4876597507387854,0.4410522780604915,0.4225455315039853,0.04595834569126644,-0.20184934706289775,0.018767521152780752
2016-01-25,-2.4723144619577546,-1.5365259027547957,-0.6620035331905836,0.024746044422627393,-0.07195206893709981,-0.13443067133863462,0.3681287205813715,0.0499104852292054
2016-01-26,-4.0597284112617835,-1.569544792867997,-0.9798485852607299,0.4844873740467421,-0.20806094218414367,0.09412735450649722,-0.4752423322005524,0.0934995886308062
2016-01-27,-2.1116470474916644,-2.3634933547141816,-0.2856813764177842,-0.6165546275316517,0.016663134999943128,-0.3584373426837404,0.7179689850032621,0.05616174336680791
2016-01-28,-4.519031666509831,-2.8002667095424614,-0.641100049389699,0.49487362575486843,-0.40661337533809283,-0.028554241812384744,-0.38164392696213684,-0.07612097175762322
2016-01-29,-13.361655974694838,-2.4316390054533894,-1.29745648508671,-0.04385788978983064,-0.25532495699074576,-0.39062611596169566,0.07844491268388364,0.07290109241047009
2016-02-01,0.025663656809418317,-1.8234097699152796,-0.5852186920384945,0.7598654981457111,-0.6871830594220038,0.14279417999996807,-0.11736808332000366,0.020988082158297866
2016-02-02,-6.7213277173861306,-0.659554249455969,0.6431648890631187,-1.1456846264669482,0.2021257343315208,0.21203771985753003,0.24773372628530752,0.0001052073672933215
2016-02-03,-6.4594414559908,-1.5921438246533375,-2.762487722433641,-0.5633638013073009,-0.44942462180097076,-0.1835033670733105,0.7708531294937002,-0.23738266322055915
2016-02-04,3.9729836692725247,0.5208747062200169,1.192392227338053,0.3969690981199146,0.4704335662481177,-0.37532191694811246,-0.14498814144707034,0.2794783658547894
2016-02-05,-1.864385840842436,-0.8381547389787972,-0.6476349848335407,-0.09577412913722191,0.20967533747918707,0.07387876428818259,-0.16294606900981853,0.045252946937297145
2016-02-08,-6.989843847808911,-9.563362792522529,-0.8978604078578695,-1.207084258819788,-0.8869555351272269,-0.8262943651371302,0.5506194934443673,-0.06616935299543664
2016-02-09,2.730862913646947,0.5780556524500847,-1.1894569137605953,0.4703879513813665,-0.26665364094612104,-0.13973408681114585,0.6676915743896067,-0.44234101017731625
2016-02-10,-0.816845627168131,2.6034450423134485,0.9284014873998856,0.008657724978375213,0.4819502710622344,0.11061627368936199,-0.3591567939087551,0.3326055866682553
2016-02-11,-3.587004607074554,-2.8919826807166986,-3.115659166566445,-0.6653034632295575,-1.679521134890286,0.12266320800560436,-0.04093935866845949,-0.20542508844096166
2016-02-12,11.4978964170713,2.437719242166669,1.7795257497546255,0.35253920714548836,0.9341045227541463,-0.6753278579284547,0.36468120675038374,0.06167522160105248
2016-02-15,-3.3464137986652935,-1.057345336080484,1.620574198628714,1.3418547395637281,-0.7618445909532758,-2.6290295141054485,-1.4497003407552609,-1.2647082210762326
2016-02-16,1.7363357270406594,3.646927982896206,-0.528097403811046,0.05056180212546507,0.5303105380615035,1.3519378432828768,-0.24105945566012782,0.41685769399724826
2016-02-17,-1.4632862522862646,-1.706889147061493,0.5097278168543546,-0.382245301572766,0.025782570338336485,0.07573958425690375,-0.1417050847034346,-0.05912171011051809
2016-02-18,-11.800434997658147,-5.0892666002793066,-2.669542891599373,0.8671477329482821,0.0538184469555192,1.7633016052945283,0.5041118975364379,0.9696650646406727
2016-02-19,0.6582608314478793,0.5291675441877299,-0.2272280508861383,-1.318319474932012,0.5949175933345868,-0.3041524559045477,0.5393635145151868,0.05340634226227429
2016-02-22,-4.510687537692853,-1.6189098762676934,-0.4650876632646909,-0.3346142259975052,-0.02362594000021383,-0.5685695944442647,-1.1318379684419004,-1.1977755064243862
2016-02-23,-2.7763012043218764,-2.4982165796688296,-0.7193492693054734,0.6547912992467153,-0.959583610200377,0.6033141721057964,0.7114640776191791,0.9913249377207752
2016-02-24,-0.051602740595582286,-2.1759054434622875,-0.44562066292822033,-0.6644336508606149,-0.736049970928869,-0.9473272695895514,-0.7875725885819065,-0.9663994808595515
2016-02-25,-4.113144160197401,0.6698253090067766,0.49673876647438436,0.41564084399518103,0.6327911978567838,0.36211415754941756,0.9594462684772874,1.522708329039029
2016-02-26,0.5680939336091121,4.041887019181073,1.2980220521727446,0.7284186303987629,0.81710920121613,0.3075795111432438,-0.06463934906545196,-0.4007329563100245
2016-02-29,-9.823941786567756,0.33994819207360066,0.4097993353671339,0.04070627523581227,0.6733379598984811,0.00035981840203605785,0.3785179560917948,-0.1127882979521507
2016-03-01,9.787372559011397,4.60716951901926,2.478840844211053,0.47203142992716907,-0.36982240975570013,-1.1828160532839072,-1.8738364826965064,-0.7464352132504765
2016-03-02,8.340898685876565,4.862822092609366,0.779629719705088,0.5989547527384134,-0.022315502156279306,0.837350917120345,1.2708420823688906,1.4228015658295734
2016-03-03,-11.122211275523032,-1.204604201888389,1.006005215622627,0.1379715171343004,1.1440401192890897,0.22041667213939983,-0.40386597476710057,-0.4724021191871634
2016-03-04,10.703487192695356,0.6348027824633967,-1.188801121970738,-0.8643759294158073,0.5478694066967449,0.08393438896697436,-0.06716024084353375,-0.0047747314609768
2016-03-07,2.1118523216520506,2.0860269713996287,1.8024963915049876,1.166096157049389,-0.5059741767684649,0.11868204070942613,-2.341598325271322,-0.5407025162143726
2016-03-08,-3.460601232050078,-1.8670402427872876,0.1672545628913305,0.35415736269372644,0.28420147017894465,-0.9253654341069993,-1.219100875787328,-1.8467834253957567
2016-03-09,7.655997129335894,2.5580538475538055,-0.9997687472504697,-0.8611334554990594,-0.23617024457855082,0.8554754942642515,3.6476690955798503,2.114804248274716
2016-03-10,11.408944436076942,-0.8704311473534254,0.26523746648262375,0.7674867464779455,0.2137531488227614,-0.4180253228905617,-0.400150037907747,0.630534211927526
2016-03-11,-5.022802071317069,-2.285885013666444,-0.19792481432435255,-0.5039495420082217,0.02190023960639246,0.32840088568390485,0.4001677322196508,-0.47185382240472046
2016-03-14,6.137725531595983,1.4887055695908926,-0.1344897672565088,-0.06743625145306584,-0.7240863849203225,-0.012440556373025298,-0.390914157240078,0.08746916741938467
2016-03-15,1.0896764930360567,0.6402585138368733,-0.042568676843467865,-0.15485313469189532,0.43364586982814457,0.12681598887073461,-0.029745409759393156,0.027735790621445086
2016-03-16,-5.900966105544741,-2.1373618600672057,-0.393796186421625,0.37575469613502116,-0.9533192193560021,0.9121112729756887,-0.8548333310566918,-0.17770219037881946
2016-03-17,-11.173283525332263,-6.227128799176414,-0.1061775134944273,-0.3667092139252514,0.3880381889164487,-1.7395466648783857,-0.120821700219869,-0.4290896596376573
2016-03-18,-3.6406497025130107,-1.3251239092256655,-1.54805819452614,-0.08950314241199678,0.7671035451562419,1.1576388368396917,1.5332269693855367,0.3950834221310528
2016-03-21,4.928228540897203,3.7854797048279045,1.5798390722373126,0.895275294690575,-0.5790823246323146,-1.5694108482146287,-1.5837547884379177,-0.7901738531673299
2016-03-22,-0.9754434635728749,-1.5906666272047993,-1.800537358113947,-0.5925913979428854,0.29958478123214144,1.4958869117742906,1.5654048928614912,0.8712118442677956
2016-03-23,-3.427193319303813,-1.6822365036387157,0.5475443234007559,0.3123117845268683,-0.009057667599440784,-0.8253462418704759,-1.6601342561634664,-1.364657993905126
2016-03-24,-0.2613620052218669,-1.0326663917451113,-0.8261553319226778,-0.6739954716961883,0.41352381180991316,-0.038368727029453,0.40493625462065225,0.5056075176422384
2016-03-25,-0.9956956437816322,-0.6119577641267566,-0.7168140263540738,0.12011358958400706,-0.17248142785532242,0.8728480635606994,0.9901082080798885,1.098860617197953
2016-03-28,1.1223671178952879,0.8404288252047009,-0.06331187265097872,-0.11985823438572595,0.12656244158634042,-0.055509645375171675,0.19017595380489935,0.047735073548212985
2016-03-29,-9.778786641375396,-3.891424340415562,1.1468513883636662,0.7508793393802659,-0.5397444861939639,-1.1444305785285298,-2.031009043454281,-1.8918671491649244
2016-03-30,3.1159110056824018,1.796219536141039,0.09843846403521209,-0.2567847208393818,0.1714785832110167,-0.28707253806525085,0.4603176213347197,-0.16631981814686933
2016-03-31,0.38546569216751847,-0.08717457783147149,-0.5830133520232681,-0.3907430356890601,-1.0219323494184551,-0.48590300784326707,0.9953583243758567,1.3295551197704452
2016-04-01,-4.527211230578439,-3.4003847406365373,-1.2192727051106151,-0.09832276667879773,0.8135256153380327,1.6096608024385375,0.8329937731482788,0.4442571920425533
2016-04-04,1.3473570622254112,-0.4896689663119871,0.810968822076062,0.09749801220681828,-0.850194477171012,-1.0345088694942401,-1.3744492961309411,-1.67872465287018
2016-04-05,-6.374894459829031,-2.2496479178567044,-0.6992078953121368,0.31799355842757365,0.4178765846736799,-0.489835635270695,-0.5552502818750936,0.15888067517979249
2016-04-06,3.3384338622841168,2.943569056060087,0.8417545897826191,0.3790284823153782,0.3740673144733594,0.8504546741573418,0.5470101485771572,0.17245653650054293
2016-04-07,-4.913221733386158,-1.075323124646405,0.005144243333680519,-1.0470731774885904,-0.11543207357752482,-0.7037389967334217,0.1317893413860451,-0.007728973890552077
2016-04-08,-0.3310423854563112,1.1278489036705417,0.48150554830744513,0.8295854710787749,0.45057841112177527,1.1829115403855113,1.1659843854660386,1.3052905056783959
2016-04-11,3.988554975044445,3.1692583134458743,1.3488442095605684,0.1856288637080083,-0.02964619250622645,-0.421988433245523,-0.9835932429058185,-0.9777264070201376
2016-04-12,9.531878146518096,5.908655954154324,0.525822558725144,-0.1136350767994671,-0.52309279088096,-0.6001236387495809,0.03840377209725205,0.4759742648134761
2016-04-13,-7.997371686204669,-4.88138361593604,-0.8355411740836244,-0.24112942597052006,0.8745307216884609,0.7940412205147703,-0.20385338889074206,-0.36071246631756304
2016-04-14,7.968397226061773,3.4434740167028335,-0.47677440467222815,0.11051239220153652,-1.0885586943014214,-0.5051369816097675,0.16214100872749546,0.6703388991072392
2016-04-15,-8.474777326622933,-3.9482548967880966,-0.5173590821255052,0.5714592811673759,0.9446847818830799,0.9478419626437363,0.8444771380955444,0.5053367488744271
2016-04-18,4.945855757823108,3.181799084236391,1.3320320400944834,-0.4697016839489514,-0.03864059153479892,-1.2259825776620359,-0.7586696741853179,-0.8695641705929643
2016-04-19,0.4229016918316916,0.17987750516167458,0.11925649734485867,0.5253115326627352,0.5779797886125572,1.4948483136799824,0.7265352538131602,0.449451530999986
2016-04-20,0.9337302841053922,0.41745211619988803,0.23165253530470006,0.20674753857903022,0.41787536272642567,0.31339463271858176,0.7558957745970112,0.20910116548367036
2016-04-21,9.359931110936555,4.472956287357837,-0.36507462275202984,-0.032547747004529774,-0.8322900312851711,-0.7809274560222821,-0.6619795713008967,0.016085192129233847
2016-04-22,-1.7124733122444316,2.9215727597209495,0.9630053374061034,-0.21986497785319517,0.768593128871334,-0.24111635126148023,0.3962521349780823,-0.008573451034119986
2016-04-25,6.216865680425046,2.930106981153217,0.18835297208562785,0.2239415378208856,-0.10248193874385103,0.18923399386014897,-0.2881880441999131,-0.045018534435749054
2016-04-26,8.417877748853774,4.285816014500276,-0.4210383085103747,-0.5283786074521417,-0.022526128276196183,0.055674321074124004,0.00449745182762718,0.04475696486757696
2016-04-27,-4.914270226456447,-0.2084333175499139,2.4570440130145643,1.3757821115934126,-1.4167032852936923,-1.5572790554271485,-2.107391890852254,-1.317572759071158
2016-04-28,-4.617773909838165,-4.05292821096837,-1.4813028321997168,-0.16075602529735716,2.1145395141823218,2.106986955456741,1.4488859738064641,1.6681583526249701
2016-04-29,5.856233988378303,1.4289956838429334,-0.0952856676765232,0.027942832454334748,-0.14098886304949307,-0.14267024257327665,0.35652163543488685,-0.25914351875731734
2016-05-02,0.2400111779368674,-1.1902021489810402,-0.13754889046995625,0.2632812423061179,-0.2196744290871203,0.15261087777763052,0.09900926011076516,-0.4302537962729314
2016-05-03,-14.049973018088112,-6.4992024796819,-0.6831223042232202,0.1356186720458017,-0.2155408728570991,-0.3247436961716019,-0.0600054229295914,0.2952453004565733
2016-05-04,0.3284617777417445,0.9588950859653765,-0.3213825102588237,-0.16045079051581587,0.2825744028265333,0.17991337571194507,-0.1393363969826547,0.18805515799532732
2016-05-05,-9.865073961820075,-3.5643877423430785,0.16117776142498008,-0.23760737183451508,-0.02670382833221174,0.014127086690624025,-0.07661563983456975,0.12680145374924
2016-05-06,1.4578304509514657,-0.3712411231523362,-1.3962876020271158,-0.1420545466830857,-0.10797885164732789,0.5036478572935938,-0.10884155882237201,-0.2979889683660832
2016-05-09,-6.175708657369159,-1.4996611279676717,0.7551472597889772,0.2546523042930927,0.1879287338658976,-0.3525054387626539,-0.10891756580813163,0.30966299858031127
2016-05-10,-1.8621577990538092,-1.4250693416628433,0.23346650007565742,0.6589328192365329,0.09242857776576122,-0.01477981687920446,0.06769662373707973,0.04442713960879615
2016-05-11,0.8742163046242881,1.2887155672051522,0.14533209204981395,-0.20357187092965606,-0.01853479296061682,0.1278043348777588,-0.2258499090454884,-0.06752616226130988
2016-05-12,6.270645680020577,3.4127397384831615,0.5055429032055646,-0.030875102970931777,0.07811524928669555,-0.06697508479030483,0.12072190180396775,-0.0776770726603223
2016-05-13,-6.402957758857668,-4.206036318176539,-0.7845668791718368,-0.015195513681652735,0.28237950487286667,-0.08904740389321869,-0.06726634943617675,0.04210404618526811
2016-05-16,5.403265854255748,1.74689632131784,0.3754865651277827,0.26455564122740854,-0.7311116795033518,0.10522738904225419,-0.3720151302912077,0.1789009361018719
2016-05-17,-0.6334565145644917,-1.0733428034016634,-0.637868781110381,-0.29020351020304896,-0.14136819348940668,-0.17571032241183532,0.589212199225768,0.1813891720772548
2016-05-18,7.719545425301003,4.683269256736409,0.5953985646526587,0.24248357033177045,-0.027241123422611747,0.4697845491856213,0.8800540917244726,0.6637735478287283
2016-05-19,-3.6412053325588505,-1.665195780193421,-0.4378178065005664,-0.7995121841735441,0.034890151176232516,-1.0197264281883271,-0.6746361738999258,-0.2807779868225388
2016-05-20,-1.6623851672487246,-0.31101111879986243,-0.12377673172497312,0.7162674115778723,0.6269909730659166,0.6452727719270122,-0.20361843996251391,-0.7796583846285697
2016-05-23,2.9281693517289678,1.9510129060098762,0.995863307108664,0.6513921104555512,-0.6190022654541029,0.05471013249514771,-0.719537991542312,0.21538811327453847
2016-05-24,0.015098760317954103,0.6545189153814923,0.002524136698406854,-0.7508277654504756,-0.0526452701458389,-0.5748847733268282,0.7210511533572435,0.48172004506168775
2016-05-25,-4.723929539004651,-3.0222353197737304,-0.7096221442608034,0.09514694437188582,0.10636625970987454,0.585524526446135,-0.35481797824385997,-0.23677472832628216
2016-05-26,-3.5191262198161546,0.11395502593624071,0.13020782729864383,0.6947986264055361,0.05931693322662791,-0.5571705860068034,0.18728476840345942,0.2516118087360363
2016-05-27,0.7449882236331999,1.1263070517135676,0.01589138479780073,0.04374544733562966,1.7431391522020119,1.7703516981065763,0.29360300043268356,-0.35180519752635414
2016-05-30,4.042268670539424,2.8058960104609114,0.5007942056982467,-0.2909244515313795,-1.6829609626047919,-1.8999542638743578,-0.2667341103375224,0.38406324740162406
2016-05-31,-4.138242292929034,-2.6750640214378834,-0.3229221007577506,0.34181895647841115,0.5063355926473112,0.623820767720015,-0.30334001821973705,-0.34005340201961887
2016-06-01,-0.2922579308954323,-0.052721128006788916,-0.0336328258938863,0.01695717104676225,0.014295162906543354,-0.06933373073998862,-0.0028676447666180424,0.07340515894612264
2016-06-02,-2.634772916427068,-1.9232225135795726,-0.34787308847297166,0.0904415036684534,0.37825563057074446,0.13860964390280467,-0.2117407387246098,-0.1654788733867094
2016-06-03,-10.083125061557721,-4.138340765344185,-0.8836370638081321,-0.7661451250069887,-0.21426580556243752,-0.14489958728511576,0.48866696867241277,-0.03668574427197108
2016-06-06,5.132229487751433,2.024575704915402,-0.5088260445173332,-0.4672042785816757,-0.9552317921400285,-0.12918385217749362,-0.21967052444251822,0.28265421224786214
2016-06-07,-4.386261829963408,-2.540068149399866,-0.3397882085205999,-0.46606497196455654,0.41147203768645213,-0.3417734192757147,0.26077936173924615,0.3630821563824237
2016-06-08,0.9616516001365175,-0.39114794540306924,-0.252082702360343,0.5721946041756502,0.18267160436165678,0.346660913579129,-0.08247160482677866,-0.6491806567062215
2016-06-09,-3.7850467734974287,-3.1013222034573342,-1.1559989763766132,-0.39100285212614605,-1.0542327287650881,-0.8503507884851895,0.38903080493496334,0.6685492867440112
2016-06-10,-3.438832029385618,-2.205197540170362,-1.0882722554260453,-0.22686854012876762,0.17940984026441356,0.033441920364317514,0.445363078559042,-0.7041968996698899
2016-06-13,1.4862441131368025,1.7017985941640308,0.8322519542657646,0.500995496994039,0.4955482343756942,0.29097359520046284,-0.3108644250044542,0.003023585880687642
2016-06-14,-3.257562842380179,-1.331031691316375,-0.5989799159966313,-0.5087175125771161,-0.6610176634904585,-0.3932730544226603,0.30405791339146276,-0.06924925980724647
2016-06-15,-3.2190115608037684,0.41559447232920343,0.41185894514324517,0.19209357166423244,-0.051437169714310976,-0.034182266989145,-0.02501860110317522,-0.16951660128756935
2016-06-16,-0.8396377968631286,-0.29208946521273477,-0.9018799264688719,-0.751211192702597,-0.8479039074632861,-0.48136036599808524,0.4288382135837349,-0.044150298228214355
2016-06-17,-1.3586808936089052,4.238268755835512,1.3620495761860607,0.04899211456454229,0.5870550498992549,-0.3064152085893763,0.1551628991936616,-0.03820625698949882
2016-06-20,6.300248877607117,3.0873636060231817,1.581006020718891,1.0634106621561945,0.14905783659918478,0.2687348895776338,-0.31438263075065426,-0.009693409973043656
2016-06-21,3.680916757321045,1.654410553997337,-0.659268173522165,-0.19162800098569038,0.03911816183968149,0.23785519913300732,-0.16858961461864297,0.043206420300346035
2016-06-22,-0.6315363269128356,-0.6991165579427294,-0.17841547596150856,-0.7863036924440848,-1.056125294569953,-0.6178297737589262,0.5344294661112936,1.143983057666119
2016-06-23,11.074280111302317,5.175349330452527,1.8157950544333636,1.7343886496262864,2.766688093887054,1.1181424922026761,-0.26034306143838354,-0.760427936914713
2016-06-24,-21.001674442072815,-11.58753902498934,-6.27745641757017,-2.1484040757504137,-1.0823322479913657,-1.3778391832710148,1.1307174334237524,-0.658529366669301
2016-06-27,-14.650912773286619,-7.559174242141089,0.2509942597731922,0.27737116281463614,-0.6922524662799479,0.7678117337119735,0.2854599015547356,1.5238567722191358
2016-06-28,-2.2911563100478594,1.995014580518182,-0.42134597264430435,-0.19264889351713776,-0.5025732554789172,-0.627030278860152,-1.3011889940436125,-1.2683141946038627
2016-06-29,0.5384140767277693,-0.5377676597251784,0.5758211766636645,0.6487911416833486,1.1702750919762932,0.21620120220721353,1.0495538160371307,0.2614338924680215
2016-06-30,7.921801036232498,2.9758415328033423,-0.35990498337805915,-0.4881425896521518,-1.6379988496038624,0.6675515953731052,0.47655845242506073,-1.1575454228391249
2016-07-01,-15.999181400357134,-3.836380503176946,0.49412064142572315,1.2736419681160323,1.0631155295974621,-0.7212656072156759,-1.5780664419585273,0.7307527624873152
2016-07-04,-7.2997739796534145,-2.9108442047135403,-1.0676636767497631,0.5613838831705565,0.13382077814160376,0.1229686749050797,-0.2662338673639966,0.3772187601567598
2016-07-05,-6.543303257088325,-2.686252393259372,0.19234109209977485,0.15992004645122324,-0.1269864038825911,-0.06610784177607251,-0.12766976621512052,0.22538000051437082
2016-07-06,1.1006657530380874,0.8878962513091756,0.10119811566565577,-0.07350403875294614,-0.08348780142469693,-0.2750423577427503,0.09220214887104078,0.19350565930529665
2016-07-07,1.062931458790217,1.5999386278270447,0.7423387600581751,0.43241773620786733,0.5145338765546282,0.5077747969181072,-0.31326881017346303,-0.4094987231131514
2016-07-08,-6.2392890858213415,-1.622622106755845,-1.1567769929177685,-0.613114321989194,0.20508618958453176,-0.06764880510971942,0.45116586168048023,-0.13881636021503838
2016-07-11,4.239596432760092,1.9328031197827127,0.2543884373937656,0.34424891411559855,-0.2630128488368895,-0.0513609185785372,-0.16491068035484321,0.06769077947081528
2016-07-12,10.549962877022473,5.195403365213906,1.0691776300971114,0.3827583525234124,0.04391116962070196,-0.1942682307787924,-0.0035418203441492995,0.1524599382464777
2016-07-13,-9.758181112722392,-6.297243773775326,-1.5731196613918352,-0.45306982604550833,0.24908445461424011,0.35884453173810216,0.2475009329909486,-0.05979801999544006
2016-07-14,5.424125179377262,2.883779228611141,1.153017082682289,0.13403054609774534,0.028593539212964144,-0.056528806144397384,-0.17673654348360368,0.02883153555347829
2016-07-15,7.461177121370632,3.5483885813429072,0.17501054194284274,0.06878527282312345,0.22562232468771456,-0.3796418321658136,0.15304815088550763,0.045556963445821684
2016-07-18,-5.432021837180899,-1.5130014147211779,0.28289059199698596,0.08456901456958676,0.09024334525010397,0.14171975359755112,-0.32535948007215526,-0.013986791080779656
2016-07-19,1.1205566838983594,0.3876337976435016,-0.2850296910187405,-0.07833077140586805,-0.009276135501523638,0.31030101984976727,-0.3073357904669297,0.1447019064104228
2016-07-20,3.7342662427020357,1.4579358861151295,0.9643095767672274,0.30817983896054935,0.17638880412379185,0.026263659991316187,0.526119440897651,-0.35353539586966864
2016-07-21,0.034737254683921685,-0.2034859498381145,0.14608364209498811,0.017260486667761383,-0.03510101159545028,-0.23783307054339212,-0.04388315374585381,0.2702089564015873
2016-07-22,1.579389833839614,-0.1464673738970069,-0.5712233802242374,-0.15096239388041002,0.027551273243410737,0.044152307728863506,-0.6705315351698901,0.29344112377050563
2016-07-25,-1.9864882577937373,-2.2886476603559407,-0.1296088427459774,-0.4947082171609333,-0.600506844146797,-0.06422148264218833,0.4588957076204727,-0.24903900597135184
2016-07-26,0.4744538953966175,-0.23408746567475291,-0.11265555566183631,0.6194715851474737,-0.8343770174192123,-0.4139685598698155,-0.08449953713999761,0.5343928106300271
2016-07-27,-10.938290684317762,-5.501447943814535,-0.7814026959799095,0.011591617378029632,-0.9568618684893442,0.28035566202715667,-0.12138368463877612,0.35695309004641795
2016-07-28,-0.5607773637452308,-0.8840972643852992,-0.9899653954131679,-0.7535287447846178,2.109702471095546,0.44528673531561697,0.49409904088273576,-1.200623336058607
2016-07-29,-4.591498649714637,-2.052134767035488,-0.029320647438767188,0.4276381686979438,-0.0032770173696637117,0.08425424708379163,-0.34700673379771485,0.09721910333253062
2016-08-01,3.398071566399283,0.912937521271791,-0.13730394631700335,-0.12840774122861978,-1.133497559763859,0.09114925993725188,0.11811324236207044,0.2677595156688812
2016-08-02,10.147847750008179,3.795637560570775,0.7154295058270962,-0.18687152589698855,0.4922577292386996,0.1397091600199592,-0.5933998007341235,-0.051145589302422925
2016-08-03,-2.254821780603647,-1.0608926016166662,0.0858949109014774,0.3568028777295603,-0.4955973061114704,-0.29942949348126624,0.10795988457862296,0.41565404521171523
2016-08-04,-9.948587327983999,-2.694751035075902,-0.46654098621856016,-0.4251397095537014,0.9680769504442226,0.2795792320022468,0.4128344272537389,-0.4614530011982217
2016-08-05,6.294909971773088,3.911212158746489,0.19222342945196003,0.8255247567277679,0.21708516525421576,-0.05086023543841709,-0.31931929517277324,-0.02535024295514877
2016-08-08,0.3728900245639484,1.215465118823856,0.9027256829142033,-0.11648750975235328,-0.7153065653643308,-0.041738795754992786,0.07125303563134354,0.28229044624903216
2016-08-09,-6.351673858602758,-2.903165470042828,-1.5706285118372458,0.02853738615341332,0.25812720217972285,0.6423869889312307,0.7476431827150054,-0.933564989399114
2016-08-10,-6.422706742410556,-2.5371240159480934,0.3375326650567148,0.14876790845756072,-0.4119847769132774,-0.6821487343944482,-0.28315007811913023,0.8635865997364262
2016-08-11,7.321179978350558,2.4811968867600673,-0.22516846078806504,-0.09297055702869095,0.9016937752624267,-0.01944502984220241,0.8278132350819839,-0.5722393158444111
2016-08-12,-3.813447663677574,0.07052185897391387,0.08536658546377861,0.16124242195844024,0.12718219562609148,0.07483319784488479,-1.0116417364811205,0.6565022218844695
2016-08-15,5.278608208468352,1.9056162905854006,-0.1790266780647833,0.012304290066961333,0.08375804749119312,0.0068728735053348875,-0.1549217522496172,0.008205464058631099
2016-08-16,4.06249264048912,2.5096795817146065,0.8171871128790682,-0.11954044260403349,-0.013847222874759304,-0.5385753288711954,0.4473763394838654,-0.18989045524335452
2016-08-17,-2.982207404300265,-2.079690955341873,-0.5716160115037219,-0.14896019594109453,0.17909455895064746,0.24724866596533177,-0.15687187011269008,-0.025640853949348154
2016-08-18,-4.762132904321302,-3.06245040650023,-0.7649679343527669,-0.027677900738575872,0.08972071897666431,0.13914614320374147,-0.20879513796103744,0.08011759673711813
2016-08-19,7.038607439097191,2.450214931415885,0.7773389675975981,0.37890036291223805,-0.21372467812387685,-0.027511462992387183,-0.06328929150892393,0.10261064011132542
2016-08-22,-6.659557282761138,-3.891171092638667,-1.046820066911872,0.0641227416506037,-0.311636652590914,0.373691463637393,-0.07003668869293407,-0.07730417940907942
2016-08-23,-1.4311419395863947,-1.0692026203721674,-0.7090902462342771,-0.11088228987702034,0.18456582619566092,0.20854567390338816,0.04560867630768224,-0.04391457493392058
2016-08-24,1.287469144549197,-0.9318905275112714,-0.11708108121902625,-0.031900695251770236,0.092552015652621,0.1444909765659288,-0.12209022288463021,-0.06375776635349882
2016-08-25,1.4232802867939331,0.027559411634496322,-0.1483044412372592,0.012868071106487135,0.02317159700013063,-0.07205155150067029,-0.17615947629629888,0.3310893105572086
2016-08-26,4.5481068688538855,0.27350563990066323,-1.1912710222522216,-0.09823308959004377,0.4741182589921887,0.23709389038260484,0.443654996041095,-0.29879381472330396
2016-08-29,-5.974903403027918,0.34830753509186846,1.6865622764304784,0.4995126711920238,-1.283197025778372,-0.784030812682849,-0.3709741262151354,1.0583950920539964
2016-08-30,-2.9047851270412104,-2.011008385288274,-0.7072532900715541,-0.08727480932769234,0.3415528111886841,0.6699914779816446,-0.2029171137523125,-0.9236729268745837
2016-08-31,3.7215415848899753,4.174379963546057,0.9401183308277289,-0.5823040996114933,0.2290732172123946,-0.16883942198291935,0.29746283088442316,0.08737059270160355
2016-09-01,-0.4742483978363777,0.4027737337064927,0.17861232415554534,0.22026163016150216,-0.023782200600057837,0.4088798148376834,-0.1283594077892349,-0.25876487388025515
2016-09-02,1.6947303361301544,3.2578700537305214,0.06283607095862946,0.383511376342793,0.11155312264935942,-0.28947356677837977,-0.3708207617713473,0.29268868812218474
2016-09-05,-1.706354969461914,-0.4798244961762448,0.27114373213701803,-0.05214670440924573,0.6210628726783666,0.08223671886511338,0.09750139911003637,-0.0740179827367464
2016-09-06,-9.592582875240701,-1.9745790308619473,0.11291188315426091,0.6272755894713873,-0.32015765627142595,-0.07601346354866739,-0.11010524355475805,0.01215977117248897
2016-09-07,-1.4003571506842238,0.10331698771929895,0.2502307603491446,-0.4174553814602953,0.3450820809184919,-0.15307130128501847,0.3900104141822501,-0.09209495924596321
2016-09-08,12.924851092847842,5.045196746751451,0.8423984316940353,0.37046945124211256,-0.8884600185255234,-0.5192078453612933,-0.2520953454077669,0.9503844157185323
2016-09-09,10.720374955448342,5.247022166710653,0.5349538370203663,0.8723024615750324,1.53349780843864,-0.28035372663647934,0.6616153173087154,-0.7709216958299308
2016-09-12,0.18362125619530537,1.4389017136382147,-0.44306382109617287,-0.9794785153302219,-0.49557665226982045,0.3874601220219934,-0.519051763135783,0.03209481193814479
2016-09-13,7.798447331175025,2.8926302283273175,-0.26359496993887355,0.01671193062869881,-1.3248602306474773,-0.27609273855566085,0.038539062833083976,0.49043049555987567
2016-09-14,-9.193893470821518,-1.15746122389794,0.7034178641396173,0.314422121507032,1.0345049271936646,0.2303363566307352,0.13653878990780366,-0.7274323027050207
2016-09-15,3.0839498171845054,0.5184898160196265,0.5664046888083206,-0.12668616590162277,0.05176677603991511,0.44714988877073,-0.3424416810616931,0.014321364294751728
2016-09-16,-5.23698628310374,-0.6618168944933247,-0.4274200130333572,-0.2589226285533566,0.4728199510404564,-0.24138429730454175,0.6139808598239449,0.02505848244414138
2016-09-19,2.103173720095613,-0.06830872483777213,0.24369604302928932,-0.227069589035814,-0.5733765063798241,0.211643458448192,-0.309266347531153,-0.05394292427096958
2016-09-20,-5.993156615359515,-3.0960633392870047,-1.8722113760891534,-0.48276281330784004,0.21513738322050116,-0.3257890988915692,0.13867656337843626,0.1929438988599158
2016-09-21,2.3521591705807445,0.5722196258570702,-0.20952748583796443,0.47876758659732827,0.028177486333492333,0.4533129312938962,0.22628397581138626,-0.6012330691585416
2016-09-22,-12.734627653381542,-6.777007132480864,-0.29303146751146475,0.5074562340778012,-0.23068095240874056,-0.07386903008684759,-0.7193261157714433,0.3941695993036292
2016-09-23,-1.4162468704037157,-0.2232304431386716,-0.24651949161236542,-0.30687029073128086,0.284924983284603,-0.27264687964130835,0.5650363599094125,-0.19492073461027848
2016-09-26,-3.878731446115067,-1.817499896014796,0.198077454019138,0.1419043364032649,-0.7822261482172145,-0.2966154540038138,-0.31577546307122445,0.6940078443318636
2016-09-27,0.4595637591111108,-0.5044537741591975,0.3162270444089052,-0.7844275879675979,0.13888032870417083,0.32682498660535747,-0.17590081465919505,0.09286360848509594
2016-09-28,0.09936754280204116,0.9051654294472973,-0.3924030645726589,0.8869711888208206,1.0864131232360954,1.1332431557721907,0.44713915670870125,-0.48695913854835526
2016-09-29,-2.0276495972926,-1.3582533021140402,0.8298358724170932,-0.22399596799086277,-0.7430349890503394,-0.7127356962192795,-0.5418777748722943,-0.2380718543195282
2016-09-30,5.3661037400169835,1.9483994342947393,-0.2553382550624845,-0.042462627737895726,0.2044932618166493,-0.29386780573431226,0.20782399616327027,0.11205553090638036
2016-10-03,3.4234618526391323,1.1624897518525081,0.04034227618011406,0.4542483621711927,0.0035099616705104326,-0.1063051327438573,0.1981262846968312,0.1462841089016977
2016-10-04,6.554127015246846,2.7887295868945863,0.0839036900264036,0.08037498096903171,0.3392502206344014,-0.39307338125473473,0.31072792803170163,-0.14520183704442471
2016-10-05,5.5413530291695485,5.2308793774841975,0.7932477657579164,-0.22422635479587855,-0.4891726961023381,0.08837045152018858,-0.2885310608074353,0.17032666107723504
2016-10-06,1.8784838504941035,0.48731605127517097,0.09259853985387931,-0.12021262270886852,0.6954594128813294,-0.41155408848683983,0.3341801636966509,0.3089668697896102
2016-10-07,3.400338212416058,1.9648480107731165,0.22716466256329498,0.5123653391285552,0.30490424812998546,0.5592428989156262,-0.589718143635149,-0.5211099223348548
2016-10-10,9.397174246980816,4.485912177897815,1.0552174906422687,-0.6074853224924185,0.2928141984256465,-0.07435733640459147,-0.11789681442078613,0.16317456175176742
2016-10-11,-4.52266457014373,-2.4363211110700767,-0.9263453639598412,-0.16910095867059124,-0.9566545654830607,0.1611246751747672,-0.30550034706409757,0.14967100762027583
2016-10-12,2.5460602210476644,1.708364144803415,0.9965412915844575,0.5262763480551799,0.5068545364303091,-0.4273991014096545,0.5264643191464842,-0.20145138493007278
2016-10-13,-3.404509656673523,-3.7282044048073906,-1.6670377195275892,-0.039297659947127736,-0.9251244417572686,-0.08113189206366798,-0.19490609909297527,0.5660597708359152
2016-10-14,3.678133673174613,3.1679204774839937,-0.33101655344824715,-0.03575220569762975,0.4832544898194627,0.6250695059142302,1.140410847185193,-1.3321333086765097
2016-10-17,-1.2884917845461612,-1.148784087131871,0.5400181561159192,-0.09880463019312354,0.17881562932660003,-0.27289817340275807,-1.3604621347739685,0.9128213782325141
2016-10-18,-3.9982882590324467,-1.6438299146523159,-1.1311624186917306,-0.13364956186196253,-0.23957660442402856,-1.0769580452782836,0.783837910238611,0.4814433644504077
2016-10-19,-0.2414939500590076,-0.9481371833613016,-0.6503045326115743,0.4800908362585188,-0.19989386414036622,0.8346193717858171,0.012421668274925225,-0.8688975558848305
2016-10-20,-3.4502806942821,-2.4045780236730767,-0.930126220741328,-0.4050741290314952,-0.39968294812475197,-0.351210262255281,-0.5234571486684317,0.981042121604001
2016-10-21,-0.10872488293458617,-0.05878221283063566,0.1825839603264994,0.2697325517055002,0.8017977685780474,0.5707995335043199,0.05660496432251818,-0.8008750310862176
2016-10-24,4.269144090930163,1.3991497649856284,1.1743884994811211,0.21867370723290433,0.1648299866627789,0.22507342322443252,-0.08029976348835742,0.01822016681347238
2016-10-25,0.8321293768982229,0.07583432783716247,-0.8146528346898094,-0.6953945450563452,-0.059051143807715915,-0.018236325507827326,0.16910775579610415,-0.03110939191579168
2016-10-26,8.512525477987941,3.669449402559597,0.0678590562867923,0.5692781515051405,-0.06825277518139351,-0.10293458217025729,-0.09341698134080859,0.024067194061276515
2016-10-27,11.347742799232938,6.28242535275023,0.4661563401322598,-0.2069866916230817,0.1415232549954082,-0.30017840771491405,0.7052850603238976,-0.07560994038015947
2016-10-28,-1.0742403870406734,-2.397715948984351,-1.399740055052155,-0.513694993762702,-0.364611541741213,0.10747350821365421,0.1759288378490201,-0.17890967122605517
2016-10-31,-0.49031129662426237,-0.5085323718695509,0.683729243221655,0.03464152647679609,-1.2168280473886428,-0.5985031689151327,0.041574958590805046,0.5665887976039127
2016-11-01,1.9324944061689302,0.4630832462008216,0.1314867074133299,0.6347607757925572,0.023251252491892225,-0.1382702023136289,-0.22734109627221133,0.2671997741292802
2016-11-02,-3.80590365467222,-1.5162123737025137,-0.25316601552399415,-0.43535438111559766,0.8827155472217207,0.7570719785689274,-0.1520724813092491,-0.8690618677811567
2016-11-03,6.272347668657204,2.3928853159615358,0.06853263519373261,0.13270805913634354,0.19462373201807742,-0.611846228173343,0.578621506499022,0.20889891622429813
2016-11-04,-4.396049065972703,-1.404671221041797,-0.3364194473918271,-0.516943234618257,-0.33178128954744796,0.11633772082965724,-0.06638754930109858,0.04472926082220732
2016-11-07,3.9887328584210366,1.7872412530377846,-0.1906022474746326,0.1570119317672937,-0.34803366105796557,-0.08553092889596554,0.03669286265195247,0.04190907719390443
2016-11-08,4.6117749994217405,1.851745012491431,0.2290023875111288,0.41404642796832064,0.4518246149747425,-0.15000533977750652,-0.012587858694594906,-0.20132778827221873
2016-11-09,13.48546924332619,7.720964890699885,0.8131275893378722,0.5772442654399986,-0.9031559201774026,-0.31162231029699033,0.6777601104780262,-0.20162280233712804
2016-11-10,8.341178470659834,3.495240363426103,-1.4799310696391885,-1.662307876604672,1.0617273384949626,0.6545927869042668,-0.3336906504614794,0.1999271688175692
2016-11-11,5.4842926901282825,-0.3577066203247864,-0.45300375277985816,0.07839165049113393,-0.714339431845956,0.4695107269240179,0.8497678323317445,0.725518357411085
2016-11-14,-0.3858243688129715,1.2395148141407333,-0.7473881080233021,0.27795240047688885,0.019076357544307088,-0.3023224561685082,-0.8422331335250428,-0.8398666785956748
2016-11-15,-1.1878509545552294,-0.7174319123268711,-0.24241738653976913,-0.06654603384500252,-0.33999072489534665,-0.39922779361270894,-0.009732834047528458,0.3829422606820288
2016-11-16,-1.61828658796261,0.2692570981389353,-0.4114810025783339,-0.9354529913764317,-0.39525756827715114,0.017951914783393523,0.11706658495673036,0.3164837828934607
2016-11-17,-0.5113657105685451,-0.15710670674190924,-0.06694665787270906,0.1558548324328825,0.24735395853529613,0.5723888601751033,0.2410086279146912,-0.9194659997706345
2016-11-18,-3.0784570478405064,0.8835853735338636,0.888289777957522,0.515223253249448,1.0948136645331024,-0.8975915852419483,0.2569134260646813,0.2841104723050397
2016-11-21,-1.5364251076587705,-0.8772059382675734,-0.7702234025590192,0.19905301845768597,-1.3029817230274952,0.202457159577434,-0.5249793132765243,0.5295399876623218
2016-11-22,-5.176695616469792,-1.8674538632284183,0.8666722285587456,0.5786779994920291,0.8813739396929208,0.31197808007291206,-0.09956640490402528,-0.4914480634425296
2016-11-23,0.03553729537746964,0.46572993507046956,0.23625123104203719,0.15354159482434857,-0.8277091444896851,-0.7147665588425035,0.35031114130628876,0.8288361826814271
2016-11-24,0.09986223317664528,2.861034333774499,1.5656250178472628,0.31650039198065527,0.7016245518886174,0.6051001820790296,-0.5411674682449404,-0.7894793073743445
2016-11-25,-1.594632691851076,-1.1308395844787327,-0.7363411862466546,-0.5374319338401918,0.5641342170594051,0.11462293080898753,0.05173288001437249,0.09769508292412335
2016-11-28,-5.922239906768933,-1.7179855834106312,0.1428023957446178,-0.48385447321711056,-0.5523917239507277,0.00588335151391429,0.31267843662341255,-0.20818778798923998
2016-11-29,-1.4595254624425154,-0.05094753018537631,0.8071735133183482,0.7393991615372446,-0.2952563548238366,-0.44995049578364044,-0.1548337223754425,0.4548768902161064
2016-11-30,12.478453146917754,7.498893174692583,1.126340348946978,0.11609853774709371,0.42852738463128615,-0.2637943354096974,0.47790370983885305,-0.36574044065805184
2016-12-01,17.576737010247157,7.45198507210419,-0.2804613559938734,-1.0350333076175935,-0.9452688187585492,-0.07219101696416655,0.14147477825139643,0.09316417938036034
2016-12-02,-19.485720696060937,-6.784294783955994,0.08733722726756045,0.2919179474600756,1.4830458403364926,-0.17909567973606044,0.1392146350549363,-0.17839317756633227
2016-12-05,7.551981260215431,2.215432590235601,-0.7984591501886315,0.17049723901641922,-1.2217954508597166,0.35893459110926645,0.15067496646194775,-0.13930889760357335
2016-12-06,11.373024877257336,4.812460328538121,-0.6259862555238762,-0.40430496335250576,0.7977565795767302,0.24663909480673343,-0.5868701385439945,0.10225821079550988
2016-12-07,-4.865384187387942,-2.2463873414097506,0.09565712925615527,-0.054910305287295506,0.23199985796749797,-0.20323324993743516,0.24271940282075785,-0.07997849813650434
2016-12-08,3.1472502589971167,5.604202028711608,2.609984510725313,0.6595754353705295,0.359548666314905,0.17001036015236268,-0.3621003372463323,0.26961742085146434
2016-12-09,3.0955978141409406,4.986716116357514,1.2672618006640743,0.9090861067481357,-0.13525886801223044,-0.5255402696262883,-0.14018035180522678,0.14151719763354104
2016-12-12,5.7248398991587415,1.4714908692682684,0.09098416841054377,-0.2436737151531024,0.4131949716672962,0.8705310214561445,-0.21349386679412746,-0.35265049651899405
2016-12-13,-8.574820190633758,-4.2832116545988175,-0.7043336732485366,-0.2551966542882704,-0.812163194555163,-0.07902850560562612,0.008648023364933023,0.6134467969668201
2016-12-14,2.3060308453056453,-0.028464643106225665,0.3526348868860741,1.8001557495452989,-0.463579769327366,-0.02933532049289879,-0.2004350076774276,-0.6511705483094606
2016-12-15,-1.701874889015234,0.5595648650694075,-0.6732321871521161,-1.9301855501802454,0.683778809406035,0.7673748411615718,0.7144143455302426,0.2977948500785042
2016-12-16,-2.847858555692336,-3.2939725993160347,-1.053975769323549,-0.2511551525442868,0.3950678109196533,-0.04464586651901636,0.6449849216873856,-0.21573176022779605
2016-12-19,-13.962504420771,-8.329216434924051,-0.4320552218137366,0.4886583428044664,-0.3295165899895656,-1.3122479798003137,-0.7161885776503042,0.03372097599862748
2016-12-20,5.172065883534616,2.481730144165131,-0.5448178942606476,-0.29756297829389194,-0.21362504532602394,0.1961709017636862,-0.17172814227861583,0.10854349633911442
2016-12-21,-3.3359612705772306,-2.1531632295192358,-0.39235593381635503,0.1493690293603294,-0.5781134132814059,-0.33924563098164284,0.1708592488365467,0.3351615365763425
2016-12-22,5.581549620455844,1.9325770105627578,0.5805519364445072,-0.44933750175083553,-0.18491190617110206,-0.03196518807038485,-0.05009591941878365,0.2918362287020158
2016-12-23,-5.818047368824519,-2.1716022321352972,0.05267613119184391,0.8682362943391938,0.8562937079303566,-0.10519956774104505,0.09608852801034258,-0.5495943115151662
2016-12-26,0.8414276992954198,-0.22934903744659285,-0.8217046811049996,-0.2752666717779997,0.1466122657382889,0.1938196806713095,-0.09946932671167288,0.0149412245871721
2016-12-27,-5.117173417359363,-0.6183762182223288,1.1995037375203652,0.932743429519807,-0.21802739588609593,-0.4626456502748258,0.27614218698470705,-0.08286412328958366
2016-12-28,-1.5225296714605674,0.1565931610555472,-0.7994704769321636,-0.6918034058011052,0.6937342805302517,0.6226360903661181,-0.5324467367301979,0.03395459246423353
2016-12-29,-4.6678895410924,-2.0852279919980092,-0.5805545905297147,-0.01702606814349522,0.021918274841944776,0.15759147566278814,-0.07730991293608373,-0.1255691360486631
2016-12-30,2.8121784956013736,2.534952672383022,1.3509156982612835,0.41495980576723435,0.2354628773791761,-0.03480030160629824,-0.2107520300264401,-0.0035001747028755525
2017-01-02,-1.5465878255417094,1.2439339561972205,0.6597388032148733,0.36885956786767565,-0.3448799968393318,-0.4198798335239262,0.1635250429535119,0.26927936087458715
2017-01-03,7.093501007583997,2.0474113300229337,0.1832271386124305,-0.29513188179452776,-0.01387255803985314,0.43093908069184483,-0.3908558167289467,-0.2175924567630502
2017-01-04,1.7317410310640473,1.8578676776592415,-0.708603064954051,0.21950034242448394,0.5068245642658428,0.06513596746886037,0.0462700966914578,0.15143226440710492
2017-01-05,-3.781900425545205,-2.9294293274674605,-1.5394643048802723,-0.7007210020671338,-0.4072169977228466,0.1141312485570498,-0.2601718478645084,-0.30225085165525356
2017-01-06,9.181697425436504,4.1595520932593,0.260056588232728,0.6689364887511574,-0.18439663254793115,-0.10196302651041328,0.19895078089224685,0.4657314714604003
2017-01-09,-5.545849869238433,-1.761632587679918,0.47284048912074755,0.24633689975300377,0.595046761600695,0.6064563538987289,-0.5027552694020575,-0.23239018841317455
2017-01-10,-0.568531939765078,0.9056690949240375,-0.5494334144570708,-0.11023145895956935,0.5779624198718073,-0.44911847985879133,0.6177043473020376,0.12406903434718407
2017-01-11,-7.249024686506095,-2.2522983693429715,-0.40484989705655156,0.771313878887154,0.010296867475790804,-0.0423765866990116,-0.14036450047760116,0.03529936505482077
2017-01-12,1.1078661601811621,1.5776950772005727,0.9043471792877621,0.6949847379698249,0.6056410061080185,1.0248350124166863,0.2605249799702873,0.1713686022171983
2017-01-13,1.240621982611616,1.2688307159044603,0.37871316473811306,-0.03391881171384979,-0.018829153642028574,-0.7464986475923766,-0.5108494891932944,0.021760083869692408
2017-01-16,0.31946995158050595,2.1605985158344536,0.42332766138048333,-0.5910124918696801,-0.5568355292243324,-0.31310479351331055,0.13876788053111688,0.39525905975410014
2017-01-17,-1.4386480606123053,-2.5976439254171595,-0.6294145102908976,0.5443296873460718,0.09272304137991356,-0.22039383204964008,-0.09026719570744997,0.20057147313218698
2017-01-18,8.61130544070027,4.1947973556709135,-1.079238048948962,-0.9714363592465556,0.34430631301403264,1.0987785712929115,0.2650846560275285,-0.9916966299610313
2017-01-19,4.946949486142962,1.6803762905348933,0.9569110860959589,-0.1512702236871358,-0.5823425271408369,-0.7372163190596234,-0.018683238527592832,0.9451892280844881
2017-01-20,6.549799836660489,3.34985397801854,0.6350657003344822,0.5128419506843502,1.053283550396044,0.39507759636174694,-0.09884463120510475,-0.6121474558284031
2017-01-23,-9.550996868185305,-3.3432290096801442,-0.6091725019770864,0.15046090967000492,0.23522415615747072,-0.2676129917029122,0.2492324602867754,0.057179980031462845
2017-01-24,7.682083579496297,3.570830413863307,-0.5455462593842486,0.14665663001442522,-0.7766571113724731,0.14538906325870743,-0.3781581510929826,-0.010380540439284066
2017-01-25,11.16600516183077,3.1801607188515497,-0.28984639393006967,-0.9242276536640947,-0.20920904732312495,-0.4501495878123556,0.583345578745675,0.20488444629566174
2017-01-26,1.642614052569978,0.05894399159411341,-0.8376285733269503,-0.07370477776095359,-0.44033184848265555,0.07285062956791478,-0.2650942605577953,0.15219378745912795
2017-01-27,-2.245758986190353,-1.895005200028555,-0.8854673415521147,-0.3498480123752976,-0.19610547371381512,-0.024197892435223467,0.0964895931356515,0.08672460980465009
2017-01-30,0.05861311871722101,0.34033820868790665,0.09393751035188459,0.16105985348728827,-0.09521503961420484,0.18816178190276017,0.3245081900939073,-0.33277550266458494
2017-01-31,-2.493934561398885,0.20365898375246191,0.24008038923565914,-0.3401495211362001,0.2478394206019561,0.43095129694601036,-0.33568750877659737,-0.3138261003059631
2017-02-01,4.577910117753493,2.111350399850494,0.5144346800524698,0.6048925836224867,-0.4459505195403068,-0.8603556035067734,0.3756019567225585,0.838996844601103
2017-02-02,-6.2325552314441826,-3.0084656002294503,0.26473579869973335,0.26664812995821835,0.8486525463388181,0.35300063014644145,-0.08934849303533263,-0.4649030168452397
2017-02-03,1.2644537661712767,1.225293744378719,-0.1696827699140409,0.20987193135307325,0.2884148958827735,0.610492041431107,-0.6369540611375771,-0.23696670547482207
2017-02-06,-8.264357883034583,-3.780921869090244,1.764979182067941,0.03508759652169453,-0.7600906731197861,-0.6309584423607573,0.10977199449506277,0.6579770464851111
2017-02-07,1.2668182235011556,-0.5939119239293486,-0.447872519076224,0.3827260283263433,0.32061527634878095,0.23663404498208382,-0.006800856904301599,-0.26725438517372757
2017-02-08,-10.889989899379502,-4.508390136742545,0.36220010729073604,0.09632230883922306,0.45106864157898396,0.29836809897105177,-0.1560716014437075,-0.5249769205698624
2017-02-09,5.158143279120527,0.7886090894131766,-0.9943014178126185,0.03503702329098159,0.34827985082689294,0.20052734880898754,-0.3360575700104813,-0.02195096435887157
2017-02-10,1.3488677899724124,2.5108417246502173,1.0189087147615128,0.5410358576058621,0.426534915691698,-0.24429761470574754,0.332463682031612,0.08037875711976508
2017-02-13,4.565701302533343,1.1214557701842085,0.016989624764937802,0.44634749914391897,-0.8088100040527297,-0.35551002318877917,-0.14117811329552435,0.5912596170568093
2017-02-14,5.280704628998097,3.9626403498168856,0.6050106846950972,-0.23384261876232595,0.26638488969300106,-0.02391113426971759,0.06867741414607481,0.06062618509451904
2017-02-15,-1.2976211699050875,-0.3526503447100513,0.33635045403620417,0.43044388601102507,0.2561142037548928,0.16778499062329535,-0.2138992365304062,-0.2911387512702613
2017-02-16,-6.407130347510569,-3.608294395313359,-0.39780824438432594,-0.2287333863913621,0.12333641511759585,-0.17730909207087436,0.2731607780587749,0.3712408860533644
2017-02-17,-5.79255129415216,-1.3912210731584396,0.18124989367425645,-0.7059395378162248,0.5497152491051577,0.3165186071479059,-0.005213165098741141,-0.5778047789886459
2017-02-20,1.0004552163412679,0.3380324978464927,-0.014611505923891203,0.6246475244016187,-0.7757501056604197,-0.16442302586768479,-0.16098877400506584,0.5823640519084222
2017-02-21,1.944069275774339,1.6103173492943668,0.25230278596351535,-0.05290559270364973,0.17514545344097152,0.022897225862082184,-0.008183441652079853,-0.20371583415997213
2017-02-22,-4.028198017017559,-2.7971530558893174,-0.6195713108300668,0.0615396160798205,-0.19315402577064528,-0.05517839127533816,-0.07116122943396452,0.09168110941316068
2017-02-23,-7.807632559120466,-2.3498064388432036,0.4693577504554799,-0.25342446045556377,-0.45051168163263733,-0.4580983984824049,0.3162978335922493,0.13733913605693665
2017-02-24,-6.674907579183957,-2.978542444267219,-1.6961965608479683,-0.23604096021218324,0.752523357872949,0.6548257817776303,-0.31006216714642876,-0.5930560352130709
2017-02-27,2.33172884112943,-0.1802288793434025,0.6735363460946472,0.07811430974239679,-0.28096998006841106,-0.10503686803885812,0.0209573785660816,0.20100966418592842
2017-02-28,-3.036542254367087,0.9106038036938023,0.23507061988742906,0.7624244073906379,-0.06569395407079061,-0.053479370496761366,0.2403040295367747,-0.14569208639897835
2017-03-01,6.337341374743655,3.496449206311172,-0.20674608886783086,-0.2506714781047118,-0.5196490343217409,-0.2804966703522996,-0.1596253802547596,0.3993660592826318
2017-03-02,9.104331841750973,2.46086906620441,0.5130238240688565,-0.11669778921610185,0.592769231143297,-0.0059699308510134125,-0.14524604996003046,0.17314988204819873
2017-03-03,11.305240254898875,1.2221724462391585,-1.4938278047157616,-0.2609776035054002,0.19462246667567554,1.0052374506125847,-0.5891747270190546,-0.5240795143176706
2017-03-06,-1.675446072184119,-1.811152772629995,-0.09514608941003472,0.25087355205642736,0.45910302983598356,-0.26878325809270154,0.42337486239263195,0.12989528852702326
2017-03-07,-2.0548260946911507,0.8294507520848006,0.6203300077661295,-0.15398695036199897,-0.5070732529423034,-0.28494349786176654,-0.0739413293152798,0.38832244354358936
2017-03-08,4.6384349555719195,1.9262924639054426,-0.8102675739553328,-0.39761572142880225,0.03373539794006264,0.4823401141983595,-0.22975525931614613,-0.3154916187877016
2017-03-09,15.778141032552073,3.5411274989333865,-2.1477532620969564,-0.15258543705633215,0.7466515887046916,0.29663699195646615,0.31068589280825226,-0.2661282890781166
2017-03-10,9.344760053094307,0.5093362650310408,-3.701377822052934,-1.2818083238026134,-0.7075794294578328,0.4918563452548696,0.10510267557265511,-0.005562411349573247
2017-03-13,-1.9447801691278372,-0.03663493224396422,-0.0010121643278248925,-0.11598850288657551,-0.6694847638435651,0.008249387205163106,0.2395038841487998,-0.31679317553183334
2017-03-14,-8.051339370558518,-2.595369243141107,0.7576574273683209,-0.29229419574963117,-0.47768013159838524,-1.0788825254389045,1.1895961084491682,0.27119504870716865
2017-03-15,-8.923322976920215,-3.3045172284197046,0.6456637910947167,0.4314821629244737,0.48623789988521887,0.385800231258723,-0.7360527593843198,-0.19140826072267203
2017-03-16,13.524055976032425,4.105326299956648,-2.0802316489474872,-0.17512396701919195,0.7759912738233231,2.259827531973722,-0.35837322818248246,0.36044580582733016
2017-03-17,-10.868802095755338,-4.2475822520537685,0.8648852089118927,-0.3432126306158623,-0.8834182398600838,-2.57391341819508,1.03372225931049,-0.3969875921372341
2017-03-20,2.228756090883393,-0.7368851540884516,-0.40533565095062063,1.1795222883094423,-0.6543287069850211,-0.3384416334869456,-0.33560737127919443,0.629907249750684
2017-03-21,0.9375768233809519,-0.1286353303933748,-0.19219520555564318,-1.558956437363217,0.27651389361733325,0.5957263153273473,0.14955045000861783,-0.43600918950571693
2017-03-22,-6.293993951701285,-1.700188918595758,-0.5804588253593523,0.4035673166658886,0.29922675107077235,0.16918743331771088,0.000195485899446214,-0.445864326715873
2017-03-23,3.021302161701544,0.1679916313548413,-0.21453960378275014,0.8493709855661403,-0.05846356227097033,-0.015037535619436035,-0.12526427911907545,0.1478532933759951
2017-03-24,-1.9297864715457096,0.18620195005684895,-0.25851894660210956,-0.3068360322597726,0.4842621506137497,0.12744416072596193,-0.3492709903517102,0.15095804150198885
2017-03-27,-5.457551043844868,-2.2222300488605744,0.6566952495877109,-0.1072904211833578,0.08291003960022839,-0.033502628450419125,0.014102104048635168,-0.07325070390984961
2017-03-28,0.44892240859435995,2.089689378328444,0.2818061457402771,-0.38635392864599305,-0.5582020879732345,0.1102996761309069,-0.1406364447501382,0.08970955587960702
2017-03-29,-10.084311734464977,0.5315992275395787,2.187177590103627,0.7021365449623724,0.08746477840612839,-0.8607093221131648,0.1904856452575785,0.4180321135421117
2017-03-30,-1.650798111664795,0.35990240554540287,-0.3352871724118546,0.6610270654073315,0.6615696092137335,0.1413074413938183,-0.2758278195886849,0.03952516602759058
2017-03-31,-1.1804505178693416,0.22598123584710245,0.8034301241380347,0.20007204029757628,0.29671794971101345,0.2577009185432361,0.04961597585256224,-0.43587340961775556
2017-04-03,-6.978194694988831,-0.9084225721021346,0.14525019914096926,0.7324212695003014,0.18913118367678836,-0.47224123271202306,0.0009848469164661982,-0.026192437910383025
2017-04-04,-0.04384127808738031,0.05325359768293642,-0.14500219248669877,-0.07979088705978898,0.0426143061602366,0.08942222766317767,0.05497273495562039,0.14155399481603204
2017-04-05,-2.1117571219104065,0.690221397055994,0.4812920167183559,-0.21286257320771176,-0.41926708143384794,-0.12798569997326403,-0.021247827304016555,-0.10670671084105164
2017-04-06,0.7474430144655418,-1.8759934481793887,-0.2182903150570877,-0.35019858509652335,-0.29813024099692326,0.0642430942098689,0.10375019139123046,-0.043549913538160547
2017-04-07,-0.5128630342508019,0.849363102731969,-0.7143524445000026,-0.2246545819842926,0.031188393601250194,-0.18770038979085973,-0.16155858318422972,0.007502734756992078
2017-04-10,-5.853819606056492,-1.805027638930382,0.9809160381225737,-0.30885165231629613,-0.6761162581802272,-0.08546834667281668,-0.037081116724507895,0.2927086482807599
2017-04-11,-1.4631174382729246,-0.649077242662149,-0.3320345385987075,-0.19356672795749458,-0.6198985534980831,-0.30358048370079843,0.3374163781006863,0.1999637496509798
2017-04-12,-0.8128289357230096,-1.4186555328557238,-0.23511109536104885,-0.10800145347939823,1.150459067368731,-0.20801449161481503,-0.339584350807852,0.21811855951770992
2017-04-13,-4.31338495581344,-2.190897948269219,-0.21930964356581448,0.5040840212689993,-0.8344724920297324,0.23734325107254495,0.3449558180096016,-0.344961213317268
2017-04-14,-0.009425709505592848,-0.22243370825891443,-0.6137171587935593,-0.3275302765823993,-0.27991950758188033,0.20899618353212998,0.539097424684917,-0.46378958207726334
2017-04-17,-1.2971439508279736,0.3394591266483909,-0.05597799139622208,0.26511455887917607,1.0798753362990003,-0.23750065949041135,-0.3971945647292387,0.0824824705502102
2017-04-18,-3.6660041527183105,-2.0722330386001095,-0.1547704178747839,0.3506838144187573,-0.2481275442246168,-0.681794483365534,0.48384428617943415,0.46108792948203586
2017-04-19,3.824684490985476,1.4604928813500282,-0.7507083892491014,-0.23240511378668507,0.16018249167985515,0.6401248372373811,-0.2951137190861869,-0.5021530082418506
2017-04-20,7.989722298803425,2.32202240607347,-0.01477197168664186,-0.40406050391488246,-0.9522439548103068,-0.2578340808058853,0.08326324474243817,0.503912103826883
2017-04-21,6.427891192522926,3.5708820314965948,-0.10704064657099323,-0.0666250405975805,0.4878998380101113,0.9272106998126217,-0.2671795069313211,-0.2596988133963269
2017-04-24,5.902798443577219,2.307094014976488,-0.20249724882397485,0.0023234347167432946,0.6217419398401314,0.26242452242889647,0.25568501574547964,-0.3372224885296776
2017-04-25,11.751949166447124,3.7457823956752003,-0.5974189922049736,0.5199058685201644,0.37420618727093696,-0.003338363059740822,0.008787100990227434,-0.16577463989198873
2017-04-26,-5.9870436968106775,-0.17947218109305194,0.729802474854751,-0.4570454533212767,-0.29139158427979006,0.05635268567598204,-0.5928588432242833,0.26130467357894127
2017-04-27,-7.946672383062443,-0.5508406216052819,0.5147482486529465,0.6836730816918913,-0.2575165990968914,-0.07756881715779168,-0.2111927848706998,0.1996416097614872
2017-04-28,4.194241127427705,0.7796136738433801,0.2894717359323019,0.7153418653408291,0.7916771746447234,-0.1780314570749705,0.8333967520120117,-0.5077412158973631
2017-05-01,0.5315949565782426,0.4811949910834822,-0.5238439612776451,0.40437971749473833,0.10571089246613502,0.01638788678875146,-0.654094259193761,0.3377830630256934
2017-05-02,-1.0348495587135769,1.8310458728518908,-0.7176705447304189,-1.2733823204083807,0.07483940222675803,0.4275071871583213,-0.020608319114974096,0.025816056924171986
2017-05-03,0.9688062022289776,0.6437214792897682,-0.8316509889327709,1.20583784460446,0.07764089727412933,0.8114652696831339,0.40109020550019775,-0.13083292856233664
2017-05-04,8.055166718723509,1.3336885281417914,1.3687051078836643,-0.8616527883072357,0.25219965282715123,-1.2579424262081724,-0.43583015370512945,-0.13181942942292493
2017-05-05,4.714504102452701,1.8776772774367396,-0.23931739327417778,0.429012433233145,-0.0434030426966604,0.9552611131198413,0.6193273062117984,0.5078588657020491
2017-05-08,-1.8246234059810158,-1.5126935717524077,0.6449818387151356,-0.2524182171180764,-0.9570528004666721,-0.9024223600661992,-0.7115273721766798,0.30899678015319626
2017-05-09,-0.27346190720061614,0.558438891853386,0.6898216393778187,0.556489822791384,0.42542608475599597,0.22373366906991907,-0.2936805288542523,-0.40078786579609427
2017-05-10,-1.282990011184921,0.26521818276628795,-1.304476561810726,-0.6867917999843822,0.652486929025907,-0.21328721862769676,0.05718264178012747,0.08526898935603243
2017-05-11,-2.5432865307258394,-0.5212177411108398,0.41579577496892434,0.6537229325719254,-0.6179355296516177,0.08913758964186783,-0.06010758387464396,-0.17961508788427
2017-05-12,-5.96365014516405,-1.2711401506619837,0.17739197427014622,-1.0284485812214903,0.318153897898775,0.09647764140875058,0.6064596726890737,0.12297795635175546
2017-05-15,2.9242296587909054,2.8894253953336326,0.17104780781410778,1.1166673595632568,0.4026491137817035,-0.06241206876343122,-0.11380533141578913,-0.11166479853934752
2017-05-16,3.515353372671657,-0.1441986276416706,-0.1693225132790086,-0.7685012242055063,0.02347410608337423,-0.13196444521697745,-0.24268301468821044,-0.05908323688295057
2017-05-17,-12.604946542971497,-1.9938386236268908,0.8894789926919794,1.0038973411565695,-0.9309332410763563,-0.41388133414759615,-0.8407462250225115,0.1512857040059356
2017-05-18,0.157663998298728,-0.8338962787296897,0.5118983570895111,-0.06507784240704542,1.627139917908917,1.0080280999337337,1.1510439258094174,0.272686356862776
2017-05-19,4.629220904630636,0.7344209204806867,-0.5274914659954363,-0.19257101594038478,-0.09205043241630571,-0.764870273446457,-0.5693990329279667,-0.8035878671209183
2017-05-22,5.7987875487960245,0.9174328408914652,-0.05197029324474474,1.0140935345923383,-0.7128811275925614,-0.1780637180579476,0.2969300738819872,1.0508829392739145
2017-05-23,1.292210620130704,1.4269061723363001,-0.029325473977499208,-0.150703999794957,-0.004719689709198403,0.5298241846003591,-0.036413235898790475,-0.3535100112933551
2017-05-24,-1.664135138367095,1.3236726483928194,-0.23796794864259913,-1.7331746976330125,-0.36193332141993056,-0.5856695256636282,-0.08042881059060716,0.24461391972918334
2017-05-25,-4.57250044652798,-1.7922455448123231,0.7787451786412912,0.8418366027875478,0.518797460237452,0.338821668811971,-0.11026906885479884,-0.4880627808826653
2017-05-26,-6.096763153095168,-1.4761318637838812,-0.6824280163014053,0.07352019076911315,-0.05995910303835969,-0.21684737716072425,0.3945571725776966,-0.0846010785945145
2017-05-29,-3.6809125336016235,0.44956537508342864,0.8902291978679882,-0.657943524255604,0.4924701809719803,-0.44558845343886044,-0.5184533824303647,0.7906001448217798
2017-05-30,-0.4901607549930081,-0.3727775027314722,-0.05229219871491173,0.5430937793815366,-0.031710495363308215,0.5636686903590558,0.057550045835587524,-0.9549292240929764
2017-05-31,1.748076450887476,1.3253997660042263,0.8052829754464534,0.8773496746702312,-0.38322723729634584,-0.1817337628662723,0.4917413581881667,0.4030527560645497
2017-06-01,1.658577366698654,0.6193612758738003,-0.4340849929903505,-0.1390820548217269,0.14867341899647574,0.3029064037687872,-0.24231388490152564,-0.2844802564448746
2017-06-02,-2.8422968221175395,-0.16435430595881037,0.6827607361339716,0.060954255607415825,0.5440398862694221,0.2413039047008794,-0.19474519444061272,0.13538903683601883
2017-06-05,1.7959164716961942,0.7957822696549695,0.22816205301139456,0.357960810691164,0.16896870565825706,-0.09352307688957437,0.0060824627300831895,0.25877094307886706
2017-06-06,-3.5273989259497727,-2.210855133399595,0.38019244386623874,-0.28805605762884207,-0.9231546633797851,0.07305633409203363,-0.4010412850329988,-0.03339642417243244
2017-06-07,-2.1764706858350156,0.06657146224804285,-0.9073397656188108,-0.2229215210778877,0.22718335897152067,-0.34621022763094955,0.3642140492419095,0.16600656251955395
2017-06-08,-1.5208159924170253,-0.34642903204107545,-0.363779258403591,-0.557801737289098,-0.0775118010733024,-0.18276376664450839,-0.2709094029197725,-0.07691121133133855
2017-06-09,-0.8726647718851224,2.4178523103247986,0.7519797440326619,1.264269273348547,-0.2956092385529982,0.05494959429777333,0.21767385219632276,0.47725483315506434
2017-06-12,-2.736652034005717,-0.8448548254077171,0.2697504900855966,-0.17239416006766867,1.2247616172317746,0.5586964410686216,-0.08469775151016694,-0.7763119769254603
2017-06-13,2.9494129809532112,1.673620552720787,-1.3778950470924227,-0.08211622221521368,0.09167299904936971,-0.32665549010104483,0.043843533246551714,0.3394387894233785
2017-06-14,-8.085877823792638,-1.7609078702319825,0.888593664226131,0.16619821233590698,-0.16826659063019603,0.4748689150082597,0.14557522180271634,-0.5351930936883614
2017-06-15,7.762079767406076,0.5140169577399729,-0.7130549256499775,-0.44751233263485335,-1.0134271306838885,-0.8636563949598609,0.42209229749973,0.28519116941188916
2017-06-16,-1.8985024563463553,0.1546722401914907,0.8595839641909707,0.9140237766785334,-0.17491192090719612,0.4238490675824339,-0.19462077166979075,-0.08566693619798944
2017-06-19,0.8728163836908382,-0.1262287689282593,-1.0562950676490932,-0.9277212926337963,0.39831280197809205,0.12088512266525715,-0.22049269221025927,-0.49459975932492645
2017-06-20,-4.925851021080701,-1.6601053422533056,-0.8881517816470873,0.14215728986585602,0.3571395648855836,-0.11206545275702369,0.19196710155336166,0.6464884726763541
2017-06-21,-1.1176389832816693,-2.940239632829042,-0.9541880784805207,-1.1079146102187463,-0.4598833865567034,0.10641853342967303,0.05773944538660232,0.3509247633163285
2017-06-22,-2.9758377232866082,-0.9276689903556274,-0.03853196102814576,-0.09110955735687092,-0.1784252273111521,-0.11710482698377049,-0.25478074217858987,-0.5387875244782113
2017-06-23,2.185008854200009,0.8107536228624189,0.04083611853448951,0.24671095004468718,0.7038961235099908,0.5729804303857681,0.06096609520109944,0.0342070133259765
2017-06-26,0.3471942334746273,-0.25666014787007646,0.006709828600403047,0.3820581812335701,-0.17808382936767267,-0.3185965218461769,0.11810896388335501,0.2759059557584765
2017-06-27,20.28681966830856,5.041506637460128,-2.435185241378648,0.18800015391278588,-0.030114571264176732,0.06632530712040706,0.6075974199022319,-0.01236044578214485
2017-06-28,-2.2614431147465197,0.338193136046624,1.1011374846483322,-1.285501744810272,-0.6572826373401853,-0.8371954772550274,-0.5567486660201225,0.09948724910605153
2017-06-29,12.9197408447975,4.27343146565839,-1.1911985552287947,0.43872119891938743,-0.3866416032504199,0.7618932687558728,0.572669661520685,-0.3059587407584038
2017-06-30,5.756406466951509,1.1181065187504364,-0.6867439127308006,0.10639782403573246,0.22326522316772085,-0.053156971268593714,0.4961632424006893,0.6882270044201476
2017-07-03,0.8556366464610347,2.046071339095197,0.9604501734416322,0.3386724247113821,0.003396442240769027,-0.23172299816888717,-0.55100966857355,-0.5509006721589746
2017-07-04,1.0864154768219778,2.6930116814352023,1.1525736363648915,-0.1484326617092936,0.7680692422379951,0.10138538884331373,-0.3561111102365922,-0.14193197153213172
2017-07-05,-0.35814381040158827,-0.22558208575963085,-0.41651428556409015,0.2598314449140855,0.011377112903373197,-0.42913262723230466,-0.03984704619160868,-0.09410835703998197
2017-07-06,14.083697614365029,4.367818614041204,-1.5429532877134644,-0.9636550145957912,-0.5193107523145073,-0.2995164575121957,0.48596853232523624,0.35107738671551375
2017-07-07,-0.11529298954846671,0.9694961759021371,0.2197796327887213,-0.0793377245292852,-0.5576399005646379,-0.1227521612638631,0.41272015908084775,-0.4188225767001721
2017-07-10,-5.179303969577535,-2.7856617843431266,-0.7310495079431244,-0.514499765943138,0.7412689173541988,0.08701667098041894,-0.23438502985404014,-0.011112845636127518
2017-07-11,0.0702937503181436,-0.8794167040812602,0.032217447675135534,0.6409326977333275,0.007572162439501956,0.16210353054861915,-0.32130698521351175,-0.32551459278711686
2017-07-12,-5.737681350213156,-1.5182437893865368,0.5035385620326469,-0.058918038147909316,0.10836022447307715,0.2294260372788625,0.14393923116321475,0.4203043839909684
2017-07-13,1.4719977041248806,0.38385938873061687,-0.38389187144501,0.23867930420954728,-0.30745850981706513,0.15154056493639678,-0.23679486472588618,-0.5255310469558081
2017-07-14,1.5541638472169557,0.39875265639978735,-0.6307689008963472,-0.1006256492593423,-0.21389787766223423,0.5946804707399811,0.2220622476419416,0.5845024565083518
2017-07-17,-2.950494536713408,-0.2663537592301577,0.25154744755177627,-0.6285298178181383,0.11004238559493705,-0.37249610563501956,0.30577618193596556,-0.14573415118161165
2017-07-18,-3.0426499495822563,-0.1321553377856583,-0.128422388304177,0.8193859087465624,0.5265449910500204,-0.07825109188637741,-0.460834105955405,0.16638001735172508
2017-07-19,-4.34742847593729,-0.9258920732711138,0.08241860009869653,-0.37361828154152005,-0.11987723057719402,0.2849190916535646,0.2055488863224076,-0.26778758651231804
2017-07-20,0.30101959561802333,2.1818991482486,0.4827248252472971,0.2726865848310498,0.7130700555910807,-0.015983880923261747,-0.27868269480439173,0.5348861895062436
2017-07-21,-4.079309481722873,-0.3841408403640114,1.0589203826834506,1.3122435488513515,-0.504516117256181,-0.24397513828117895,0.20973082967552512,-0.48855510170459954
2017-07-24,-0.7649910017793944,-0.03145272060459115,0.8789327693622089,-1.01765119117376,-0.4940599091922249,-0.5237249747264644,0.4000515789603516,0.5817755818943712
2017-07-25,8.00500478988223,4.10093148469396,-0.7188713424902561,-0.7406738272215856,0.15324316637885832,0.5429043805154251,-0.06331534071833937,-0.5562366318721834
2017-07-26,-1.7026817508455314,-0.5232433807815021,0.38330470783311854,0.4230192785501582,-0.6550676325512286,-0.7895263421328029,-0.048198239743726425,0.8154370337950818
2017-07-27,-1.5465058940193006,-0.4554889631193921,0.42806896511206916,0.6346995857840319,0.7468210077617362,0.9062392392447656,-0.1497450916605926,-0.8214446416701515
2017-07-28,2.8003829814307992,2.0996023550251155,0.19760771611850803,-0.25964886421165184,0.024117266471552434,-0.28008484551848345,-0.0461135376269987,0.20573055875950505
2017-07-31,1.214982801450581,-0.618193679134335,-1.4065830714978007,-0.4031407525737165,-0.9048443861990588,-0.12471610805797641,0.09658236194189164,0.06934263971703929
2017-08-01,-11.47870749370467,-4.578923656248005,0.5737888234954629,0.25635147550309284,-0.3729562992997369,-0.4185202647562032,-0.02619576875237775,0.4670128659677425
2017-08-02,0.08930577701528375,0.028894573184082117,-0.2827676283458076,-0.06857178623550253,0.48915916914943913,0.7990282969659863,0.20921959430583495,-1.0906546458894923
2017-08-03,-4.972169718071981,-3.0008125035758395,0.429717170498701,0.13472317371353884,1.1546175897111923,-0.7443292172346597,-0.05828453874663684,0.3780289909092157
2017-08-04,2.4276146057970216,1.0220574016853559,-0.24604858173745356,0.29505235152870396,-0.34629911862363083,0.19210535404645307,-0.22405266957245581,0.027736051263840295
2017-08-07,-1.4481503851339688,-0.032167834647668786,0.25868279049158044,0.39782749808467266,-0.3415550385696268,0.2655808247285689,-0.08716791672959151,-0.1048528270106121
2017-08-08,1.5077583767356757,0.5040639676157554,-0.22168178790874313,-0.4113571131251188,0.3032207221939301,-0.561008599158471,-0.05429948553576042,0.11754949182588692
2017-08-09,-6.810307867284203,-2.000935752501652,0.5136882582640331,0.2283627793550736,0.1896034734408371,1.0783822777338712,0.4519427770001691,0.3123498045472606
2017-08-10,-4.451412705796412,-2.1725068744621128,0.16188889228517309,0.12457159176067994,-0.3524625582466564,-1.2080538781169188,-0.42841736932031743,0.15429380822691907
2017-08-11,-5.171965715141139,-0.170663111798289,-0.5996313611208869,-0.3626094060945055,0.4119486360492153,0.40056491075599915,0.3170098446654984,-0.4360669936213321
2017-08-14,6.002085588735342,2.8073541420136676,-0.2914160474340541,-0.15676799207641487,-0.22737527958548037,0.004245979373653158,0.4191605253625402,0.3260909958907377
2017-08-15,3.3379443567253286,0.8996249627307991,0.027875850689074482,0.3803689483299029,-0.08106206842290542,-0.817284331735635,-0.11549323175948391,0.10185179855018625
2017-08-16,-0.8718310311822076,0.6730395111347409,0.15307567399699257,0.13454988652343608,-0.5476557036196548,0.22268383501712521,-0.49213260220512317,0.143655936554786
2017-08-17,-3.9576592819880534,-2.354364549325968,0.0076176251445149385,0.41985316983375903,0.9294388371090647,0.4191429993547952,-0.9850389090672561,-0.07214846781100656
2017-08-18,1.4428210638082188,1.096789052358068,-0.4227723124989421,-0.808998262120011,-0.1560717334972784,-0.1200847644905509,0.8126105570206043,-0.6114963415308541
2017-08-21,-4.836372751408536,-1.2784571854701505,1.0839732655847436,1.0686220511319682,-0.04122379131517565,0.1993272894979877,-0.31241473922157104,-0.051769590719481666
2017-08-22,0.7958999661334896,0.6669350405203367,-0.012764918096696713,-0.1124047043254896,0.19467303958173005,0.1052847093443921,-0.05473924480017002,0.20689292976218207
2017-08-23,-3.696487465990342,-1.2301463623307878,0.4774004034037925,-0.03437460345793776,0.2812104870151978,-0.6249229897246358,-0.11465368992138232,0.16440978855257107
2017-08-24,1.4441624894293328,1.4896998077798902,0.13499500287924224,-0.35749488726170453,0.04759452180830536,0.09541035680960765,0.6770943496621306,-0.1758624012468917
2017-08-25,0.7474821004430738,-0.3925964834770706,-0.3463876733929107,0.8139487267325407,-0.20727889373383557,0.6078685082671266,-0.6637605898922014,0.2303664774246369
2017-08-28,-0.306522308811591,0.6809448289583865,0.7076660457074898,-0.0992348144851185,0.12872657598770065,-0.6198515545577642,0.9632309701032931,0.016000975480502284
2017-08-29,-6.950726585074194,-2.2174763269898823,0.724661249665002,0.6369179991054285,0.4072552448040381,0.9003967178911327,-0.479782655969107,0.27767478361415443
2017-08-30,0.3749157598806394,0.09889479848141794,-1.0899554673241316,-0.8837720673953081,-0.5845136131766792,-0.09874003918153793,0.009170475493980744,-0.6787780605947515
2017-08-31,-0.0992713842094361,-0.10019766878083979,-0.21678956536795713,-0.27289606426344903,-0.012951574084864597,-0.5235828395669586,-0.3655243875038113,0.5387398030897109
2017-09-01,3.642015508782669,3.277760445716805,1.5505772936748603,0.8060681198144016,0.34319307365713253,-0.03635035290562213,0.4741609279011895,-0.05793104501575046
2017-09-04,-3.048808724143745,-0.5511778730034504,0.023648346790726506,-0.20258762826979204,-0.3851291702330207,-0.37345879227188683,-0.8477238400218817,0.10122070030919221
2017-09-05,-10.17417219038097,-2.985351512311291,0.33653462111569166,1.0745488377203745,0.6441211930416542,0.5121632825080661,0.39426478271972193,-0.3999781480830868
2017-09-06,9.243134417789705,1.0723775438128043,-1.0718805435891234,-0.8930524738247452,-0.06725819415637925,-0.07216726096726221,0.11855151156728266,0.11424959285988295
2017-09-07,-6.885909825189678,0.2301111486024868,0.7303263474502102,0.6081041527737164,0.42426848974441733,-0.030157768436895188,-0.8757232487559985,-0.386901735940202
2017-09-08,3.9912457712392513,0.8770690503848184,0.07401779473677701,-0.605148420670963,-0.5284619973735962,0.11506966448666865,-0.05112892397140285,-0.2455981894993568
2017-09-11,1.1474350825341277,1.2256268932412846,-0.8061669073778002,0.3899701502472628,0.2627481160252619,0.3460984184613117,0.8393631720581224,0.6226749329500942
2017-09-12,9.898334688601555,3.6407858694019866,0.20249410464158737,-0.5507846357092782,-0.3137436077089888,-0.12002348332832981,-0.3907865485896784,-0.059942038608012574
2017-09-13,-0.46364555814937825,-0.23675203768762754,-0.1954821161441318,-0.038377664601767766,-0.09850370368462087,0.09587338259679778,0.19389295659324257,0.21993181135692508
2017-09-14,3.3331251150888157,1.0828884715553413,-0.35515937765533306,0.08696711989138646,-0.6098627080667903,-0.5462921733439184,0.13970700090812008,0.5116036954442386
2017-09-15,3.8902285541045343,-0.2991318849794044,-1.2521272669646335,0.2516297761874158,0.4050630776246989,0.6695039117141558,-0.2611753758266845,-0.6104699013618864
2017-09-18,3.3434613979772387,2.249763552248658,-0.05650132158853692,-0.3993163597128221,0.09329067180724492,0.18947844520355392,0.342505667567761,-0.19953417612397037
2017-09-19,-1.3951457451428686,-0.6660922199971211,-0.008690509327641479,0.22788541394873116,-0.12777943997383062,0.11556739047814425,0.17172679407497338,0.24116896433911275
2017-09-20,-1.170933151025953,-0.5454286879821285,0.09656328525858054,-0.5737767181645635,0.9489142621678955,0.2357759073960606,1.8703190385181483,-0.6413804454323906
2017-09-21,1.748661368693468,-0.1242572789922204,-1.3460371235647115,-0.40434784169784016,-0.8275082027981747,-0.6581905225977542,-1.5883663397089873,0.475321441107469
2017-09-22,-0.2006592522317762,-0.8707878572875912,0.028586563583556223,0.7914199522381293,0.12718220038737216,-0.1015869830812939,-0.5852466284437624,-0.10113314769928647
2017-09-25,-7.78685980377119,-1.3026087388124648,0.9676956556536993,-0.3661571257956902,0.1921915567065002,-0.08942670480927316,-0.2586272104667233,-0.11240287386489822
2017-09-26,0.8938359016737626,0.18138674392266144,0.1440074319885869,0.5023513885745993,0.055636724168441606,0.20668399544165134,0.33327270169208956,0.3163579828452044
2017-09-27,9.200693310054383,3.743059389794204,-0.7420046856976332,-0.4659892324578549,0.07423862378807845,0.04269573918163805,0.504714503289097,-0.25265560157868455
2017-09-28,1.7213477943690756,1.1009328464620078,0.1216589434184573,0.25187985766267956,-0.34566280337105143,-0.22923272024533975,-0.2090066892638851,0.37793686185016406
2017-09-29,-0.8367549350705733,-0.7007461932325272,-0.4893300004415816,-0.22959425624493884,-0.03517156293062179,0.021372425107386316,0.055726221954719546,-0.2839898622868318
2017-10-02,-1.004440023551392,0.1478846447714208,0.38937542280808873,0.07043159760959784,-0.009108199523162205,-0.12491266318257921,0.34372238145432354,0.3827546646541252
2017-10-03,0.5773207802261918,1.3871906263925664,0.1551904421403927,-0.3717266047948044,-0.01216764693490252,0.03126173912284129,-0.012575155245427289,-0.28091635596891507
2017-10-04,-1.6950236898928297,-0.8518791527473561,-0.043824767851549144,0.23346369312715282,-0.4026276549061408,-0.16397669441594953,0.24183538762945483,0.0051832677169869066
2017-10-05,-1.4453453507359129,-1.4283637376779865,-0.5363154199279105,0.17031658167930833,0.40063652924094806,0.5539318884838715,-0.5500826316664423,-0.1973788659757219
2017-10-06,2.6370226693006638,0.7506258432414518,0.7997100113766115,-0.33203920419141203,0.27196178130298393,0.2962692751070999,-0.3979457785026237,0.13856403297781344
2017-10-09,-4.405681077146211,-0.9467282120348613,-1.0152523586653897,-0.08450497001720811,-0.42674679601932414,-0.4806685718687973,0.18954823429578374,0.7015704626942851
2017-10-10,0.4012368665540834,0.8300670852303961,0.4373475657228768,0.3309919300097789,-0.017369063850987774,-0.0020006465022370987,0.10234648175600365,-0.7508540220439942
2017-10-11,3.4980501607672085,0.32345632203520125,-0.8157111264404465,-0.22201066215324053,0.1362032510819674,-0.2024783511573117,0.22188815700592884,0.641646974133521
2017-10-12,-4.5895089710736725,-0.7642498172782373,0.6227652575039114,0.2502815320224,-0.21111987404004598,0.27870898251560644,-0.10668209159683538,0.0796190317378185
2017-10-13,-5.802210182972196,-1.2253444225694188,1.0272958650130741,0.5998389473756842,0.08886616757989033,0.06076777865352146,-0.7335890236682738,-0.2526607323227507
2017-10-16,-5.403289553684657,-1.6182005264203432,0.14060002138001243,-0.6143529304343099,0.7240075959542183,0.6533001616363315,0.7393512873367306,-0.18570881498039796
2017-10-17,-1.9661687117855324,-1.1665002279071417,-0.1991881939428385,0.03004994635190509,-0.3440344149359819,-0.5581556387567642,-0.1916842668338409,0.1652754626745416
2017-10-18,4.6544920712960005,1.1981877671971488,-1.2028950167562196,-0.685384583865362,-0.12518261451846988,-0.07705358390700623,0.11167211528984926,0.072824742370883
2017-10-19,0.35941700523606757,0.5392791257318297,0.15003018986295263,0.20422260326318983,0.21499913756556607,0.650532584632409,0.36390886670022005,0.06704709982398364
2017-10-20,7.773727089384919,4.035987598520746,-1.0588124428149068,0.2902520337994683,-0.28974895724546035,-0.9753389522396831,-0.06257415480882643,-0.38529966722025066
2017-10-23,-3.407210686448104,-1.7107808239427917,0.6424722473180166,-0.47914956958982724,-0.4230600717499345,0.319657488211252,-0.280388042524767,0.2964658376526848
2017-10-24,5.571352005255268,1.8850826537552001,-0.5309794351327877,-0.18544490045505446,0.1665654600740276,-0.07177924451040077,0.4974455074563704,-0.6178757518056566
2017-10-25,2.501394414174092,1.2423373166442615,0.09049483424573186,0.394512195195811,0.1458653455865744,-0.05285595566282344,-0.9485313120991741,-0.10746143774569389
2017-10-26,-8.00384314201102,-0.5194398614257719,1.7135533826861726,0.24601140572361854,0.4410445904628264,1.5317709313188006,1.2550011718533918,0.06261196236515976
2017-10-27,-3.912586601020295,0.4116956478327861,0.3269827191614352,0.5593450983729805,0.3368685458064812,-1.1777639654628678,-1.3346495769798863,-0.254763785308018
2017-10-30,-4.284285929079887,-2.8532729180015486,-0.439158090741578,0.17304353833470762,-0.4515215316520375,-0.4524431806006716,-0.09702271354330673,0.7347562142164181
2017-10-31,-1.6542247305484759,-1.4893894359175377,-0.858260043508304,-0.287842924373236,-0.33470117238093405,0.3602977910109603,0.6207147644858856,0.4427028110289378
2017-11-01,2.4448203550770353,1.3748387656017382,0.14702719464430275,-0.2267486818977668,0.5991755470876292,-0.31480484954704685,-0.10849645925736508,-0.38533882239778
2017-11-02,-2.0250635770365064,-0.6966134413544581,-0.08398715838451877,0.154530340716986,-0.1346463162394455,0.25349353353417936,-0.3828828757661823,0.07697771252598594
2017-11-03,-1.2193054394925749,-0.9792008828045599,-0.5433160609083689,-0.20434930426078557,-0.14599672572381825,0.04922700847032067,0.17129856358283876,0.009525442977714316
2017-11-06,-4.647357012918474,-0.8620268980466623,0.7863053645871835,0.028221618062737368,0.17897720292592972,-0.06405794601045446,0.28164780847220133,0.05569693980738215
2017-11-07,-1.026245045716282,-0.7727696620854071,-0.12376193517389202,0.5141191513995457,-0.10655873848410541,0.4027447091856627,-0.04839741929476277,-0.5500233080873337
2017-11-08,0.5542581382522601,1.2867768180264751,0.32402893663323956,-0.6348540580203736,0.38644077906945207,-0.3243975686860766,0.31656764680423216,0.6560604223543984
2017-11-09,4.713866472958164,1.9555635564821552,0.015273485318708674,0.5972759270527731,-0.05835415913598787,0.06759267692827792,-0.3508484390314937,-0.47970603697427106
2017-11-10,5.570831282002862,3.5264157617333725,0.12849625256571265,-0.2087177249493855,0.5854711590304297,0.6131405654216526,-0.13404752692605035,-0.9948306129596967
2017-11-13,2.124852776359138,0.04635292379873015,-0.6817451745887582,0.03692114825294134,-0.9468507301261444,-0.6222617914228706,0.3016582426051631,1.4070636985108023
2017-11-14,-4.642001302038622,-2.045274616085257,0.182916373650702,0.008054310256091938,0.5762728565637392,0.06161213244082183,0.11409372527256881,-0.8628344878616001
2017-11-15,-3.1104485532120085,-1.5721936915727044,0.2248651788169717,0.5080052570417354,-0.17929435341539346,-0.2558104898116133,-0.24761951976196425,0.8753411544227523
2017-11-16,0.854445336466397,-0.1815334332969885,-0.813499247402122,-0.24372999944316517,0.12149875495260182,0.6326746200710128,0.021119512241613375,-0.17245222230595705
2017-11-17,-2.261050612195347,-0.9782479018258257,-0.01959911004766804,-0.1546892143815435,0.15903114640400012,-0.31173622725881583,-0.08150866422813734,-0.01826957592369124
2017-11-20,0.691448170895822,-0.6830749277656305,0.17660092161207738,-0.18509414252512468,-1.1907422334195286,-0.09476929240863605,-0.30656463876830065,0.43625426258887223
2017-11-21,-4.666928171659307,-3.164416498018816,-1.1906472107348363,-0.9920338284640536,0.3567397730297492,0.16641547922561847,0.4587859890011359,-0.0014079844518171247
2017-11-22,0.6288778079392313,-1.6554940203994315,-1.100139206504722,-0.08738290238492483,-0.2298930542671506,-0.5753847134787607,0.1462199565122244,0.16860337244325646
2017-11-23,-1.0194529466090012,-1.0544937600956592,-0.45032271362538684,0.2806837915863341,0.05388444953383576,0.6571106654212204,-0.025645791718096427,-0.13954834182789025
2017-11-24,1.4637543113626295,1.7126987300373868,0.6717186849005065,0.22984289910477038,0.2895939568035728,-0.14120225127175592,-0.32547891315474603,-0.6527767068539099
2017-11-27,-3.2968754424503306,-1.3728016155635014,-0.20322517363959777,-0.028142306403497578,-0.23249390120995,0.2751712542561314,0.18340940793596572,0.03765713618686197
2017-11-28,1.8247065716380533,0.2955217483061798,-0.11646712769330825,0.4257572899222277,0.36180567399838026,0.14484383935080825,-0.5687383775948152,0.09715094262262211
2017-11-29,5.353326507823767,2.1610550836709095,-0.507846699570381,-0.2783286203812266,-0.21734219803949925,-0.3725829410076429,0.07004567154522634,-0.09912434892297904
2017-11-30,1.2776648373595398,-0.23338531713167293,-1.0506048689164091,-0.7968432801933644,-0.23237739880957486,-0.18836121362211794,0.9127026497929042,-0.12054272861598118
2017-12-01,-11.525000425908681,-4.227024318528597,0.5220958043073555,0.23538233219209698,-0.22396506114696996,0.24934405858852696,-0.2582949028928997,0.19701139222204478
2017-12-04,3.4789574563001664,1.5216209237861595,0.07707418981443012,0.45508028590833033,0.11014864637166925,0.23673804273245383,-0.06696757049896473,-0.12254656711068075
2017-12-05,-5.9662094542988235,-2.6385808935138995,0.47095271004988165,0.2591061907693827,-0.42382771190505836,-1.1483805117930197,0.15079785458255945,0.3842973871202793
2017-12-06,-2.2140977356731666,0.22796214897243094,-1.223142808748367,-0.41693268479049883,0.264343728190515,0.3189140832579373,0.2751355223474256,-0.26231473246179743
2017-12-07,3.2059418508325073,1.9992543051815725,0.6142297938307604,0.47816165925464144,0.02454834368339553,-0.20504010589775737,0.17021454382601586,0.33528444936054286
2017-12-08,1.4793160440151636,0.182732414278169,-0.8068341065238734,-0.4456275953577188,0.45888965919012487,0.34045746948377126,-0.5671320456139891,-0.5695372851322653
2017-12-11,-2.1823787535749397,-1.8979450115184164,-0.39722309990009186,0.13028905654026848,-0.03414074569689555,0.05743761168488811,0.6077994296574101,0.2374746731226155
2017-12-12,4.258996473943029,1.7298698569187902,0.4606590188949859,-0.5766808121509921,-0.6813719889083426,-0.42702895262625634,-0.916591059144158,-0.11536216906514994
2017-12-13,-2.0966087549124572,0.081072854076677,-0.2206796805737636,1.0706099128848305,0.8094892850111156,0.7161581787501979,-0.4343813312275592,0.3712496732341773
2017-12-14,-4.06643957795671,-1.9765662524933647,-0.821871533527313,-0.7885525060710965,-0.529730681579405,-0.09936455547170983,0.6774648365765011,-0.3586694604886142
2017-12-15,-0.37635036095019353,-2.1179244733523066,-0.907541291204069,0.3186720341607246,-0.08372985350050412,0.013918729903242928,0.4266206684797873,-0.3076665586563361
2017-12-18,2.1229973398070316,1.7583048910015753,0.32492999663482164,-0.05556362391447739,0.2879725694202984,0.027413078872574433,-0.14086967557463856,0.15523635045517406
2017-12-19,11.396475118148366,4.75435695456499,-0.7903109220130397,-0.4964074850949298,0.08879911356528498,-0.1595713459743753,-0.11021693055856817,0.38129713659481457
2017-12-20,5.981927419300152,0.6431181579674783,-0.45461095272249086,-0.504789125981835,-0.07892382361367092,0.3613841730685707,-0.5283578911126768,0.11360971889875662
2017-12-21,2.368775708639382,-0.8672256850497916,-1.4293608448390795,0.3038452952572812,-0.7961640760165534,0.2632132146311049,0.03429952580793536,-0.25977309625462436
2017-12-22,2.072218858056655,0.3418580642166027,-0.8518052837205788,-0.7764616860069551,0.6956380859953458,0.42458885673742475,0.4115763010065742,-0.28392611122892136
2017-12-25,-0.6010314179960601,0.34989855578794976,0.10408255599662031,0.38109106605577925,0.12307795284096133,-0.3707264074397673,-0.09611617137228047,0.10222833213654568
2017-12-26,-0.2211876010897537,0.0958218887171834,-0.1094236439369525,0.07422559928315134,0.04256987892721811,-0.03733522041682455,0.01784682313550628,0.004793162749146863
2017-12-27,-5.373553537087066,-3.647802961454489,0.06257011445742244,0.3542255781624395,-0.5413563413590873,0.01705132435581335,-0.19779616089599858,0.45942133840539495
2017-12-28,4.782538706119116,2.317872433464145,-0.49264875777543654,-0.06940743852377615,-0.23187247359238233,0.5991528522956588,0.20834666094818166,-0.8207349239571693
2017-12-29,0.5143178730514001,0.41844632693158856,0.2768800479645148,-0.1668349453673025,0.23814600527785373,-0.6997435154454483,0.2102859205971303,0.7442097327950713
2018-01-01,-0.56361970769878,-0.1959456160427602,-0.27558875359097584,0.09867209727580903,0.5917538030759687,0.379622038186622,-0.33648918055921695,-0.31079067561897267
2018-01-02,3.6059368795523215,2.789015209116719,1.3569851273647915,0.6146498329910687,-0.48940351973373375,-0.7296215736612078,0.39446785423325953,0.4692449028251162
2018-01-03,-4.226951229579078,-1.6770629063750344,0.345708046880894,0.031638381680881116,0.6634373265412394,-0.0015715485064473063,-0.033758230136876455,-0.4607819865602736
2018-01-04,-2.0930722024996746,-1.5632427530081976,-0.6285740744896128,-0.19269588596332474,-0.5965200484660188,-0.40683604218026864,0.2339119992737534,0.26079580303409705
2018-01-05,1.544779378466048,0.581243342402415,0.543333947074033,-0.7214498266028516,0.08527486252310298,0.6205428175751719,-0.10087752957161164,-0.04223962387367286
2018-01-08,-3.3289137634149486,0.3730727230834429,-0.18860245438249143,0.48366934075954315,0.15248535826414172,0.1276261692092593,0.13762192648241234,-0.34451596300912957
2018-01-09,5.937117250069323,3.253409491368967,0.4527555000231484,0.30656280440127903,0.7082298825217159,0.15279895082356593,-0.6081341613873217,-0.1300752492001052
2018-01-10,2.9453245654528457,0.7428163524211749,-0.48084494258763627,0.13475825960479015,-0.5150969372513612,-0.11010456482176512,0.3864810001450574,0.37802508422126535
2018-01-11,9.254056987008628,-0.805350094232544,-2.542497159163847,-0.81531166633836,-0.9562349670155107,0.035171776398821325,-0.20425021870028487,-0.4180665002274834
2018-01-12,-0.08695592691779229,-0.681503443853193,-1.0279798295902938,-0.7478912327667853,0.04102830098615317,0.06333860295486887,0.05706234807172447,0.03395102070675809
2018-01-15,1.6771075586474544,1.4191667574012201,-0.9513975018148335,0.05504792937868792,0.3833777898052139,-0.5080781102988228,-0.13035312861445322,-0.24144647354659843
2018-01-16,-4.712931640933174,-2.9926430655943808,0.28668796812486996,-0.9543909629625819,-0.22226623938912551,-0.2143772829055278,0.08356598066814638,0.33534148911307887
2018-01-17,-1.762206609933143,0.010630762824157085,-0.25519252461808395,1.1256132352345234,-0.22690547929157942,-0.014973588680809658,0.9442561750031729,-0.11515290995461745
2018-01-18,2.997744579217345,2.58945893606952,-0.439854776105985,-0.7950552716593988,-0.2886839071620821,0.4338656422739314,-0.32148189713935604,0.2748165409217934
2018-01-19,0.17246146511732097,2.0471607538179093,1.2427948072694308,0.5014078609366489,-0.06159207993623764,0.0830800475034676,-0.044724646666975745,0.06782396880052373
2018-01-22,1.878411418357055,0.2654841263441828,-0.4690840485024976,-0.189759083850588,0.03207736019793106,-0.35098648447976144,0.04888717293891338,-0.15301827982221258
2018-01-23,-1.1646760825141558,-0.9571830744715916,-0.5621063738661959,-0.20912981193231017,-0.15228921692533304,0.10223417606236929,0.23068049098464616,-0.027614182681166256
2018-01-24,1.5948281358032605,0.5926452204762991,-0.10986028758351624,0.5483133893610775,-0.011434879856901259,0.6147888350835338,-0.3038897668604612,-0.2674149670747485
2018-01-25,4.436796827855987,-1.3710988947500264,-3.16867693598706,-1.1421368600679258,-0.6524785182860381,0.4773805370109813,0.8051546717500975,0.21137947253175945
2018-01-26,2.2287664141130694,-1.365023016198291,-3.088841888150148,-1.8604371196127205,-0.9664125471392895,-0.5309001693862714,0.02145126310700249,-0.5200303222324734
2018-01-29,9.938871383354046,5.775348402279461,0.04415626423994903,-0.8159536479874472,-0.20795054342241676,-0.5799912915051972,0.6363651373080101,0.0962980010296922
2018-01-30,-0.9325568048124384,0.7114744712978688,1.0621091200124415,0.5133958630402196,0.1629792768655214,-0.20557644621385718,0.05692043190801877,0.45782289235776974
2018-01-31,-1.5521040133211825,-1.011743706230994,-0.906815152818262,-0.4920018455764617,-0.5812388918182756,-0.018234822866794242,-0.02468003084219257,-0.23728632386010962
2018-02-01,5.408641011653913,4.661754527753871,-0.21718370629911038,-0.18204818344240906,0.6029215374078584,-0.18543880911719723,0.7668929733858927,-0.5218961714950333
2018-02-02,3.0997169292371582,1.486166654186196,0.1038773153631632,0.6942795800375783,-0.9831833836735326,-0.6726209560148508,-0.7123682410277451,0.5561537831945835
2018-02-05,-4.377936632915378,0.1785720290231609,1.4927208111836257,1.2278238794376315,-1.2471253987723205,0.8421148570550886,1.5743363235629506,0.5939689774431363
2018-02-06,-3.4775772438509156,-1.4264695915823238,-0.06961289423289622,-1.1259314115459718,2.063572799254198,-0.5784445292262289,-1.596683209303732,-0.7840249933504981
2018-02-07,5.516341496261782,0.5471825107271396,-0.589327351309549,-0.8041440002884827,-0.31488452810762924,0.4012761578136984,0.2684123731526196,-0.07679136436523461
2018-02-08,-0.7100711970792835,0.3549068307234676,0.6584289695696167,0.5601062310634589,-0.751783415623992,-0.8080746664176031,0.15377015017289616,-0.09048850899832053
2018-02-09,2.129561427567746,1.8182032179478465,-0.4144866812450427,-0.7480206316747705,1.1144404449489214,1.9545581917624502,0.4498967838529714,-0.1432480328162446
2018-02-12,4.810988075943092,3.211454767150269,0.44032296106720004,-0.492897370103728,-1.084517161608945,-2.4288983956902648,0.18867388336825716,0.06810530542106184
2018-02-13,-2.3561643630551297,0.32281917178129466,1.1528523961358406,0.692491195641288,0.339047135803769,0.09179319855850919,-0.6063786828760642,-0.4367075910212752
2018-02-14,4.574748113798387,1.471159193885085,-0.16747478021879672,0.2293358518439295,0.9134067469989663,0.7166760825244058,0.18968146151066304,0.0942456758442968
2018-02-15,1.778038396066858,0.5960716049032492,-0.29151966202215196,0.34186481003407126,-0.490994822803431,0.05756932086743416,-0.21041015865712598,-0.12426695575647438
2018-02-16,-7.951410671935078,-3.7005749061020157,0.7257274178239524,1.0603449825694367,0.8141438151019125,1.3121407300733545,0.6252617388465018,0.017014350907863466
2018-02-19,3.8531305551003308,2.079828203985834,-0.003826780956256906,-0.05326988376407094,-0.5386212722929069,-1.2980147897316114,-1.2131030968180112,0.5600506447042743
2018-02-20,-0.36272070727798067,-0.015617797207485962,0.032372118321946926,0.10213779455842549,0.2899239466204878,0.2727937129384683,-0.08960838671925304,-0.2235789791171931
2018-02-21,0.8251791888040412,-1.0831666340635404,0.35119301738648084,-1.0883186071882982,0.5878302648061339,-0.4930307874112025,0.7283251859685289,0.13159624326604738
2018-02-22,-3.0489204319643486,-0.9833513245669897,0.08494443335324194,0.8633043339380925,-0.7580975773850809,0.8350088931282351,-0.3859793690521933,0.31809779475865335
2018-02-23,-9.00880341956482,-3.847346206457007,0.255429614567949,-0.22816907215794938,0.6218552560219031,-0.2289130139958547,-0.2775172822209607,-0.09298008864462502
2018-02-26,1.5596157657353642,-0.015395210376308258,-0.4025097731695797,0.31595351602237115,-0.24057429962599355,0.09930856048879486,0.26638207691497867,-0.18448530832955684
2018-02-27,0.9477446455164118,-1.9098291070304072,0.02929215106955647,0.7354591971111334,0.6145488411928104,-1.4406399287877523,0.3252852480189949,0.33334623382725176
2018-02-28,-3.0785746690644373,0.9428438381882395,-0.08220480257594925,-0.5731838527248972,-0.8173535070772252,0.9675910861567519,-0.6003628659663761,0.034538176961524544
2018-03-01,-6.107296927960492,-0.4295021424455476,-0.09868585197198684,0.8225689629911456,0.20627278178563896,1.1631615011519982,-0.6286483426954248,0.621779018244802
2018-03-02,3.598470322049853,0.6177908242448514,-0.40260117595242506,-0.21284482559865395,-0.06545491004875828,-0.9937511314553736,0.9805677340057866,-0.7332224090869595
2018-03-05,2.569079132498869,2.252293646974381,0.2741638743596619,-0.6077663830013107,-0.23469514902685654,-0.960825741657946,0.21143667526118107,0.44240142795891985
2018-03-06,3.0225287648716366,0.30466445258813685,-0.9037822509430583,-0.04926513103349258,0.10953814926263553,0.3838534296747889,-0.08008072340194507,-0.28044170738884516
2018-03-07,-4.057053106375774,-3.3101550881772708,-0.1269414822410106,0.46755970029340604,1.577522219651548,0.9630362683101209,0.20370753331675726,0.12086237142803226
2018-03-08,-5.537290615477504,-1.240783454638396,-0.45569991510885943,-0.5813403140640295,-1.6741987882395877,-0.4238059419045507,-0.3097842473862915,-0.30059933929903615
2018-03-09,2.489571022198253,1.0709195549948642,0.29146871321489354,0.858130820618279,-0.15249596575454705,0.4099234682506326,0.3861809217247862,-0.2891271034742028
2018-03-12,-2.5905742997052412,-0.35820828190683224,0.1350040905698131,-0.5731379038837857,-0.3411932091405472,-1.085157736509195,-0.3605584040290259,0.7444161782236196
2018-03-13,-2.0518731290120207,1.108867073920159,0.2477607504943737,-0.6973237709287496,0.2196343593857406,0.5547207648986731,-0.5730431044844668,-0.1930143238197728
2018-03-14,-4.39395795888452,-2.0157147180949293,0.8489692842389785,0.802887558553062,0.8827894312125789,0.2953408459554845,0.3426909079094695,-0.38568027161587853
2018-03-15,-5.088156882235391,-1.2385086109032075,0.1114080878243728,-0.5159957868365396,-0.11030976140377866,-0.08373436985342651,-0.06151133514572721,0.19875556374422243
2018-03-16,-0.026964010157341553,-0.03406063536589675,0.025034065232401613,0.41270056350318024,-0.24106755856523598,-0.015564199403739896,-0.1991527246629776,-0.1659422250775215
2018-03-19,0.9164767178508378,0.3154892755325123,-0.7595179778040011,-0.886974432667993,0.1442552037677572,0.02721881734828001,0.27893279876500693,-0.046830247445438844
2018-03-20,2.2675570441711863,0.7260217759904194,-1.5382598075233047,0.5653498110494476,-0.03268423747051064,0.15657507222604156,-0.22172669303768072,-0.295144440314212
2018-03-21,-0.2198667864710389,-0.08431632300628934,0.6112904790501078,-1.0087991421952902,-1.012759082972344,-0.8113279610568899,0.38657351396205764,0.9539157520298612
2018-03-22,-8.010736341636385,-2.578933486352934,0.7844221109316303,0.47808419716615597,0.014951887541353868,0.22439078112807095,-0.26369589131907367,-0.04442622576794421
2018-03-23,-0.8720967540647843,-0.7788188273265103,0.2788681821590022,0.09944082001705769,0.2274170963203931,-0.7679761828032947,0.7159585255294683,0.20215041274994794
2018-03-26,2.361348504458023,1.9199710680565578,-0.5860071222239976,-0.6098688997851197,0.6304297931905082,1.3830953782138824,-0.7789875551840552,-0.8636091339025482
2018-03-27,-6.814563350791141,-3.4006160923295536,0.728417427025241,1.451177494720997,-2.7292330811715426,-2.255637015094139,0.4788302990906055,2.2053574582011035
2018-03-28,1.979921665563209,1.3122842777639532,-0.07824221882977447,-0.2799581021318994,0.9429101101887518,0.7051393352485436,-0.29116041305651547,-0.6554737581333792
2018-03-29,-0.6603205984069703,0.5075275794547047,0.9062056614738123,0.7392318713528949,-0.007774572925029951,-0.13863199528387712,-0.16311291581216564,0.3551963297289985
2018-03-30,-0.2007080523181631,0.053151080001510614,-0.030060814895986627,0.014499501737868853,0.007806995443771563,-0.008238474190013447,0.0029307847145652994,0.0007240236457191144
2018-04-02,-3.8944700503542196,-0.49681357505362905,0.05196862963397442,-0.06182892769434208,2.62904654327618,1.1760142415188903,-0.018359163477328244,-1.8317611188497551
2018-04-03,1.577147903298338,-0.9036740700495142,0.10470398903920729,-0.0858025134856786,-0.12479486370094689,-0.2024951203733574,0.185823486218655,0.038448667748584804
2018-04-04,-2.110579319079818,-0.580583307576254,0.23014117879779294,-0.07899267310684197,0.2738490973743085,-0.0951506197989459,0.18084579408113435,-0.06516022719186539
2018-04-05,5.056093016150506,2.0595649922022106,-0.627968008431596,0.08657932367272679,-1.7552913553715273,-0.9211986783502168,-0.10552701325835721,1.6297979948616748
2018-04-06,-5.297773594682357,-2.7788000329445883,0.5231487890623788,1.156814941457851,1.558136030089435,1.4284249057001162,-0.8966754986092517,-1.6062100363623544
2018-04-09,-1.4001568687790926,-0.5581176614535848,0.1332537067508203,0.30180678653986004,-0.07275358216991008,-0.003655214475007368,0.008035880273276607,0.04452903013643918
2018-04-10,2.1918129332193246,-0.11517656068285918,-0.9713046258536701,-0.9057079338869074,0.6503690263911936,-0.18381740638895136,0.577634415773785,0.104595647774102
2018-04-11,-2.2036040661934106,-0.8450946143576322,0.26411857260256,0.33185181647136225,-0.11787539569258879,-0.20237688261512862,0.03159163402067808,-0.0002745361550630425
2018-04-12,1.3612382642275056,1.5642315118831243,0.5376259335306212,0.06889499287997909,0.2903326208799195,0.004180259743801409,-0.016972255211955587,0.03762163656560829
2018-04-13,-0.31228631857446393,0.876257204053519,-0.16777892360347776,-0.28195207659024735,-0.4895395042563553,0.3327197820171944,-0.20402133570002165,-0.08150449880356744
2018-04-16,1.5671674710812409,0.20645113861691988,0.07842407012209744,0.19087955834431558,0.34878030132838683,-0.32302284312713636,0.438453453300831,0.05733093172595506
2018-04-17,-4.212536231939514,-0.8390288070581525,-0.024100367173569847,-0.17031356650413296,-0.3963174425412541,0.23546813747614007,-0.4575052383568104,0.056826643047898355
2018-04-18,3.386284666031022,1.159811197868169,-0.809183554438614,-0.7430452990600944,-0.07253258892937264,-0.17359172126788716,0.20504760356063825,-0.04436366811041159
2018-04-19,6.6444714063624675,2.2333926751718582,-0.6903233889763375,-0.1590794330209294,-0.2376694773860862,-0.23058105284047836,0.4868956675193002,-0.007733105915757458
2018-04-20,4.904390494011938,3.288714383709344,0.053380347501509544,-0.1057502566610437,-0.06200514060699437,0.42145514094003944,-0.7018042407104487,0.22966662495882628
2018-04-23,2.5135520826885567,-0.23729952380693567,0.00935860073074244,1.0524472008652128,-0.40963845479735306,-0.6517116377234281,0.6058328513278125,0.17574325620969902
2018-04-24,-1.256838922387232,-0.32929048155286844,0.31712215041952113,0.44617802126733824,0.17809466680210884,0.22381254536764789,-0.06473724476393596,-0.41643200561275184
2018-04-25,2.606651949543144,1.3206226001903145,-0.7874944643387617,-1.134330224385549,0.44738375692465565,0.20646243873188289,0.20067367707358508,-0.016706690756690176
2018-04-26,-5.488950116622535,-2.4253044636772505,0.3569707920691661,0.17674353655752517,0.04805189688801743,-0.4580760688620991,0.16695362316370743,0.3811979261669194
2018-04-27,-3.123545837699226,-0.30261392378783236,0.17612548732063327,-0.20514451957036514,0.37582962296224387,0.6986666118859144,-0.3988281810758028,-0.3501727324389071
2018-04-30,-2.6339063059227605,-0.058763472639852224,1.1406595279342184,0.5165507003475627,0.14324311204549936,-0.32476663601565686,0.2765249991607756,-0.030788693364514053
2018-05-01,-0.16541587595741628,0.013170809087208666,-0.045166701146429074,0.07546488530587363,-0.029132460316595558,0.010645657266084232,-0.03566578695481031,0.00022877120182586427
2018-05-02,1.5909436065567126,0.9502210093889099,-0.00048819142599883063,0.19628367123289905,-0.22018367926281632,0.03641109428798547,-0.06848734132917601,0.04822107887938585
2018-05-03,-6.898674687393078,-1.397656281038955,0.7976862002223303,-0.4439699855247981,0.5968662128099401,0.1137188405984352,0.046415771493947024,0.0580500431852782
2018-05-04,-0.6652112564405165,-0.5235953083812044,-0.3502977435355842,0.4723184087374858,-0.518040857902309,0.44904197723780953,-0.5814667750897047,0.05995788849371958
2018-05-07,-1.291128699492599,-1.3546834469464468,-0.35479692648518446,0.058042516878066754,0.12515389352966885,-0.17277498672016064,0.20866625192180552,-0.04008749064111663
2018-05-08,4.286401209307581,2.649613571451777,0.025617496403989394,-0.13942182484072657,-0.15542572786559292,-0.014890863460639947,0.008590600433411404,0.02755583021107026
2018-05-09,2.2662224283511754,1.00125845679245,0.2575389161483716,-0.1634131015365984,-0.22920608523131508,-0.06262561773155245,0.04579235967526719,0.08263635187927054
2018-05-10,0.09091044439989923,-1.4576165250075739,0.055682227620764364,0.2943478278633128,-0.023138544346273562,0.15272223726734427,-0.23658058530087558,-0.23023326162439772
2018-05-11,1.7145760491608326,1.474100855147787,-1.1435382054252494,-0.13613796962847605,-0.19220288795962007,-0.6219273635597721,0.3620312451817313,0.7280436597283083
2018-05-14,6.794883566499421,-0.18678156239876803,-0.33677199275171965,0.3954721718500082,-0.5217888459786785,-0.17307594535893156,0.024378039738358323,-0.07218122955788231
2018-05-15,5.215678548357164,3.4834760762191017,-0.1379237458746422,-0.9332677173251388,-0.4612219865252615,-0.6075964599417245,0.613879930553366,0.5780042494697298
2018-05-16,-0.7611863712574678,0.8748152264655339,0.9055322130701626,0.08354332075936498,1.6667613580779006,0.9195170361096274,-0.14532368403226076,-1.1975211389954894
2018-05-17,3.6629852967990746,1.912345013439194,-0.19609287308658765,-0.014228517504364597,-0.10568190341156154,0.14613433240198584,-0.26121732960704136,0.1750649498246833
2018-05-18,-9.575852443621905,-3.7845287903056875,0.9485982550818128,1.3631756204388772,-0.9682629398290217,-0.2747041451185916,-0.49659727953898647,0.616301189837679
2018-05-21,-3.5729929845118704,-1.376968803567182,0.22903546764876737,-0.09957616760418468,0.9152062882879713,0.33116843521562794,0.015627654252099853,-0.618610760985307
2018-05-22,1.691229938764233,1.349087543692118,0.07439470898051785,-0.1501696575099969,-0.3882403164372027,-0.3532422901017857,0.29686206841985985,0.22614746013373005
2018-05-23,-6.3792975042345255,-0.4219644209406474,1.8661174429174576,0.6146834107323398,0.6493458087759633,0.3186530742326654,-0.21733649566848648,-0.2761100912369261
2018-05-24,-6.631251974418831,-1.5478778735273786,0.27559158832196784,-0.9509010447908002,0.06032171624384399,-0.39212804664754886,0.3760691926103326,-0.004593670994413676
2018-05-25,-10.93870140583657,-4.119803448446994,3.166403926489301,1.2875768258112315,0.49968742315233633,-0.04466356186410655,-0.17034972147023314,0.05583528663280338
2018-05-28,-4.944816560744618,-1.9764129670962758,0.6968943973585587,0.6993893116301376,-0.8641088381981392,-1.0158780462251615,0.3233738729427551,0.6015632748648464
2018-05-29,-6.5487775940245285,-2.888730833623961,4.764667263976366,0.4803691088513428,0.5786131420382338,1.7374142802248298,1.609715387847702,-1.176778461248655
2018-05-30,10.342574406828874,2.2573202654760234,-4.263730679652262,0.13470663159080895,-0.07208799700804534,-1.6405640430246087,-1.8853275155495224,0.5265885780964928
2018-05-31,2.0165050248110594,0.5075975629845011,-2.237176684195626,-1.9722153417535506,0.13315871271232613,0.9996926686927045,-0.34028553932338673,-0.09731957862889248
2018-06-01,1.4578321895983077,0.9623139584711952,-0.9319224231217028,0.7175623573899007,-0.09711282562405832,-0.15282294206621888,-0.005529718111062158,0.2888749730721139
2018-06-04,3.8241203063728886,3.192313415995843,-0.5026919767080004,0.12028377020501803,0.2062188032128552,-0.4218540260190203,0.39153601072683253,-0.01894557011772226
2018-06-05,-0.8916037376533559,0.007827843625590122,1.3642560888884099,-0.3000704778108667,0.38594169562622344,0.40812413900913747,-0.22692423309251178,-0.09069834590486188
2018-06-06,13.666596632538814,2.3416854072331894,-3.1279731222986293,-0.1975691195457711,-1.2310169401132682,0.12378260443013751,0.003658915005465988,0.011805867051626371
2018-06-07,-0.8824271968577643,-1.0837218057583602,1.2552904240132374,0.6399212425397336,-1.2601061070942592,-1.0525454332385409,-0.8647496049104979,1.4353839030298141
2018-06-08,-2.4173314322502066,0.007070959953566225,-0.3342907256647423,-1.476646434682754,1.0478814087489765,0.7205639792447824,0.7600492486589496,-1.1682709301392349
2018-06-11,1.9139066628371606,0.539317472157599,-1.1896401716648974,0.5387323029601883,0.5727880084796481,0.0885884979412301,0.2567313517669896,-0.33972978468258724
2018-06-12,-1.4311614261107093,-1.1853615124876018,-0.38866327572719467,0.21588442803795485,-0.38343828191004814,-0.04694744136036824,-0.06365482630840615,0.1553673064839083
2018-06-13,0.18575124753502426,0.5661170144796195,0.07012599854596266,-0.3544098282626458,0.9126191609642106,0.4004523744936654,-0.16418855481477335,-0.2595480070387103
2018-06-14,-13.718735287677193,1.0180214778260912,1.986016710044183,1.4247478353176282,0.34393956650653484,0.2686072771538584,-0.44862197350198074,0.21301453624766603
2018-06-15,-4.99238099206466,0.5888764200064616,2.035181710758031,0.48719350405834516,0.35533405636319315,-0.20030410994022535,-0.24194956214485452,0.1637327295262022
2018-06-18,-2.4253864443950426,-0.29492656315702076,1.8754222049309563,-0.02778163174953573,-0.08101107138976606,-0.10924421663679938,0.1395751651213095,0.2839770507462243
2018-06-19,-6.408935010298806,-2.3660724143148557,0.013235164876103597,-0.02213816712995596,-0.4241394421735866,-0.08354680966791318,-0.2708423718461359,-0.33818311775091836
2018-06-20,3.801919412049155,1.8865524841651844,0.2721775695866214,-0.19716262113850905,0.6710062042788257,-0.32007364044315206,0.5222766761566957,0.12184074800090149
2018-06-21,-5.126329635532879,-2.141980237452309,1.0410799869139684,1.3917734442018546,-0.46256227617217005,-0.46837905368620875,-0.25319988116707925,0.5724275006561022
2018-06-22,1.6627542120014036,0.6272583994203405,-0.7148857151840154,-0.7059805417329227,0.6526219113541016,0.5513787492706477,-0.09378385414148559,-0.5750546701326991
2018-06-25,1.4930694998047118,1.1717450052170812,0.034466954807889916,-0.1278588784518427,-0.01267907272467514,0.013612976334938296,0.17520520151738156,-0.156946053916511
2018-06-26,0.5116170620177172,0.7302395005665028,-0.8445500127163695,-0.7557652142549172,-0.44415576099960125,0.45203884493442803,-0.2888662281548821,0.12789625222504772
2018-06-27,-3.039828269573001,-2.148289790721579,-0.4969303039165159,-0.3795650936977738,-0.4959580871862011,-1.0047779269851658,0.6641392099098455,0.229489708412803
2018-06-28,-1.5696965405637289,-1.3117980373088618,-0.7813109810718526,-0.1618679621392299,-0.1334998745802063,0.2897219023360731,-0.31397510064924883,-0.1397208909553756
2018-06-29,0.19205849132848046,-0.03937862812212383,-0.47828803160560374,-0.14918352430451712,0.02231057157359458,0.3912971928221503,-0.08710043088529108,-0.32871216406745823
2018-07-02,-0.2358080062740756,0.8139710999155624,0.9433230171699826,0.721320276186454,-0.06653404481803878,-0.1952488133385889,-0.10396517443371535,0.14537185637346547
2018-07-03,-3.060413122509688,-1.549614747006285,-1.0237289647809313,0.638815111627329,0.4636335411468078,0.07758458367015725,0.029258173199246257,-0.014949968730458783
2018-07-04,3.298293250845337,0.09332169757127227,0.3186603295843439,-0.33515110993783437,0.23675770894145556,0.20687560790707255,-0.23384603413923624,0.08293385041368576
2018-07-05,-3.3786342842368344,-2.378320077778568,-1.132665184892406,1.2585858475182654,-0.895356417073322,0.08001463186530572,-0.7790413373346805,-0.4690338722691019
2018-07-06,-1.294654212767862,1.4732055324360485,0.1102145408848335,-0.6098953651172281,1.1494726130835906,-0.41999033032087824,1.097906751816119,0.44946524406754684
2018-07-09,2.322572884349122,0.43184634821369877,0.2544904197693467,0.10874931423672705,-0.01879344589230311,0.13900141205141214,-0.14918760546679527,-0.012066753051157706
2018-07-10,1.3843932204856755,0.9045329397862235,-0.1981814918718767,-0.30640553904959966,0.04154422280570615,0.03348154028429234,0.11649836307137722,0.07543628223775738
2018-07-11,-2.0517160987772765,-1.0161221541336771,0.06270820370275534,0.3410928078373729,-0.10476970426983465,0.008760302118747877,0.014208826212280578,-0.04471844955442437
2018-07-12,1.71673067811053,0.5385586756949267,-0.2505529832166593,0.7111713728020669,-0.6429816905050781,0.41683888103174915,-0.7979806779461084,0.09540161428726039
2018-07-13,-2.6549525792598496,0.2876089622183745,0.4087880301450668,-0.7010896315345295,0.7655141235137025,-0.38535427068557343,0.6670981812706275,0.020784942099309933
2018-07-16,2.3475373532543746,0.0746225540994387,-0.2835670614986978,0.46730218607214447,-0.7983474107767808,-0.3028557406557411,-0.13903460214156382,0.4128528983170195
2018-07-17,-0.9445020015502829,0.042522628088231186,-0.03493066448121634,-0.6413036797314613,0.9562514025132764,0.3273261232150563,0.15170293958175998,-0.3489508574058907
2018-07-18,-1.062167620622589,-0.3309251857719775,0.18083479142716555,0.31683786536865166,0.3137288422076728,0.3370682318039469,-0.11114760178966651,-0.35795217511531024
2018-07-19,-2.047625826304354,-1.0155234186378679,0.05194715564864427,0.2970089758944138,-0.3089309798326542,-0.25141751003578766,0.01577867267533511,0.2847461798036079
2018-07-20,5.574809132494686,2.6955513007479115,-0.6385394153811845,-0.43513158553948844,-0.693793374017317,-0.24582465011089025,0.03571192400862484,0.2657582231864879
2018-07-23,5.341518795843767,1.6285382061689262,-0.6518372547190098,-0.31705639384122053,0.0204715616701308,-0.32942512157916,0.3947849565597309,0.2723317693297413
2018-07-24,-3.7472437438481747,-2.225243693614417,-0.10132760425635841,0.4584888701298102,0.25450552805556664,0.3714610753419856,-0.19418140352682917,-0.53304671467895
2018-07-25,1.5853075757459425,1.534406993379703,-0.04227312150676469,-1.2154008812923505,0.7383971186415843,-0.8864251305007762,-0.5934949104205711,0.935778921247124
2018-07-26,2.2579306714285865,0.8772724385231566,-0.5936104139233851,0.055761953847584034,-0.49785739573313403,0.8101412661583268,0.8686316870992905,-0.8657336750889957
2018-07-27,-1.41456832211837,-0.5898832220801368,0.27812102695399843,0.6408432585535012,-0.27981831935017865,-0.0511769370753966,-0.09466995423853371,-0.040137264262317604
2018-07-30,5.507427390693525,0.7316740062283477,-0.07584077315644977,-0.1315514680889637,-0.6853409478333932,0.06771619979665404,-0.07234300362981318,0.11509353650294993
2018-07-31,-0.1348888959145672,-0.14308037452529812,-0.5018457987157502,-0.5773979480673229,0.20211350579764265,0.027008868296202453,0.12436090500267465,0.02296640727452865
2018-08-01,5.249546673763373,1.6111963720386542,-0.4691477254951906,0.02755447934139553,0.19823594101756423,0.00990476797162585,0.285178391453951,-0.19419767660450502
2018-08-02,-2.7914356450509588,-0.5922415225173085,0.5163773257084703,-0.0783405165105869,-0.2151719711155373,-0.8483458735571606,0.3295247966209105,0.4504142589843572
2018-08-03,-5.344690964076399,-2.2276513646170253,0.14333017172489948,0.632228994119344,-0.19500452269596258,0.5730534400017211,-0.43125967400868587,-0.17526374956874588
2018-08-06,-2.3040745567016545,-0.42062816043238704,0.4576614995539111,0.06564582721303995,0.24233679670307232,-0.1809173773102813,-0.03560458987281223,0.047482665556354914
2018-08-07,2.8956754708662347,0.4187830490775134,-0.33288430872218006,0.2591539548327838,0.4753885681150537,0.20147272558410328,0.028978198741801686,-0.3373213705242659
2018-08-08,-1.3539097510991616,0.38756692275727117,1.9127367747101187,-0.11051284081775167,0.2797038583477654,0.1946078938501992,0.07694831211071064,-0.21756060390756513
2018-08-09,-3.0632287683480657,-1.4398674753913374,0.3401479265427224,0.5868916343335208,-0.12269118208646754,-0.30986201345414527,-0.33481989013131686,0.26549076196735955
2018-08-10,-6.721172966989437,-2.459398477252821,0.1388960564270511,0.1262353751711331,-0.6091736079585305,-0.08038683514869631,-0.10450420425702796,0.33566873741770786
2018-08-13,-1.8839546269829148,-0.010535609710003342,0.5910504059421916,-0.08095986996610847,0.5403394918785862,-0.11651002616891705,0.1668892072001595,-0.21267087110292326
2018-08-14,1.4545815362801389,1.1531002227204337,0.04237535372669565,-0.12414024237400131,-0.05386266878298926,-0.02493835595046523,0.18063347252195755,0.0007971481248912916
2018-08-15,-4.436931805148479,-0.5894513204549613,-0.4922971277928939,0.3067023621323955,0.2584156841797064,-0.05785384118498386,-0.23551102749770492,-0.01673028749721304
2018-08-16,0.7354315374335283,-0.19349036324913144,-0.5245816944822044,0.2612102822540493,-0.8425378245186324,-0.23938043066177347,-0.19735936365750226,0.37843356414973384
2018-08-17,-1.0522025872857423,0.1843994016006407,0.25302373536437334,-0.38406168930310475,0.8645454738733673,0.3001940455777448,0.27505115910863953,-0.4010994594474487
2018-08-20,-0.6579531398085744,-0.2845405422303358,-0.10155016786368683,0.0010179541847841595,-0.1358824219245989,-0.15389323252639642,0.004708905077395503,0.2237345604515565
2018-08-21,3.0628028941595304,0.5014415304870178,-0.2990538095390763,0.21961013636470716,-0.1919236641219255,-0.524082271530956,0.29446627502430417,0.41680606950194476
2018-08-22,-1.7916581427029132,-0.9864659579405906,-0.0428744487771926,0.24517672256201004,0.6683953826667726,0.5997320430809373,-0.3298202000506753,-0.816570091002145
2018-08-23,1.738135862407215,1.239974498743828,-0.09965653655371488,-0.3032246291451195,-0.5466005851148545,-0.4786025127200547,0.36367052141784223,0.6699018830215828
2018-08-24,0.7009568612112331,-0.3310879916994102,-0.5614011948047752,0.259827577403568,-0.09765746507476052,0.3520149214777584,-0.49144855807054677,-0.10668202535399515
2018-08-27,2.9251418426695324,1.982945186950731,-0.07002806114100411,-0.4333660746582259,-0.12626192965813668,-0.24615220670800375,0.18128477510271931,0.08065284704772085
2018-08-28,0.4711258238303866,0.5044724269024494,0.08262426346634051,0.06779507850379123,0.8824772730216948,0.8314485372302277,-0.22936754363920353,-0.5518382391992516
2018-08-29,3.531863803722011,0.8795691134487613,-0.4423608294918235,-0.2318533727903836,-0.4199256612994902,-0.922157712841947,0.6023617302017112,0.6165474348891774
2018-08-30,-4.786953159348191,-1.6451079225829566,1.1337058357770864,-0.11492164689508451,-0.09014408857739414,0.8740808148356977,-0.6945909210527763,-0.4629043348348105
2018-08-31,-2.668165585518658,-0.9218976747894595,-0.5104840051727285,1.0092431319683286,0.3762665172144285,-0.0669531233580758,-0.04592245791160003,-0.06184951283294299
2018-09-03,-1.0790126866207306,-0.10266688644797461,0.27420202541333966,0.1561875000024203,-0.08591705373530466,0.17206635450459362,-0.356818681828413,0.05398431397363385
2018-09-04,1.2944402963570523,0.6037067414621132,-0.32322457219214557,-0.20539409775157697,0.043777859541269976,-0.2562788460966958,0.4099636020834935,0.11265280378842416
2018-09-05,3.1967905475995577,1.1857302560618037,-0.9913295954604993,-0.7946596257590025,-0.30610831572462327,-0.09885627407697532,0.09831779376723947,0.03591523950807816
2018-09-06,-2.6226566261877515,-0.7527058574952601,0.5767238992624729,0.4608740453881129,0.4076897987932013,0.21465081120796842,0.01286815372001876,-0.314295242434057
2018-09-07,3.6984645349410994,1.812300282986809,-0.4522251919904786,-0.3001652193863796,-0.09246477242700105,0.17833000418093758,-0.08346422032058906,0.06989227463974915
2018-09-10,2.1190690876708644,0.8302621989194816,0.42670738514522033,0.37562850243372686,-0.06181808950134984,-0.7975747308536271,0.48010152396468353,0.336267900049501
2018-09-11,2.9159509683006086,2.5071332555657038,-0.42927894176479614,-0.6539508791228555,-0.2232313775212564,0.6315693967405279,-0.30952428424821476,-0.3276751162860544
2018-09-12,-2.5579692343888607,-1.078844645902848,0.07355310640815965,-0.02284110183434593,0.42102517983768584,0.12185393189886962,0.01455567949442926,-0.06611002799959631
2018-09-13,0.7856060343477501,0.029828473074730123,-0.5106033902027158,-0.06865470564768941,-0.5571667370281398,-0.22465952972885625,-0.009367145157646792,0.381670422525213
2018-09-14,2.16333430985144,0.2700351748319328,0.05757199441511888,0.5543572603527738,0.08676036319517501,-0.2994060794873019,0.20988380915877955,-0.10556486331897126
2018-09-17,2.706236537639635,0.6901705843796975,-1.1610948134301429,-0.7962948567419773,0.17751094562187367,0.41390686166411916,-0.08410183943971013,-0.3197024287849814
2018-09-18,2.0286096063000585,0.6683705693250152,0.22714226380385558,0.1695626013370023,0.3553739374450126,-0.3781536540807748,0.5164094905676976,0.012945624573759976
2018-09-19,1.7372018689007505,1.5341204396115717,-0.8475688067869407,0.05835617231242502,-0.62289204053507,0.18470147151482277,-0.3582429189826135,0.1777512190209726
2018-09-20,-0.44688687576717057,-1.6819626786235735,0.9740471852808845,0.7925397242370964,0.917727770903908,-0.3223355960883432,0.22266956144178954,-0.1545139165396493
2018-09-21,-1.5044511195784152,0.03795770799193907,-0.2719160290296427,-0.22407927008133072,-0.42424782726735594,0.36507946539935204,-0.341373836623139,0.0058303853372613105
2018-09-24,8.403613369404429,0.14914586167245053,-2.9435800022243748,-0.529479497839362,-0.6479332450983223,0.10230731576769873,-0.07703250340261095,0.14467159908866037
2018-09-25,6.005681480261629,1.3674392203173618,0.24003431786805432,-0.868133159767673,0.43346761452247945,-0.11477053425138889,0.5461493444637663,-0.2021587309157333
2018-09-26,-4.362409169645723,-2.3448509140462233,0.14274299429024823,0.6092284101585842,-0.0831186920457225,-0.02162634301282894,-0.10617686452508261,-0.07618774916760064
2018-09-27,1.477167918617512,-1.9167819158255208,-1.0881335768704796,0.542608137627832,-0.4296303848326734,-1.1760773692001243,-1.5687983511927568,1.862913029668793
2018-09-28,-5.454047902433592,-0.649697355491693,0.6831173050509101,-0.022676088293516125,-0.26448169486989187,0.8630859060543742,1.477012406446864,-1.4600139770370788
2018-10-01,2.1565853260972716,2.0241870429002136,0.6294976851938818,0.18674068256801105,0.3794227346989232,0.12340436496596822,-0.15922291225923535,-0.10780618145247337
2018-10-02,-4.544856166221752,-1.5586789208414893,0.1271420880381178,0.5252983721466931,-1.9569537226693454,-0.8903609418698463,-0.12552650131674092,1.556303328081202
2018-10-03,7.182226708295155,3.1723564638030783,-0.7169750843908854,-0.6898111503031573,2.3794602456219587,3.4003021308292096,2.105275192819219,-2.2052195795640275
2018-10-04,4.985605024880224,0.4487856447537822,-2.1636280134636627,-1.3142396940407914,-0.8248213235345345,-1.9606574773259284,-1.9873091718750753,0.2926283728337552
2018-10-05,6.556649907199327,2.608098404399301,0.4927912042415237,0.35448331185105963,0.5209592552204328,-0.7916240057667343,0.6338709788306766,0.12638503627208414
2018-10-08,-3.5652042970012445,-0.8310340270447,0.5530324463326516,0.9558289613745992,-0.04875382907764035,0.8320087533623935,-0.9503717900540686,-0.11878532235048746
2018-10-09,-0.2945040021925066,-0.06729810505307558,-0.1803321822259211,-0.1118374242373641,-0.8102244988344037,-0.7108032432861124,0.3343989141961757,0.4649523183830281
2018-10-10,1.8521940101466903,0.4725459586842409,-0.004454159665191345,-0.13034355168977427,0.43480702912246677,-0.3843855744308869,0.6143816309741987,-0.018719216081803366
2018-10-11,-3.4832973253575066,-0.5166555992247207,-0.06197114325640238,-0.6654668844429852,0.48709900888003715,0.5219154188316029,-0.2960207123225629,-0.39474971180808777
2018-10-12,-3.6890150443339413,-0.8885958069277641,0.832087849298533,0.3202642603298608,-0.28493909074193746,-0.7161305745633513,0.4534886106105492,0.43456831877878865
2018-10-15,0.25185132821899653,2.0895192342819,0.5749543289652793,-0.27033137818354436,0.2366922683967764,0.4845854208030543,-0.2781588219722716,-0.4962141679072509
2018-10-16,-3.8794604600268943,-1.3132649914775218,0.4975913820261767,0.10966297984451435,0.26847964092638493,-0.2421892202667127,0.22538228249496078,-0.006136394805409561
2018-10-17,-4.9638978215297875,-0.8396118443089516,0.6404454900371742,0.04169454116995023,-0.05341429516831481,0.09887138423971609,-0.1677577172999232,-0.01728084826588268
2018-10-18,-4.864766540750203,0.06440699586614199,0.6122967680750014,0.8758825303449908,-0.18757067934829222,0.5902037170033984,-0.267951623249933,-0.5450277180081194
2018-10-19,3.5984584258239765,-1.1851132044248458,-1.3730504828131365,-1.035367853529288,-0.2023833869526396,-0.7652028793486744,0.26399862074742797,0.5294596843943445
2018-10-22,0.6920879065930229,-0.17834921424049552,-0.3259045422441423,0.5420677156534556,-0.3811926358764304,0.299091171737928,-0.32059303574470965,0.11487905566081003
2018-10-23,-5.14678041910302,-2.332135117737017,1.1196741995030937,-0.639752765087693,-0.16606295066206453,-0.36443365935194055,0.3416485799924035,0.3542855494010248
2018-10-24,-2.361922735776996,1.1647174689148108,1.0375362322351545,-0.1378163972359883,0.6347682456684738,0.45576014069021914,-0.2628350896987098,-0.5392769421127754
2018-10-25,0.7422355129314137,-0.32348116520776765,-0.5917074820582301,0.2358298031980927,-0.20759883113018077,0.3002963390836853,-0.40975251132618684,0.05240186792354887
2018-10-26,-6.062395235492303,-2.070792170991243,0.020913110040976644,1.0166888611204112,0.6041402569983497,-0.35073059568174675,0.25797142870475975,0.06815278519569606
2018-10-29,1.6494011450314014,1.6558508906818887,0.3307175139360261,-0.2007100726650067,0.010262240710382117,-0.277005811657177,0.1961449376288869,0.049708638100109975
2018-10-30,-0.8161933468693592,-0.39793143461166225,-0.1064720535994562,0.04601803100011924,0.09764881812893446,0.11037026026917383,-0.039802240596047214,-0.08237005357300725
2018-10-31,0.9293550185420661,0.1421602609063839,-0.6193940313338377,-0.3457261781056295,-0.19643522842992853,-0.03527305021127298,0.009727564745388452,0.07466109583948763
2018-11-01,2.2417334364162254,0.9436198980941471,-0.2260721594164506,0.29446096876699174,-0.7345968764647244,-0.226533311822952,-0.15950225007668165,0.4001553092987467
2018-11-02,2.123413677842631,1.6479573668341498,-0.2048386946672308,-0.4668953055580795,0.19479778772343884,0.23975151046597137,-0.2710864726143338,-0.1887826435815499
2018-11-05,-2.4128485085699642,-0.6033130167064126,0.14072556574529407,0.4663875208613507,-0.6970400452642577,0.19976902292777515,0.08802032475344741,-0.35353862246804685
2018-11-06,0.7665764804456658,0.5465496821303315,0.20067174021365214,-0.752520080584521,0.6971652639882683,-0.8584107065457187,0.8435658504593857,0.4033242466965636
2018-11-07,3.1732683595519138,-0.20290938436729872,-0.5346033808306662,0.901970251430185,-0.030284928439322647,0.1993286717147214,-0.34902842170587683,-0.09996500566690603
2018-11-08,0.3521932676620209,0.3995227760153273,-0.1976883825595518,-0.40086282034537424,0.360420801883222,0.1375258398462577,0.07356403759267913,-0.25053108648575073
2018-11-09,-4.889190262815252,-1.8861753897110394,0.5896137647882641,0.318669103191638,0.4637040475748648,-0.02279179034638678,0.11049090402745747,-0.031034032807121015
2018-11-12,-2.2326031156448938,-0.21517374300899245,0.2770721365956041,0.6208743310927558,-0.9138898209254452,0.10470928730520099,-0.5859960076061705,0.5186682026579424
2018-11-13,-0.8453425137290267,0.22924628218144297,0.12222034634960947,0.2627869471184812,-0.683038445244859,0.08073760284287718,0.27107434974028993,-0.20931298894408076
2018-11-14,-1.4823697228877506,-0.6461828872355849,1.066724324238296,-1.0753157155155222,1.4254254981194523,0.3192239531663499,-0.15949878169562964,-0.39295514874670406
2018-11-15,-4.537262032961589,0.11091578176875197,0.27800378933943887,0.8979529736239383,-0.307880162595756,-0.43015085865453623,-0.1696227768324894,0.41355062320893243
2018-11-16,1.6013112642446605,1.5788342721426532,0.2635399634605737,-0.0237703626726163,-0.12651469543632818,0.029951159940691308,0.3055011041815178,-0.3294299061516224
2018-11-19,-0.8338667555263297,-1.9739694167293933,0.6509300525515289,-0.24943884162119576,0.7137229851939397,0.052953681079597324,0.03908375182424846,0.011289825119893489
2018-11-20,-3.1985193415842703,-0.6766416589661179,-1.2059396622162997,0.11053931080301906,-0.052194304649189546,0.12490318030419428,-0.2109214654287565,-0.03871811793586172
2018-11-21,-0.1658448395872372,0.3197212440686813,0.24583845123081727,0.199609093260565,-0.3330281720165344,-0.33695104191905567,0.10552182138616376,0.23005665049632626
2018-11-22,-0.3107427514586593,-0.1577161658273021,-0.19739710588545856,-0.11736008689725022,0.02994165337056108,-0.03924310148778242,-0.06032637924677806,0.15101136654808694
2018-11-23,-4.193357335300975,-0.9983094644722635,0.10729156940526385,-0.11344125735654485,0.058010675584475105,0.4912720694477635,-0.28227358379156253,-0.3226568457342313
2018-11-26,1.4048933730558457,0.8275150836226032,-0.4842117703242062,-0.07317983575752979,-0.7022610198650296,0.05600631563136599,-0.3994297460500012,0.391038922275013
2018-11-27,-1.906523774496848,0.5617268935986108,0.8662996204154757,0.11430125612790142,0.38087297362957107,0.11542716349751996,0.02099945196093591,-0.2693186634623242
2018-11-28,1.3494367799193379,0.5453497460830119,0.095316902399463,-0.44752576770261343,0.8226132162370495,-0.40201605942656005,0.6118923402887921,-0.14105189234021498
2018-11-29,-5.137763915570743,-0.7195958793605896,0.7161834749126379,-0.10908936891816483,-0.35210487840426485,-0.2472603783037279,0.14264680153788306,0.47832029452516994
2018-11-30,-2.172663072639561,-0.9272608444287586,0.39257374401372647,0.7107081116346912,0.21449207468584658,0.2553898178463389,-0.3029481317858593,-0.37819410403111303
2018-12-03,-0.4964821447085299,0.09950783625570021,-0.11132126149664204,-0.4697743199222266,-0.20293533060121768,-0.5327589639646949,0.3155844391452081,0.45289430471698494
2018-12-04,-9.079266291530569,-3.4732061126391307,0.40240614376297146,0.28985935935852153,-0.5912529500279005,-0.2633451000338392,0.008823040310940859,-0.040152544345397376
2018-12-05,8.256402601657454,0.6450177277032093,-0.44427080098643923,0.13771940546646774,0.729989577122697,0.9280240784436343,-0.518662874719393,-0.5823926080776206
2018-12-06,-3.2494827764302747,-0.7826737205930537,-0.20011917250653374,-0.5631272653406177,-0.12596032228169973,-0.0009716873714211825,-0.0416238838721313,-0.05898725931170305
2018-12-07,-0.11480109313427643,-0.6993942654116564,-0.3396787305029459,0.5715132040608814,-1.263803518266213,-0.5101672387658636,0.2357452396439049,0.5311386025459656
2018-12-10,-0.08281162654515867,0.384734217758618,0.3514631834420114,-0.5260217777769912,0.828515135021891,-0.592215557951165,0.4161191045039934,-0.21002124508065542
2018-12-11,1.268252881789789,1.036352379165448,0.11412404859001819,-0.013352614587159127,0.3793691891997476,0.2942981315978368,-0.10592406775312227,-0.3074443127689934
2018-12-12,4.730414668529956,0.4729503269809773,0.2604724813096291,0.3401853913311097,-0.6544408526053243,0.6286082445467432,0.22589011224104913,1.2063191431382263
2018-12-13,-2.6365499489617297,0.10303829553089655,0.16375745211693282,-0.5009849352595324,-0.3024603168191111,-0.5669815633202865,-0.5415932672441737,-0.7840878691011632
2018-12-14,-2.9667402118159485,-0.4620542217109014,0.8479876136801194,0.23903532112679912,0.17400652064546257,-0.37501654949968155,0.266929729938712,0.3013905013468652
2018-12-17,-0.18394128306484034,1.327207733152236,-0.7565041267747245,0.42617742851544976,-0.08077092172338492,0.34882020219098187,-0.10361671952356537,-0.2952668593117233
2018-12-18,-3.2429125187036987,-0.5692219832863543,0.6002521272755986,-0.28849558490581567,1.4622371525821825,0.9766863340901762,0.46844099978017534,0.8679031325433599
2018-12-19,-3.608248836277913,-1.0207146158197764,-0.014251064840948648,0.2281860555856535,-0.009770788798631106,1.163217961852952,-0.15127950063901818,0.3759125220606538
2018-12-20,-2.9480091217380453,-1.1979240816724637,-0.12341358315976743,-0.6209653216920815,-0.29007287966938405,-1.5506472975726862,-0.17542002612065902,-1.0308529645019116
2018-12-21,-0.06145689965486214,2.3664570027653324,0.12672311485984242,0.1755984432741498,-0.6201664761315376,-0.4313325482964292,0.06605249628170984,-0.7020896981728609
2018-12-24,1.8215141124087622,0.22820227246394745,1.0743729850630228,0.2728400400953326,1.2647610282407311,0.7848207383170814,-0.010631251778799386,1.0201848911208646
2018-12-25,-0.19758530366641436,-0.17192955244660604,-0.1272419288387906,0.19804650047589784,-0.1277929511413792,0.1584614163281281,-0.0009806333556806493,0.15206400342879975
2018-12-26,-0.2007080523181631,0.053151080001510614,-0.030060814895986627,0.014499501737868853,0.007806995443771563,-0.008238474190013447,0.0029307847145652994,0.0007240236457191144
2018-12-27,-4.477570934722201,0.5347218882964434,0.34968795237589356,-0.8837749405983981,-0.943195455630437,-0.3781024169980562,-0.05956381879018285,-0.2742610088703266
2018-12-28,-1.0664623674020026,-0.6787363653924668,0.844488479970799,0.9160181577977585,0.6400393964843566,-0.07279490903630824,0.4175528160392411,-0.23977775544741756
2018-12-31,-0.4771118358027544,-0.04321584324886838,0.08966378406490746,0.09143099613309673,0.07857614854062529,-0.08469489169064494,-0.18512874408238425,0.3640994314184831
2019-01-01,-0.23876500803316222,0.014210406036615487,-0.04926950200394205,0.0147405565652817,-0.0013713672614324498,0.0325198577173402,0.044367190987856894,0.05732614850304103
2019-01-02,-13.046662369017007,-3.6441737433451005,1.2488616303503404,0.12587444147722637,-0.1542430535247261,0.009036456133220273,-0.30243708746035947,0.056326783013274324
2019-01-03,-0.46432301946588084,-0.7902745855185491,0.3154930403657206,0.400256196660069,0.5276650309647127,-0.3443002475348729,0.2557241215945299,0.8251209168373053
2019-01-04,10.222850742114446,3.4449204197731067,-1.0271907916299574,0.14253512176452957,0.22807486351710435,0.43628090335184566,-0.5694848756480193,-1.0380186756550946
2019-01-07,1.9180920225060627,-1.8989992409168357,-0.472735013054253,0.061321777195597456,-0.969117638420319,-0.5317320876776646,-0.6743253986597026,-0.5904945101788094
2019-01-08,4.122314539001049,0.6923886430018338,-0.8784117877538289,-0.32635598902990137,-0.039919244842906994,-0.33747657042622076,0.3785968428422307,0.188257138063917
2019-01-09,-0.11497583280727858,0.6399833141945964,0.6423100952623743,0.559670408313712,0.24929835622698832,0.31095374983722857,0.0014253949047157378,-0.3849960015473018
2019-01-10,-0.451064361408439,0.24604902281544586,0.41938968964745676,0.3697214268860911,0.11681376195557874,0.02025554680168038,-0.13144297178338027,0.034973683548752355
2019-01-11,-4.19572778065033,-1.332200555039278,0.7202395590365324,0.30959881685914625,0.24101058393589755,-0.2847506303540866,0.1889332442938254,0.07244681957996973
2019-01-14,-3.0660306052752686,0.6605109718061146,-0.016419292178820568,0.5156960942645596,0.15634021065247214,-0.07842338086975502,-0.04570176316109286,0.018141026296225007
2019-01-15,-2.708774720038235,1.847345464832893,1.1189400785184744,-0.3947952817371768,0.6326099180689811,1.114358542757028,-0.11326333683232254,0.09579767090145529
2019-01-16,0.8936354703697859,0.26492029008560336,0.06782108253903617,0.401824679143607,-0.005738149821511763,0.04455893046323603,0.5555179527008064,0.9283773974831625
2019-01-17,2.237909760225831,-1.237350070765485,-0.4012403315051571,-0.3078467164729515,-0.7220223234813232,0.2578924566788971,-0.3207198222725013,0.18386987736964014
2019-01-18,3.8204804342778678,-1.0233977009782793,-1.661552441015786,-0.19667297055156385,-0.15434511538603957,-0.9519579260964027,-0.3732832069401012,-1.1760896658637294
2019-01-21,-0.8576635841631208,1.2560586612998788,0.4222534497008226,0.6702432024327443,0.7444125551558861,0.7894679398922897,0.3470194194282468,0.8904512418808884
2019-01-22,-7.227433458997868,-3.1990316114046458,-0.10507108201195543,-1.3278080520824544,-0.7178865709947497,-0.7475264821048765,-0.1613386926413119,-0.9691519062631786
2019-01-23,-1.0486876615031522,-1.207891251684222,-0.2548910233178293,0.30437318443510625,0.13887703574860855,0.056457645775436154,-0.13009575466969545,0.14757919712950118
2019-01-24,-7.404891247813505,-2.8571949890424064,1.4072801201777234,1.4273410263275654,0.9096215657226013,1.2385853453477875,0.42131915732940983,1.2355001654731723
2019-01-25,2.438494109926399,-1.5502563230140758,-1.8049347109321827,-0.07527191271666536,-1.134395213310656,-0.7750289023010091,0.15971481197878046,0.49900679029860967
2019-01-28,0.741388377656678,2.1261666029076527,0.10904636460599045,-0.8770240905789888,0.38214797686473095,0.2620239592377681,-0.3665125867709524,-1.1088860327904306
2019-01-29,-6.426211790089241,-3.06648628985199,0.2060430210675472,0.06752056359670086,-0.751342715904288,-1.5795167216550954,0.07964732126805864,0.17764376555406838
2019-01-30,-2.859450597369808,-2.7834052820244874,-0.9019796185493995,0.6511701339794614,0.27863252503599784,1.4447483595278936,-0.13464654932937567,-1.40519185604971
2019-01-31,-7.009582668401808,-0.6737895740662964,1.5220522967514192,-0.3173213570266629,1.0383529261093192,0.3880873675703052,0.22730393792389803,1.7050658773583875
2019-02-01,8.662830218687969,3.592286179595733,-0.18586968598153203,0.33194824181815846,0.24841281467293472,0.11000874704889653,-0.34862393021374677,-0.12255482764785734
2019-02-04,0.52709521257381,-0.47511590464618225,-0.4911446825828329,0.3738096444813545,-0.18688058936357535,0.30846737202891356,-0.2849432038473364,-0.08025132338355985
2019-02-05,-0.18334713914074685,-1.0345259490412428,-0.3656998736739241,-0.21567097427989013,0.25373802311428184,-0.7350639715293473,0.3242162796877424,-0.14975358314344525
2019-02-06,-2.6646081861134983,-0.7669653146132976,0.09875669496250991,0.3636786553090422,-0.3813092306411611,0.2882086629954042,-0.38786966019603686,0.4640466623567649
2019-02-07,-7.534444765391659,-2.3207573398763053,2.4519247390346623,0.3748512602861393,1.0257631423675526,1.018493219517907,0.0633169554542979,0.036776485434178365
2019-02-08,-4.64760816496344,-2.4948347952957834,-1.0847843069945295,0.6529771842199587,-0.7277642464993084,-1.449718063668308,-0.0023900863315265823,-0.1167289503643831
2019-02-11,4.383648912990948,2.948393785825217,0.012156481620240085,-0.5441375187115423,-0.09803979662973694,-0.1390776212504957,0.32754307047641007,0.5142293365602875
2019-02-12,1.7342700650943037,1.0837580164844067,-0.2555164246474526,-0.3859260119005956,0.03504544739019606,0.024136469252423267,0.151956679985745,-0.13543550036368726
2019-02-13,0.6639555137523672,-0.3019610416325218,-0.5173403894858296,0.3108045601510457,-0.21959881411032298,0.27425817655797163,-0.41108477706755153,-0.29607149826210605
2019-02-14,-3.040388583109715,-2.200405715956585,-0.5781517980154005,-0.04478238533215988,0.3977507756680001,0.36868826753468736,-0.32846906842783286,0.09983204298621598
2019-02-15,0.39362261005591603,0.7472130523066156,0.3936436455690146,0.29944056524062584,0.2777737000288991,0.3423964347672351,0.026010042553356486,-0.08856567210652612
2019-02-18,0.12989411872785844,0.6661741129290367,-0.2055610965939123,-1.0743383886677786,-0.02744120365835163,-1.2618620796923001,0.04336416307047555,-1.0161767715369643
2019-02-19,-2.8668011253408907,-0.8126112326338163,-0.14339861352810726,0.21031385576192652,-0.4485543485608478,0.503993582968997,-0.496662824084644,-0.03047686614658115
2019-02-20,-2.5726517623602274,-1.6625838852797425,-0.35512980454184406,0.11868293768719686,-0.28883584083068037,0.0015426323358999582,0.19047826092465536,0.10243848061745248
2019-02-21,4.413959664109601,1.0174839817688501,-0.6518183387900567,-0.2342561762391387,0.4090745566539353,-0.16619483999857534,0.02166488246840206,0.011916882348501563
2019-02-22,-3.603041479041909,-0.4385033954223485,1.0887579257728606,0.6757365951082388,0.6938059049061155,1.0601595134719457,0.32575031224464995,0.7441162827490699
2019-02-25,0.7525457741440155,-0.5397499040297613,-0.5919224314200667,0.08383825615003293,-0.6642889185477349,-1.0330871626092002,-0.4919809754785636,-0.7326338864823727
2019-02-26,1.0490654356364735,-0.022129909848283502,1.2030821743267788,-0.1309647954808586,-0.43101549777605885,-0.6636968943092026,0.6023704926869397,0.6403165683048431
2019-02-27,6.065838321048854,2.5538864352133324,-1.0933373019152635,-0.8017515160371189,0.5229130578581166,0.7874756734645366,-0.4173010008991456,-0.6114904876278004
2019-02-28,5.948589501594706,2.304719170837748,0.390577303248749,1.238885191828846,0.10947951862566803,0.5666136505756038,0.05709812468221651,0.6145624496150724
2019-03-01,2.6707361257071867,0.6683866790736301,-0.3674615962116616,-0.5583997083981231,0.767519671720398,-0.3735790864790432,0.3180378482627102,-0.42859068950855983
2019-03-04,-5.987544746451058,-1.6030115858094138,0.7030819759895623,0.5196443861510504,0.03454466301831431,0.6896812399045676,-0.16149871917293146,0.49279383759176065
2019-03-05,-1.617521703028576,0.8487037695364468,-0.3315887982829774,0.8739537536242213,-0.9799143474794058,-0.29654981324762525,0.14551539087370544,1.3758992895935385
2019-03-06,-7.425983432897785,-1.9588267140819238,0.7985891017014006,-0.04459409864738584,1.182857409326529,0.7264707858401488,-0.505792430977003,-1.1559296889658692
2019-03-07,-14.329001278724494,-3.446323902711564,-0.1140566472822798,-1.4375655518960542,-0.35100044204268693,-2.169949973394675,0.6906819682988297,-0.1564894003756575
2019-03-08,-3.10987261148869,-3.8080966611231153,-1.2411954413943356,1.2678171129858675,0.13663075266921018,2.3019667197088336,-0.38732556100593657,0.681849355314126
2019-03-11,1.9305053035216588,0.6190533344329392,-1.025736835127083,-1.1649528277961483,-0.18242508181204972,-0.9879112876137464,-0.3889309211798599,-1.2585230030681855
2019-03-12,-0.005823525650167138,1.3097180797620744,1.457817797926789,1.2498265038958125,0.5229482956339517,1.087341773928923,0.27710721516702236,1.1198328089639928
2019-03-13,3.56754053747108,0.3780921228845192,-0.24327055868453415,-1.658230681798873,0.31309157492837036,-0.9027798928779776,-0.1512105869433834,-1.9776765009610195
2019-03-14,-1.399274716330471,-0.2614304261299679,-0.7703584853011476,0.5904031874787922,-0.2923617376648831,-0.5888058298355356,0.4261442674150736,0.7277050118045526
2019-03-15,-1.2562686696322085,-0.24339183501930206,0.4142705898287125,0.47954111760321777,-0.06912939962141718,-0.07594988894443257,-0.05417952306776527,0.02058225082247565
2019-03-18,-1.6819344588529266,-1.4946957701549353,0.4416731962582594,-0.40662124659637516,-0.21568002944846548,0.3756370229903522,-0.19694753597446382,0.055538331773213566
2019-03-19,3.787643808843618,1.6567881567523999,-0.5147103039578488,-0.10630115992885619,-0.3646418924693511,0.047633013129548644,-0.21919258593094545,-0.026498054531014042
2019-03-20,-6.031772429135438,-3.292746127730971,0.3302440298262335,1.046338574690541,-0.07318488778015539,0.10006158926726245,-0.24362604800060803,-0.007630283437363324
2019-03-21,-1.3943174494742792,-0.4618671283267537,-0.3205940318060887,-0.7683905349001857,0.6595308829268254,0.35209547968178,0.4583929530277241,0.5581252453184621
2019-03-22,-12.60046367258625,-7.50864084377717,-1.6917715117230103,-0.5308270481697642,-1.7376532123157442,-0.950085161446811,0.08249761971870974,0.370403036738287
2019-03-25,-3.6576761566152003,-1.968257779634019,-0.47305404844349647,-0.5806391961959091,0.7100039546828231,0.30129802441459763,0.24963929588368713,-0.7949430991490327
2019-03-26,3.211740545253034,1.6427122743669695,-0.01877220550263143,0.500693627474435,0.0985405550364196,1.2110618169486291,0.14611921612318687,1.0089645267017529
2019-03-27,-14.680741188863726,-0.16777712883454568,2.094172709931337,0.1817570270567442,-0.7701596043065728,-0.6804157126714127,-0.21240776912929982,0.5355725819086556
2019-03-28,6.563796820364568,0.6616762060618944,-1.0553750625336429,-0.041834333808973063,0.7161130010617658,-0.7376098079036233,-0.32619369448181595,-1.5660322841841394
2019-03-29,2.5640086943090994,3.0629308734202816,1.6672715892341856,1.03627898365167,0.8534364742407303,1.06101270792262,0.0685385559124659,0.6409619643952044
2019-04-01,5.399478403190633,3.3600908417899316,-0.2794899920455768,-0.930444550931204,-0.03851595525473705,-0.3647522334975216,0.1766754821856017,-0.277649470268759
2019-04-02,-2.542671201910793,-0.6755235257579261,-0.3492003775174706,1.0465756281276175,0.2976861475421524,-0.20315198236868073,-0.0029838185682470268,0.12382785280558808
2019-04-03,7.636693913344536,4.494446856327059,1.3288805628245872,-0.12151128333493788,-0.14849766730453226,0.9396142340208048,-0.16317098889079823,0.6043430681000311
2019-04-04,-3.68753399184757,-3.4708065342949026,-1.8329649235847816,-1.0299538775240025,-1.004408288851047,-1.3968236002705487,-0.17636689758173935,-1.0516663129118777
2019-04-05,0.9779340759825076,1.6818992196820897,-0.09649213420040104,0.901437712502576,0.8063218042152976,0.6502938614513177,0.37120287560447573,0.5664047208078353
2019-04-08,-0.21503943543303852,-0.9101903960282738,-0.06708603059053149,-1.085838658496757,-0.9832969511138342,-0.8109442561999339,-0.17150049322873082,-0.6645601280322213
2019-04-09,-2.5322921609759077,-0.49987394986333755,0.47098992853272303,-0.06543056804665348,0.3892036410180443,-0.11505476006186927,0.2961946061568183,-0.08623233265891476
2019-04-10,-8.268019893376213,-0.004292138865345504,0.3088127337199796,0.058729535409788855,0.1584771797887843,-0.00493202536067382,-0.34110665422178127,-0.1273937403698603
2019-04-11,3.9187201261097555,0.11081783190844657,-0.2649765692047167,0.6646760369871045,0.016821812016560102,-0.09767518321192567,0.18823220354476383,0.18444740873434598
2019-04-12,10.976333108488534,4.320405792815054,-0.7230554708147625,-0.8668038229039668,-0.03535765363251479,0.3258911798230706,0.09253594291663353,0.08388690869479615
2019-04-15,1.2584482733384996,1.6474280306806448,1.5521528014036086,0.6888540301136531,0.09396826909915146,1.004186113334414,0.1382886513748597,1.3745292506396598
2019-04-16,2.5452364745178024,0.8740611495610447,-0.2549649277829785,0.2439360921601307,-0.17206817103790079,-0.15180239777102975,-0.36641208932942726,-0.6777245521059349
2019-04-17,1.3052950282230849,0.7290301408931564,-0.3317046422335683,-0.3433353816880741,0.35108591254560106,0.48240252399109035,0.14533575367673116,-0.08447711996931247
2019-04-18,-10.204005663553332,-4.386981684504959,-0.2986660163925975,0.49264367874866366,0.6755127206936578,-0.9102130082942493,0.42021540191170437,-0.23373680224901916
2019-04-19,-0.6729507794837505,-0.5656472811189588,-0.4810169420004584,-0.33703636136068266,-0.38491576097168523,-0.6561571920645519,-0.10249830195582914,-0.4139944140941558
2019-04-22,-0.13477170236342556,0.7821093208631664,0.33038347837984167,0.34103546893100734,0.327467326984766,1.0705832970727382,-0.09886910618357903,0.2820140784118983
2019-04-23,3.033006125015,0.6721281822830624,0.6473870072240838,-0.019135833730893365,-0.5511328772499547,0.3424068000393211,0.10426755362266216,0.9117992391572398
2019-04-24,-9.964680237828999,-4.846947538361436,-0.035621746446556794,0.4294560168074004,-0.36912434355970175,-0.07239691176905601,-0.2689230701287212,-0.19691908830460148
2019-04-25,1.6930572606474068,0.28393267901619623,-0.3984981440074423,-0.5818805063349092,0.3880357655742559,-0.9790523562423675,-0.12796351559311203,-1.0309206750657316
2019-04-26,-0.6260607476512658,0.276807823224803,0.5400466586622542,0.5993809323483923,0.5311458645397602,1.0222893278356382,0.07775771713571249,0.6726419755070977
2019-04-29,2.607810677382331,-0.42023030606454825,-1.049842008407003,-0.38667790576047695,-0.6656479943496207,-1.4908371292989617,0.15918156486769483,-0.322046655962736
2019-04-30,0.26136983124534235,1.43728038714033,0.4317211977282693,0.34951357331763433,0.02724469173592806,1.1082900440284429,-0.13505112617257242,0.22442085316455387
2019-05-01,-0.21497626054074234,0.01737268908601992,-0.019720221230987246,0.05700429903485728,-0.03561803925464326,0.027473902051100868,0.14944964314200873,-0.028837031423180125
2019-05-02,1.505688803729941,0.5918115322967449,0.2264429161209846,0.013804673247404206,0.5817099845692314,-0.33265698011294387,0.1954792083884385,0.024664295538317706
2019-05-03,0.6115437411287936,1.5707887454818728,0.1845728476614676,0.11153279221994358,0.06748342317716738,1.335656788836491,-0.16507588466773296,0.6516448151587036
2019-05-06,-3.7725193920525633,-2.017302828788662,-0.575766813865748,-0.8955067681826984,-0.6214203407027875,-1.8437159037248672,-0.03212135641069524,-1.1711739364303766
2019-05-07,-7.92141651098874,-3.2851411609909613,0.10378719451944285,0.2237542930304871,-0.01659674487734188,0.2742880599297619,-0.5683155757527376,0.011848917719716096
2019-05-08,1.0930181048342147,0.8836758180567891,0.028538508426671123,0.0010303348095622286,0.37150629539301144,0.7019039130792296,0.2794754850623732,0.1003715442161021
2019-05-09,-1.6199626777546967,-0.46100247884702145,-0.8698679566863552,0.4559134669468934,-0.3690895991266478,-1.103474520166992,0.08914301187567511,-0.04633460466573547
2019-05-10,1.876175243973171,1.3664651470207023,0.0004260356670679638,-0.21571811804509788,0.1513492120185628,0.09879334455576447,0.08227171166837367,-0.09662675234821123
2019-05-13,-6.805719359442405,-3.717880365560674,-0.26165815059831915,-0.0835549524231819,-0.17214525511723272,-0.4758383188986435,0.33725592154085116,0.1935704472301648
2019-05-14,-3.459622832146801,-0.5141490595960363,0.08667692142438208,-0.3506585711439783,0.04239587452695197,0.2575641742743181,-0.323791936042817,-0.01275623633315417
2019-05-15,-3.111516858695992,0.43188056000531844,-0.21799156669713646,0.5250879838899107,0.5463042901200456,0.9641148026310906,0.37121034132227293,0.7125227627404823
2019-05-16,1.4698923812713682,0.4995186095677385,-0.8430509895548732,-0.9985302264570102,-0.8171126603703145,-1.4383398670250638,-0.12437431311097949,0.028633614674567435
2019-05-17,-2.144621141315507,2.2599744717498305,0.234609414404844,0.6555667519376399,0.43029870212644206,1.5506545669648628,-0.21038640903653755,0.6378769796726278
2019-05-20,1.8974906352377803,0.7600721719824883,0.24198890604397488,-0.044344406745101636,0.08757212351369396,-1.2735932439915836,0.31431289027125286,-1.5535948613471195
2019-05-21,0.9913659958131456,0.5955812360711523,-0.21852477382773167,-0.3351669785867451,0.46056790550598303,0.1613391312865419,-0.30073587509876404,0.22651426266760935
2019-05-22,-3.728535552189516,-0.8759794121444271,0.4032542455696994,0.7716691462474742,-0.7566173846570129,0.380997534580312,-0.3092042654119686,-0.21561888608212806
2019-05-23,-6.21319306895412,-1.4921400011828805,-0.035143062940778014,-0.05771934105017291,0.4686003097846967,-0.23002569195309183,0.4936251924113817,0.22800569556829564
2019-05-24,0.8746140151781452,-1.0575453201913487,-0.06923421509981136,-0.13278451107241082,0.19482809424212075,0.19423235930610525,-0.6212772225490264,-0.04725363674660483
2019-05-27,-1.5876744243269618,-1.0306010099813976,-0.262550356796344,0.07740620459530838,0.18203200542908643,0.527624412120643,0.1329256124624968,0.7940682161285398
2019-05-28,-4.527862323789254,-0.5624876391339971,0.8578132526121637,0.444204954641066,-0.011467405999326689,0.5931226404959888,-0.08742561159551342,0.48403217712646535
2019-05-29,-3.4579266652672254,-0.5108851349748254,-0.6460363687193519,0.1945389163537917,-0.23364691531653764,-0.5944018227492808,0.6724092161629744,-0.22656686825240432
2019-05-30,-0.6047780959574177,0.2305482639308033,-0.18191526138435993,-0.01920332291744046,-0.4318081224100831,0.4140255414829584,0.08162351525380634,0.12642640644590797
2019-05-31,-7.326868354627558,-2.6253734482122084,-1.3815815024173885,-0.9263989361509946,0.4026967307078078,-1.188359518851904,-0.4570061984103881,-0.9613477235801727
2019-06-03,-2.534934487546081,-1.6866677080997623,-0.7069022984262178,-0.3522629798295917,-0.63901894350176,0.24080392495578454,0.4926300907830824,-0.5270800116846631
2019-06-04,-3.0195019661583555,-2.274506535570789,-0.4604757759263069,0.27394804343975226,0.23932158372715373,-0.19267125107413613,-0.2923272825305601,0.5242204720054189
2019-06-05,-7.198555235832047,1.0570751880236726,1.271546996899672,0.4133585439672379,-0.12677411589855866,-0.46599856240076076,0.36466427694220227,-0.17389629858235134
2019-06-06,1.070328701177204,-2.6738709047739104,-0.8336006883427419,-0.33539981130598345,-0.5439243317603766,-0.14162613986083925,-0.05837214484260182,-0.1628395186986665
2019-06-07,-6.736508780972728,-1.9983430384907672,-1.0870388070491483,-0.3684833884269108,0.4186685621557308,0.181002735925081,-0.06953835582162025,0.34047556244734734
2019-06-10,7.718731278074018,6.50769988217487,1.8757910421505943,0.3959420736165636,0.2914542442859743,-0.1714215311272401,0.06461880480404285,-0.07083596713734779
2019-06-11,-3.437698638086675,-1.9904875573090444,-0.051563035440543505,0.4120012737351048,0.04027343888498324,0.0914441232926412,-0.1862147941567632,0.014735565709755127
2019-06-12,-1.1223101968947706,0.33107036630896486,0.5648336033241043,-1.2435376721133409,-0.18479734382897717,0.6005811380373915,-0.27505162007718525,0.043402925646187626
2019-06-13,-3.384205226200837,0.24932527600398363,-1.5717395634252793,0.4187142482187759,0.10243171815773781,-0.39007851432342505,0.4476065222455973,-0.26817435458997213
2019-06-14,-3.5165301724674367,-2.2770000371240253,-0.39315853363865505,0.17644502857002053,-0.35458749233066306,-0.18542309569363294,0.04311899384337827,-0.029506504808861116
2019-06-17,2.6673968783257105,1.8145101409636855,-0.056796645115989,-0.3409247555498414,0.17869166362228625,0.17917070490690618,0.17955757373205716,-0.10663688669766766
2019-06-18,-16.70757671444129,0.647594286500547,-0.678035238322248,0.3459418481844998,0.5886568184834167,-1.008155759684007,-0.4373932173159873,0.6500259886148497
2019-06-19,3.786463611355808,1.5091733567691799,-0.5035746179522834,2.083950633224904,-1.5045253158160976,-0.3497564798048522,1.7071532998065777,-1.089945494525332
2019-06-20,-3.4719449315216497,-1.279212560861982,-2.5494804700149847,-2.2102095341898917,1.4602825868280354,0.20445752412167856,-0.24733835817319993,0.5448298408897224
2019-06-21,6.248212339451608,2.3880202516720543,0.7061494839468192,0.08879018696110139,-0.4535990347724104,0.27617114946405946,-0.38425562829201143,0.030545904899983385
2019-06-24,-6.030243708969895,-2.012943388397121,-0.3501346959263487,0.12401213344501592,-0.19433531148249877,0.007295912113653638,-0.09648635475022438,-0.04968205367395406
2019-06-25,-3.0731874329687985,-2.770617258363121,-1.2084334992242338,0.31762676598820627,0.6854253227028677,0.29668595787869445,-0.16563805869354187,0.06769637469983115
2019-06-26,4.149575275732831,0.9026766069799083,0.5727116385462976,-0.1536732737531377,-0.40517056432602916,-0.0007404907206409501,0.40967368764205175,-0.1881626035598072
2019-06-27,-5.133579578137492,-0.8186878366280242,-0.2740450223663415,0.610472628824009,-0.020279557211997114,-0.08880973284149672,0.011571822189904697,-0.06715750416532494
2019-06-28,-2.41010023069039,1.2660904637897084,0.8760422446001789,-0.6352930566834711,0.5327876214152474,0.21733188543944992,0.13479022389476186,0.016137443298128686
2019-07-01,-5.150686938851553,0.6183236513090834,0.8855547868457692,1.0142330168659726,-0.48457718538093714,-0.14778915321088743,-0.24711400396078792,0.06261898472205725
2019-07-02,-1.4553853951808864,0.5546187996945174,-0.7117450635655963,0.22236317603132474,0.9713979606463042,0.10489833704115638,0.007284348741906578,0.0305188158512358
2019-07-03,-8.231239439767238,-4.228051317355128,-2.064226776166325,-0.3968590633934529,0.18054822285123182,0.04211232931986993,-0.3136507277651,0.37785271767605316
2019-07-04,-5.956238934758552,-3.811149881424046,-0.4348372761277076,0.5411738565553867,-0.47554603001028006,0.06681302595125499,0.23594518137278553,-0.2566743004972752
2019-07-05,5.117588383777889,2.6118885279335733,0.50527543277965,-0.023787642501952116,-0.36034744487459175,-0.23800304620797486,-0.12337469075124664,0.22242734625341568
2019-07-08,-0.6230149536496907,-1.4000985879519705,-1.0428370427367184,-0.694010322390122,-0.022568579797765366,0.058482269282004735,0.09811500914640026,0.02037231502862075
2019-07-09,7.060732316367187,1.8081099528925586,-0.06181836376621105,0.1796687029637269,0.28216126707446626,-0.1520885433824105,-0.34291998659531625,0.3143126949327972
2019-07-10,6.4987706733324,3.508145804660398,-0.3435946773656253,-0.24268177903315302,-0.41846849415677734,0.21753910256972064,0.19800256238056416,-0.31122349982123315
2019-07-11,11.065138705148158,6.973432049384951,0.4616185504095397,-0.22820739638511275,-0.02611502389756784,0.39052772890850107,0.20061621556076786,-0.3001217636152209
2019-07-12,-1.4039291399572607,2.7970607369824982,0.6018687603219657,0.42798213039649924,0.25177663271951894,-0.878450273059412,0.3381268297893276,0.22891207966911237
2019-07-15,-8.83346300095658,-3.159919340797291,-0.4822962598397201,-0.07010526340079981,0.03613515985626634,0.055124784489070794,0.14785922485467584,0.042244664155511945
2019-07-16,-4.621729358185821,-0.9858770539430998,0.134084746079943,-0.2039365962375618,-0.33327175212116794,-0.011141653126771962,-0.1957006792479805,-0.145684503717393
2019-07-17,-6.974873028350002,-3.8998133899141183,-0.9698300365035595,0.8305389709730857,0.9012917505104244,-0.30291432648467875,-0.5394790371369945,0.560828381381419
2019-07-18,-3.549580759201998,1.9849048619074061,0.0701246275037744,-0.38223339828395364,-1.7274054043505485,1.5605028755339507,-0.6976547905058363,-0.7243367733993746
2019-07-19,-3.4880721754323045,0.24924745261611597,2.006799549461879,0.1321087280469923,1.2296462882481598,-1.3014303267085698,0.9840236425776797,0.24622685477633283
2019-07-22,-2.653700661598512,-0.9553846794556442,-0.4765754980009165,0.3036700024637864,0.1964956817586634,0.21876051700947424,-0.11749756118491612,0.1808711611441363
2019-07-23,-0.9059386518272927,-1.1680017068302397,-0.7499970633637477,0.6146357956139366,-0.11240462834176973,0.22754839560596843,0.14631295561070656,-0.49431049055675785
2019-07-24,-5.757946576133749,-3.4766267040029284,-0.7422508125570394,-0.5743605454019614,0.1645523883611656,-0.20035339857159967,0.2720031449203294,0.10032743566041952
2019-07-25,-2.4640844268590594,-0.6539008845012593,-0.38977466253579024,1.0272599962829079,0.3204934752784693,-0.13152944304121897,0.04772586593143923,-0.08381554220976836
2019-07-26,1.1286950369716908,-1.4794596062972036,0.21271761998848795,-1.3648733127973671,-0.5019618849841115,-0.07520884562057908,-0.1836736160606713,0.4016113345135552
2019-07-29,-0.8245658615496312,-2.4577622644343715,-0.4869336523492965,0.003590298099344648,0.7046637378236948,-0.16869104854761166,0.02209398015064011,0.1924066628971859
2019-07-30,-1.0583054554515674,-0.978762004233315,-0.09406836096041853,0.9831119060009827,-0.7156681889329934,0.39684639618336615,0.14770785368286407,-0.41328639985201326
2019-07-31,-8.458461428952305,-2.2977570207737448,-1.2594065530213245,-0.5760026084667029,-0.24054132608684625,0.040435332464923035,-0.12359092773757115,0.20737061667494167
2019-08-01,-8.766788816018273,-1.3205520549847964,0.05045551852647864,0.5034701100212345,-1.02017784259649,-0.5778786182203067,-0.8728824106406678,0.44257630313861884
2019-08-02,-7.457100134833831,-8.849912357076857,-3.1124305530647653,-2.249185423307553,-0.16584691203338559,0.07136539153861535,1.5191400408993923,-0.3910409236685201
2019-08-05,-6.642302158817485,0.3853706922854177,0.20310928597020805,0.509461069249493,-0.15912788172282555,-0.255845845008452,0.0680915443329603,0.018547019559198873
2019-08-06,0.25808437329992995,-0.20363143542297898,-1.5050807125136099,-0.37476350880346665,0.055176785851232674,-0.09490524752041171,0.17378236707926573,0.0556564401669042
2019-08-07,-10.369680743578293,-1.3404286649984916,-0.493232366185834,0.4671906014492921,0.028874112631914355,-0.6926958387816607,0.4623680680695265,-0.020827225560003878
2019-08-08,-0.5406962092222231,1.0133706453482192,1.1013746246571299,1.240641599386513,-0.1400278690193326,1.4941948593683232,1.7967223111232125,-2.2788958422165475
2019-08-09,1.3936895372969504,2.0213580807076617,-0.16772278645311584,-1.5444979464040232,0.4100306319498414,-1.3522171967832202,-2.169837694386998,2.501593500957594
2019-08-12,-3.9284309781983193,-2.2187843023898135,-1.244255472913327,0.6287287011914681,0.0008969387099621271,-0.13436182103277877,0.3409480767188998,-0.22429751285648786
2019-08-13,-3.583303090259497,-3.0253558750186227,-1.2365866014410027,-0.47323509261744473,-0.03634933060867596,0.0008184826207477329,-0.15132629348124516,-0.10618328802043416
2019-08-14,-14.61829139884563,-8.276050406539259,-0.967309040354305,0.3818820530891081,-0.7758072820665105,0.3752870920346514,-0.08815749214974831,0.8809788715908017
2019-08-15,-26.325938539427874,-6.683396702065137,-2.5313946315780544,0.5345130716154145,-0.40029409541809,-0.4625582080683393,0.6236688146120299,-1.3365875994538172
2019-08-16,0.46854613040310783,1.2706238571147241,-0.32277612215262413,-1.0822186072218276,0.41064023368584623,0.1882773999192749,-0.6144659248518736,0.3327092803708244
2019-08-19,19.65359587787718,7.380928138582626,1.5502501854430826,0.7155923011251712,0.8780311200082715,-1.0412317577190098,-0.0008742272381733814,0.201734538571729
2019-08-20,-5.2939237690610845,-1.238256740824449,0.5899302882690618,0.10051745953098024,-0.35049247038376113,-0.6652230633232166,-0.8120747086164787,0.08955101411128873
2019-08-21,7.352539629293503,-1.349762267615579,-0.006581720741662807,-0.258845392647492,-0.3765746767755573,0.07453751516986076,0.5566479639645032,0.06245773573197023
2019-08-22,10.568468440571408,1.9922264558265783,0.660636808726869,-0.23412706956277582,0.2656911917430541,1.3046957326975586,-0.19772005646246918,-0.07265664306627752
2019-08-23,-8.41537167574233,1.2207810682464946,0.35965332274669826,0.032261590273427815,-1.0605314690756673,0.02668911327691504,0.4882764061595681,-0.01721421153029683
2019-08-26,1.8867294578754106,1.0679272573234222,-0.6737691632711971,0.0716543565802452,0.8670231934205848,-0.05978482885172609,-0.1592260914809151,-0.29457663963607533
2019-08-27,-14.026310154385921,-5.848505521797787,-1.6948229930563963,-0.67891370413582,-0.15052367130632835,-0.4593426731313431,0.34654230382990164,-0.08921157231169147
2019-08-28,-4.0027387902002545,-4.637970377085526,-1.6081268212556616,-0.05997413752142925,-0.9183735733388235,-0.4618708403533483,0.34468037208945257,0.2509590123913621
2019-08-29,1.9393714804624205,4.7348015006959345,1.154518503068892,0.7996454636264752,0.4552231899943116,0.033877284724754035,0.0839143627362702,-1.070776448384502
2019-08-30,-0.6682363704598601,1.018233099465104,1.155378394454695,-0.9915014692059957,-0.03440687578893495,0.3541654289958568,-0.760237958475305,1.0831217159413318
2019-09-02,1.4874958425820972,4.0110632467831495,-0.6822940506153093,0.4777870451409534,0.2787031039578939,-0.34183134940096743,0.6818894266514287,-0.14625081153262628
2019-09-03,0.28752856574345154,-1.6917152315211492,-0.8334013766627878,0.019306928068164458,0.12693312612498495,-0.8626267357852689,-0.542727746297332,-0.11006325513856115
2019-09-04,2.969937195055516,2.269940567946621,0.9166431580751028,1.2111329122518049,0.10374920192939711,0.9280872570744068,-0.09725068524266686,-0.1449675715453129
2019-09-05,21.3928978283099,9.797799105749068,4.247873146194579,1.0478409800062958,1.5806265224905593,-0.1479407229023424,0.2602696423529326,0.40073036063552486
2019-09-06,-10.432705747656184,-7.452578206776874,-1.3509565158895664,-0.7617277207823623,-1.4833638762910342,0.175154291132179,-0.7737104185184887,0.25084769039422516
2019-09-09,9.371663571914858,5.384202018780707,0.8768500298886192,0.3647313335560883,0.12556340539330663,-0.26801508433891896,0.6043442314812699,-0.24706452753615582
2019-09-10,8.690546139862501,4.03655051143131,1.0873254100920426,-0.49970054488377486,0.6740765755234865,0.223311896808078,-0.35957522826715294,0.12044394211793508
2019-09-11,-1.3247943440935774,-1.6276077686458965,0.47628012781897744,1.375813833101507,0.06943617260274265,-0.2585385474222826,-0.10332612663025041,-0.06395231626792357
2019-09-12,15.078045023704943,-2.7725141804846514,-0.7291937463380147,-0.7152548618890746,-0.6677078117979596,1.0716747470910692,-0.15918163863229307,-0.26997642414314443
2019-09-13,18.874677394482166,8.599812356187803,3.278301087288912,-0.2572862588992516,1.922870950001175,-0.4209179196100522,-1.1357812004788561,0.7773744280632603
2019-09-16,-9.997135164303558,-5.738654710753131,-0.20780987182362207,-0.5457084556138383,-1.0590976366063882,0.6213388970625819,0.15239037199207636,-0.23397261141121126
2019-09-17,-4.324233480989439,-2.383933135961956,-0.8893330535986642,0.008713932427913188,0.20961708381731772,-0.0003978093974198247,0.4550746124912781,-0.45044499301594043
2019-09-18,-5.807492201471755,-3.681946307130891,-1.2097397777443923,-0.022719050571905014,-0.06319276834294366,-0.4988155979792249,0.00836765264257505,0.3124208267055355
2019-09-19,-0.8821156942772326,-2.859344748506037,-0.20412429534489968,-0.030709304108159485,-0.3862750145464192,0.38259480351691433,0.3749666630111503,-0.31096134135067377
2019-09-20,-5.902147388733145,-4.705991880307353,-0.25221527946611916,0.3624308779296681,-1.1670774876306562,0.24169148647044134,0.05025129182623593,-0.16863111698252184
2019-09-23,-9.22650319679115,-2.1580529319839585,-1.8472858677273583,-0.5907066249558982,0.3255609767920311,-0.153498420382049,0.157212750811655,-0.03313611912555453
2019-09-24,-9.65640975816353,-4.504497619702787,-2.0396976255291226,-0.9420062428522469,-0.34799313411903465,-0.8528219375874347,0.4645542723065568,-0.15253727914536616
2019-09-25,9.822343011313679,3.9247133562370884,0.6086035726548207,-0.12601176819458998,-0.340736779112819,0.3209356912733501,-0.004559214636268538,0.23401098443351817
2019-09-26,-1.478740453501477,0.7807984972394534,-1.124624043955852,-0.5051365701669814,-0.06168414632217283,-0.187627584321187,0.2566954018100618,0.08828060861045339
2019-09-27,-0.10904700886310448,2.490178860657099,1.2107472398402293,0.13811873725490922,0.156401753617942,0.466044267546486,-0.04185118010714959,-0.4218603581034333
2019-09-30,1.5028625778099285,0.7107832497610848,-0.02873105835603668,1.5696594896867713,0.3708346194773631,-0.6401736253923158,0.08197896369358579,0.4583952761361566
2019-10-01,2.996000293584301,2.495538906673077,0.6129538680283257,0.04622314723103562,0.8384322074252085,0.3876364603113301,-0.4039744597267845,-0.22085237113703712
2019-10-02,-1.1241504980262937,0.933754830019578,0.08792708988475152,-0.7133903096949453,0.025428815209761556,-0.015029894783110419,-0.382914152301401,0.3190216741398288
2019-10-03,-7.137497757362672,-2.186966980133525,-0.497442566898952,0.8022549966377337,-0.5866071331691259,-0.12186333706984359,0.5146984418175157,-0.21875340612634064
2019-10-04,-0.5296485820991346,1.3468729774810013,0.12587824294070707,-0.6805289002974921,0.0937437359435472,0.28609913023566647,-0.14321341789750638,-0.07223098818175519
2019-10-07,3.128282897883105,0.7335709283309523,-0.04513439597923378,0.3783738057487242,-0.08745307397275023,-0.5323365046446237,0.1605334214588038,0.4736135922037104
2019-10-08,-1.6701598127062043,0.2487299962259539,-0.35760995595325035,-0.8273364092424581,0.2036806976306833,0.6576680070665413,-0.011246854958798111,-0.33763276458663727
2019-10-09,8.050502817756936,1.0518033549403558,0.18748285692976904,0.5640465991234481,0.22438310939221023,0.2602607919365427,-0.5503940583394619,-0.15965084637257834
2019-10-10,13.284178932521492,3.310176006714643,1.1939616241213098,-0.25620667515600565,-0.5099121487613834,-0.6952839068377681,0.432932216324444,0.513689029723016
2019-10-11,8.83955980353481,2.6451303775375306,1.572800445132486,1.5712596138620687,0.52604231479054,0.6668102431500671,-0.5165715311618317,-0.4557766628524209
2019-10-14,-3.9347138281945195,-1.530388453448422,-0.10830266453749939,-1.5924347090774886,-0.03349618099855328,0.25217997033048806,-0.09636234613051865,0.0402363297710539
2019-10-15,13.017219602297143,3.0276518021057273,0.39665179009079304,0.3975646202138944,0.18864586737888098,0.05019471879241872,0.1044019892550432,-0.0338866439891097
2019-10-16,2.2664092260890483,0.5640082108185404,0.3772529376826324,0.9028884186479762,-0.11628681029226984,-0.27626045452846204,0.37344239370402305,-0.2496837613511447
2019-10-17,-2.3062667987385144,-2.791190293959846,-0.6155268147990932,-1.2195045698813407,0.23309021162131732,0.45409348685184286,-0.6900508742208009,0.3558029988274509
2019-10-18,8.148495923318757,2.8559218637594657,-0.6568576095208316,0.17745092144695115,0.18537143408786885,0.5022435290881371,0.139337051460384,-0.35299033121547546
2019-10-21,3.4927860233535117,3.3805157317942887,1.231104519789852,0.452792218717768,-0.11284923438339213,-0.36528258723298446,0.07196151875938575,0.08618637272309394
2019-10-22,-9.237281836151404,-6.041937734831694,-1.2814286748644808,-0.47020929483622115,-0.17325150303793013,-0.1710006492489982,0.4644135307124112,-0.16396483401754977
2019-10-23,-2.3618454042146557,-1.8963323170436597,-0.7889534898732439,-0.36254477239438926,-0.30660916002633254,-0.46870743375488727,-0.18146698944004724,0.3695432658721252
2019-10-24,1.1375048761601327,0.04004496375322595,0.7767127480431945,0.27741278232121636,-0.5397845405656594,0.6041186997200496,-0.4260920171270139,-0.11156600065501972
2019-10-25,8.79149722341186,3.6257640763828607,0.3322946968169083,0.06200912488680523,1.2642967357022696,-0.21198121997321343,0.5658611950159365,-0.0912202822333393
2019-10-28,4.116944726190115,2.262000166072486,-0.03541625490673544,0.2733503903300477,-0.40993138190325934,0.20280865535951062,-0.01133256778314151,-0.20562046965716216
2019-10-29,-2.176515622696015,-2.0426988497808445,0.1732762363979755,-0.5863788634822701,-0.02298488168244431,0.4055556292408596,-0.43134294932948014,0.1436553870291808
2019-10-30,-1.9550087237274902,1.260160316859197,0.1786916990212488,0.5014271464203905,-0.5904128708155413,0.652365969926333,0.9241149131298327,0.7700329829022764
2019-10-31,-8.736905317587652,-2.9333062930183287,-0.052011001073915236,-0.427981351990653,0.42054090791006,-0.9956299568403711,-0.6718458598421987,-0.7144142485800838
2019-11-01,2.8984068596073054,2.240313273488323,0.20661782537938098,0.16945375150640807,0.4641688315648968,0.027956790182698785,-0.2931902219421292,0.11741519968318931
2019-11-04,7.710030970885275,3.206754962841568,0.46435110237662564,0.5392004323378512,0.09826069380422695,0.2540649427027538,0.03978606880844829,-0.3730314851596776
2019-11-05,5.603174062182359,1.7888898313742654,0.6217429975085179,-0.4246259286100946,0.019356560520922092,-0.0880856265702106,-0.08186698733011363,0.3181896315155507
2019-11-06,-5.4702712149822625,-3.268632843812369,-0.11700035642759331,0.6898554345045711,-0.28960069864703425,0.07506398560624364,0.056116142431862026,-0.3536376557049529
2019-11-07,15.866681383794834,5.384969435130627,-0.5296564967835805,-0.9356803444718467,-0.0962417277408663,0.04305470297419691,0.21662732267160562,0.13910326173486082
2019-11-08,-1.564861611588016,-1.4790128088925023,0.39399129002596994,-0.5523767985919912,-0.14936594429710348,0.08293450039240347,-0.5267427465804604,0.23909361629674003
2019-11-11,0.6474235934828411,2.5645347669225482,-0.129992908813321,0.3425795716467952,-0.04996169607830906,-0.2942091496200622,0.5943439783006921,-0.11070181858938567
2019-11-12,-4.291935862798631,-1.279387780472574,0.18044086661684797,0.018194977583793733,0.18259594185653158,-0.06598417447210014,0.014059118219405945,-0.0885003683133968
2019-11-13,-6.086909818093231,-3.9708204344813356,-1.4806189796179132,0.2958739710139726,0.25720946503188324,0.06769710243230012,0.1957562961080624,-0.02461291652986701
2019-11-14,-6.237000341743214,-3.4905466883636005,0.8548326157874386,-0.354065833800038,-0.1946790717130675,-0.27549967970540495,-0.1234887662676661,0.24175030986402843
2019-11-15,0.5606881541680426,1.352480761693923,-0.18344899118462488,0.03493215506545935,-0.2871125713247903,-0.010019519239991575,0.11662977057761992,-0.08273007573612544
2019-11-18,1.495444644205703,0.033579395058538956,-0.13584612882052627,0.152339141728742,0.21476331099769158,0.16165737566374688,-0.06864285733204055,-0.05821982800462472
2019-11-19,-0.9432791458705525,-1.1972748803307318,-0.42765790163187734,-0.04680579224253594,-0.019094527444597848,0.3546426194955334,-0.3106447002936482,0.007457626725098285
2019-11-20,-3.385650957767467,-0.8188365897223864,-0.5052173866590414,0.33232404644134655,0.6852966493453977,-0.1400664444301127,0.5612410906033742,-0.1037208969058384
2019-11-21,5.430161403117309,2.0873006600481285,-0.03930559540244932,-0.02451670810725923,-0.36213050824220594,0.08263298213441934,-0.6342953609757092,0.2770723406000879
2019-11-22,-6.2669892853027145,-3.2224796671788827,-0.6310298349005339,0.44292238673719486,-0.15646701872181198,0.061594522251137686,0.38262747924316887,-0.4083396634636853
2019-11-25,2.154343054398006,2.9091595247549527,1.187441136274565,-0.2744999426163936,-0.06680503216736991,-0.20997882506123822,-0.08149370942291988,0.2539526738149916
2019-11-26,-4.159403145622177,-1.3969080841255035,0.48485828078122956,0.2941410489433117,0.5435005360199318,0.12361547312302855,-0.40511511666680355,-0.0319259119484515
2019-11-27,-1.684093612590015,-0.8489336812406877,-0.8300735785807029,-0.2824362961381902,-0.4314225391507888,-0.18934274134293005,0.4550557290970286,0.10211814585617729
2019-11-28,0.8167254420158262,0.029823220458530482,-0.4898309597345425,0.0827720735242654,-0.21839516450693838,0.34168408673167144,-0.07479094059937919,-0.17866740045015117
2019-11-29,1.2414084868170887,-0.6924596874275906,-0.2974952191848825,0.36725072116702484,0.3583473882011004,-0.3690487846983158,-0.3524220547810839,0.41190719448208324
2019-12-02,13.40041984143006,5.313207379261435,0.628810725209225,-0.4388874298846346,0.020857774065889144,-0.08782556651742943,0.7868824518490469,-0.2449824799366994
2019-12-03,-12.964025722528426,-5.274147434072885,-0.23832798043485168,-0.15668055689074606,-0.4915061917259061,0.5294614665078344,-0.4117713664128965,-0.2900026646163586
2019-12-04,6.488734490832273,3.236068432244067,0.5199671079809136,0.29517688335557846,0.44002410673598435,-0.5080919905540766,-0.20337898756588996,0.3878366570388765
2019-12-05,3.852502633349878,0.4854491117274208,-0.9176860542524137,-0.32824213536299807,0.06000428019681555,-0.2907538768587489,0.2872859734168972,0.07723396668946693
2019-12-06,1.8463988060532368,0.48490438190744867,-0.4210717333960516,0.272990658023788,0.10173396626350634,0.6995218368270556,-0.3441689968337994,-0.1133381891529377
2019-12-09,-2.6900624893742995,0.1490381450422532,0.29314821815957937,-0.27060732021698086,-0.08383017437611959,0.2040427600889299,-0.16535239934240376,-0.1273004081512974
2019-12-10,0.3173807727555624,1.3168536238877517,0.5288176525425888,-0.4383066372040019,0.3606645654688259,-0.35749819978267283,0.3127397668389787,0.2552606281434349
2019-12-11,-5.7791230288676,-1.3572377948884065,0.34273962942856095,0.8109030194704209,-0.32453086153344723,-0.010731516584265365,-0.15953125822730382,-0.13119358250640464
2019-12-12,8.991252854298622,3.301152561128845,-0.32781618431826526,-0.2702189612531565,0.026558652939289617,0.6827580771091418,0.3958055498625257,-0.23998278344416
2019-12-13,-7.050862107862783,-4.3275293521204805,-0.458234156059982,-0.08890675507897235,0.05600758147240512,-0.5856551524388419,-0.10675323212685714,0.1957604369967349
2019-12-16,5.645121739609237,1.920893582892009,-0.18290286386540242,0.5226588541029062,0.15757342230709054,0.033107034571142266,-0.3826732576996388,0.12112110062393894
2019-12-17,-3.372630370685488,-0.6140780927718742,0.1681523064628808,-0.46828181921361783,-0.328962742088501,-0.14906595586075497,0.447308565354414,-0.1324298132018593
2019-12-18,8.130610029581375,4.373788972562212,-0.5756472842973375,-0.14302034298404057,-0.22477732959825433,-0.020669072565720596,-0.04266200210841502,0.09139613769364957
2019-12-19,0.7991457974623722,-0.030796528868585145,0.5959197654241004,0.4193896892599306,0.03386725388841145,-0.10705525721700278,0.10432757189603843,0.2617453350856022
2019-12-20,-0.6668641083474718,-1.3269001926360349,0.16861492157913827,-0.35147800909176685,-0.05481537046498194,0.1930871262176855,-0.34026536840813537,-0.46102078900728133
2019-12-23,3.010483811297471,1.2955797061572136,-0.19813161953856429,-0.4092093529647542,0.43228400944200274,-0.0468688549355783,0.23304626454296157,0.14909773845045987
2019-12-24,0.49841848209152584,-0.7992088780243566,0.09896847282427594,0.8708110058936853,0.1398403625719439,-0.16656999799530156,0.031988940696748486,0.03867904577002867
2019-12-25,-0.2007080523181631,0.053151080001510614,-0.030060814895986627,0.014499501737868853,0.007806995443771563,-0.008238474190013447,0.0029307847145652994,0.0007240236457191144
2019-12-26,-0.2007080523181631,0.053151080001510614,-0.030060814895986627,0.014499501737868853,0.007806995443771563,-0.008238474190013447,0.0029307847145652994,0.0007240236457191144
2019-12-27,-2.1490310131010317,-0.1852209217611291,0.7044010016329022,-0.11199769486142296,-0.3978144379090096,0.3249847911542021,-0.3006471527817693,-0.08790256761899841
2019-12-30,10.060021771992654,3.993832796050871,-0.1602217937893453,0.33537031773534753,-0.527069499294847,-0.007307173608616132,0.41902963283216965,-0.367133477240112
2019-12-31,0.7079652111675304,0.5595461003980104,-0.26910761903384045,-0.5896344012603316,0.0023676769489366797,-0.003949902747358901,-0.15944010316957755,0.3073892368025665
2020-01-01,-0.18434180463940483,0.06877513088700497,-0.012874816260221656,0.03019607309763174,0.1090314400744612,0.09289731400553389,-0.027532146156074983,-0.005869008079433044
2020-01-02,-9.303817884208767,-4.574367652130145,0.2141671287910784,-0.11619548580423736,0.5326196589027474,-0.2551844159053735,-0.04916655707030243,0.09132502354832593
2020-01-03,-10.213034464868471,-2.111407897022047,0.10197104706776898,0.14703305398274188,-0.031955861508245226,0.02613701972020705,-0.14261383431766195,0.00851459398696344
2020-01-06,-1.272972796163877,-0.8677321693986378,-0.08725325546173181,0.6152007842888186,-0.04493842145186714,0.08677609467907646,-0.3314763336220476,0.2231456634841375
2020-01-07,0.05760051344814848,1.2569057590111101,0.6869117401358756,-0.34388132722020376,0.5441207762680169,-0.41384171717050744,0.019859326598748377,0.3773297281060105
2020-01-08,6.36891653996028,3.109039716495734,-0.8623380486563923,0.48121475529105096,0.4678458909308882,-0.13148639240298238,0.821034789125213,-0.38326665254729175
2020-01-09,1.7801086976063003,-0.9887903829464124,-0.38839538416164177,0.08867886567504267,-0.9355469713746439,0.7863887810235862,-0.7364622295182673,-0.2201051829983651
2020-01-10,-0.05836100939012896,0.708769828647133,-0.4669389062343743,-0.05856508836623284,0.2551346373572443,-0.32224395359920205,0.2828311274516673,0.17816660409815896
2020-01-13,7.286166331989621,2.6019624009763596,0.27093623960051155,-0.18644580633428784,0.46368823825110056,0.33774827894321235,-0.25191476892323983,0.11825598916312
2020-01-14,-1.1948151447666986,-0.9977100590167889,-0.590032678594832,-0.21718508297133293,-0.1250172533639024,0.14837939688831556,0.2409894721541086,-0.12155574999073805
2020-01-15,-6.681393498796513,-2.725003821802172,0.8838715289448349,0.7645313715484547,-0.008952880598895499,-0.4198567806175066,0.18934442318328015,-0.15024213911771847
2020-01-16,-1.3470012766322053,-0.2543325580267215,-0.6331104586002066,-0.30764114793361286,-0.3956339760110904,0.6896308112401779,-0.27017015788711457,-0.13946122325594174
2020-01-17,-0.12298329288557854,0.11536550419467115,-0.016400927860781317,0.0021390323940151065,-0.03339614352613129,-0.09523526324806585,-0.018375801323182093,-0.004637217001475643
2020-01-20,0.1381038767744906,0.40692009808209934,0.155223377699139,0.09770238917614991,0.055416851413925806,-0.023630778713607706,-0.04867907465871023,0.06100509064474578
2020-01-21,-5.380367729795473,-3.841591031512743,-0.36247850937052767,-0.24962266224402643,0.8363405647507973,-0.39612785179388105,0.6215508303396579,0.047953925521469085
2020-01-22,-2.938770416606427,-0.8874289761013278,-0.19933889675365407,0.18756254630840946,-0.5686165027940132,0.42727012792135527,-0.4198586473101916,-0.1696727640904778
2020-01-23,-6.738033165925335,-2.8136026027536754,0.9594685598963647,0.5828533454100832,0.6920533430201931,-0.6376655069271404,-0.8795517457153819,1.0068365103939105
2020-01-24,-6.799809945456884,-2.4336678047579525,-0.4198823029025723,-0.8777371147944276,-0.06992685084968062,0.43260041055445875,0.7679774641052286,-0.6288481891901027
2020-01-27,-12.73430223036021,-3.5984576395624184,-0.8982707674950392,1.2875275544716684,-0.8625472209216782,-0.6142036739767388,0.3905513384188631,0.25650090994370217
2020-01-28,7.309588187381784,3.977065551841709,-0.2783264892516165,-0.4427311836347658,0.3644425294040337,0.316349358968388,-0.592516495425872,-0.02264766816640515
2020-01-29,-7.613478807599174,-2.069435082089919,0.7003040371055741,-0.056437515201015184,-0.0013742141408065371,0.03911994245831044,0.24221009294870094,-0.22268397789248714
2020-01-30,-2.6158337364169024,0.439090657260773,-0.5368911670332741,-0.12123466244350398,0.9166363187294623,-0.18424945855284078,-0.9862431340939001,-0.0007444472371812091
2020-01-31,-8.202860935742592,-1.7620263648511834,-1.0413686421937522,-0.25138266198717374,-1.1994687855736876,-0.3949764022892895,1.3363846568723154,0.10398564199893215
2020-02-03,-0.5399934418335921,-1.2548815752263802,-0.18974151071891782,-0.00925969144938216,0.15151782813374706,-0.3104160992336135,0.13488014637975954,0.3586329769930016
2020-02-04,7.757888651604084,2.393125126352193,0.37811084762065567,-0.1039405826735647,0.34052929269317844,0.6044382977371876,-0.6884283312076556,-0.20070443991236575
2020-02-05,8.307146508653503,4.356932661686273,0.4225019637761028,0.23284563033302944,0.2153283082065285,0.10715523671621492,0.7645505443993895,-0.4293240014432328
2020-02-06,-1.5504315157035777,-0.9027417665350932,-0.1248814458702503,0.025982232012241122,0.2493098052122495,-0.0915353445208172,-0.4609854497208979,0.2555031139737252
2020-02-07,-5.808516206448561,-0.8617120443534798,0.17835839343182852,0.026627501430831018,-0.7000611288467763,-0.14736141526284516,0.3882393354208725,-0.19067180185937233
2020-02-10,-4.523962732398397,-3.4921358954806068,-0.4835523673734152,-0.5192274135185856,0.271570000882401,-0.16407656013917551,-0.11327249362190114,0.5558191420147963
2020-02-11,2.808261694092068,3.6537032265438065,-0.3035009867323073,0.46259995795579817,-0.5129405301765568,0.2504337495024815,0.470167029278686,-0.44667149018618346
2020-02-12,0.2839897103607776,0.5332620139171008,-0.9715508623997682,0.12309515478670759,0.8375094734514219,-0.16307638952035183,-0.38304553855199286,0.15885795555378443
2020-02-13,-4.4058738958051835,-2.2483712104871048,0.32807046825045594,0.8371450531043616,-0.4178943857445755,-0.21498822740993193,0.007022392039727057,0.0249683704145633
2020-02-14,-1.6039328498294922,0.655074890263731,0.13529590103517913,-0.693970033019793,0.024873515951358022,-0.2539303282551018,-0.6422176379404029,0.7124850288820663
2020-02-17,-1.3596101632034938,-0.5550931368538206,0.04913639508556892,0.3991836894407116,-0.19984436477040604,0.4351729194430472,0.5746887263508047,-0.7065176977505754
2020-02-18,-2.354605483461812,-0.9821892973347884,-0.23221308303104857,-0.6934336016896123,0.5225283386341714,-0.23330759211846655,0.05135300914883112,0.28147740284057915
2020-02-19,-2.6771738027010734,-2.6763834475810366,0.3393717545208399,0.45758995589841517,-0.641954928938534,0.6528361516233109,-0.5187936862858626,-0.43807255005229395
2020-02-20,-4.980425469807411,-4.102014442676128,-2.7949943623641897,-0.43136147988678836,-0.4070729658167598,-0.43679941545948753,0.49808772141995045,0.2910360913345666
2020-02-21,-0.29734201340090033,-0.935967856199653,-0.10431887593663533,0.045791627616486814,0.23084592694528994,-0.5910971959265999,0.5188208445326402,0.014828723336760906
2020-02-24,-7.737592312982438,-2.1057645321568255,-0.3399726018498965,-0.992517835654793,-0.5760123684647926,0.08058817575187183,-0.3419435071335578,0.33111210883579784
2020-02-25,-4.737266429331844,0.8038115220124956,-0.325982754579798,-0.21944483662932038,-0.13092430102019859,0.3969451063448756,0.3456100272381955,-0.7241884366530276
2020-02-26,4.763514770208984,4.2117880504416405,0.052938296525015444,0.41358403288690615,0.33060824146243345,-0.35807780282945795,0.35103705490696363,0.09186581015802132
2020-02-27,-5.578793145068159,-4.0110063908797375,-0.9197767518283617,0.040530451783461235,-0.1342788372376883,0.05534765730213875,-0.14896471346722476,0.04254394585785896
2020-02-28,-9.829879469855044,-0.4723924562794752,-2.8067468975970264,0.1544309750376432,-1.3730005745472067,-0.24381593818850278,-0.17389407795863482,0.07073877302628036
2020-03-02,-5.260432896712997,1.814415601615711,0.1080142932939169,-0.8762439157594114,2.6296614022589626,-1.6191141691585338,-0.6253071904229645,-0.800536997507168
2020-03-03,-5.115356398603538,1.721238924590256,-0.620654932453276,1.9792306409257283,-2.189024867928297,1.9887811833481563,2.1710877664086023,1.4971805944531493
2020-03-04,1.1203789175425738,0.595611521657371,1.2290248730466735,-1.9323017153029702,2.506712175248247,-1.8356671875761705,-2.2190780643310606,-1.668014426097096
2020-03-05,-3.1412768907950417,-0.7506574300190557,-0.9094625868305003,1.293629205756495,-1.704230434572652,0.3416766944529585,0.9363839686455034,0.9006011683707229
2020-03-06,-2.1195868732907814,-7.516902165757528,-3.1140891890014575,-1.6956030208969033,-1.9391521354335408,-0.13287571625437491,1.8605961791493761,0.25862179310041594
2020-03-09,-19.32495066732796,-9.919618547322782,-3.4083163809469785,-0.990298144093899,-0.6183595488048099,-1.1014496406036922,-0.21477686282336336,-1.1295368173258138
2020-03-10,11.47400756235246,4.211148917673081,-3.4291666122963185,-3.334909672311479,-1.2416263970818178,-1.0845159800410016,0.49965804024826604,-0.8198929533960684
2020-03-11,-4.176892816939322,0.2585705889055573,-2.082087513641151,-0.10133295947171445,-0.7090132336276883,-0.9450898942019089,-0.3990815235086243,-0.6078736197740043
2020-03-12,8.95189809866509,-3.2214289894100503,1.148389940303154,-1.371814159405654,0.28519934327487395,0.06692205492975359,1.0859824777586662,-0.027870991916468132
2020-03-13,28.466310058023637,4.065912848081575,2.0708381199063184,0.3077802151801332,-1.2042978689591228,-0.14336189571633207,0.14587470511742484,0.28310007982880797
2020-03-16,4.0836922668138955,0.1608201393261784,-1.3453640172706067,-1.4397746901313675,-1.8196391156338536,-0.0710961104606016,0.5069043661892187,-0.048118556310341516
2020-03-17,5.741731966575435,1.2395455713420347,-0.86547484161926,0.35409607679060634,-0.539996682025986,0.12902533113883322,0.4793722568784758,0.10419191835081808
2020-03-18,29.786405115551187,13.439535827506445,-0.8438965673289819,-0.16811404951044165,0.561850154639087,0.9708683754979093,-2.009084367160635,-0.07959964281753575
2020-03-19,9.034924817077744,-7.685637770484283,3.642563695247324,1.3442386544204046,1.2898482346463274,0.4074385503625077,0.5598502857942267,-0.13884375275258481
2020-03-20,-12.715094756223369,-1.0439862613191078,2.366043149797725,-0.7318035926485077,-2.1032019929142556,-1.292706531177425,2.045692200077178,0.7878969542304511
2020-03-23,-6.105571741011168,-4.629379803315177,1.3312652352459025,1.7072195749492536,2.3398979599932197,2.0040463964768436,-2.370051203254058,-0.22198049094970138
2020-03-24,11.093136409143819,4.710368239748319,1.7195804388895997,0.6248663350754019,1.0849462240650654,0.3117312668511178,-0.2649080015141856,-0.483905990542715
2020-03-25,10.89385000421255,7.099403672181531,1.9718767015295595,-1.2839908776187436,-1.7225782318147014,-1.0291338594031463,1.544218818639206,1.1886826200323763
2020-03-26,-14.62513288277119,-3.3014596144776593,3.5825746098721813,2.483722355563323,3.295415841968636,1.58620286563787,-2.199819184809845,-0.6056064496211268
2020-03-27,-16.95695521961267,-3.4596764932457895,-0.0451534857207553,-0.46952709165158685,-0.25868541652389776,0.687431349422444,-0.055951458727227545,0.10642146748145163
2020-03-30,-1.5770977861073512,-2.069936930316996,-0.02461495272843833,0.35727605406524066,-0.0644663207068987,-1.2213587659822045,-0.46973592448623785,0.25395333938392184
2020-03-31,4.315861414887587,1.9332483873171231,-0.5274991561623332,-0.14368660898963775,0.0969976165152186,0.6093073920628607,-0.2465974609967392,0.20513636358525708
2020-04-01,-1.4124957920905428,-2.5801004058146737,-0.06520589757265714,-0.7068982418258873,-0.06974557826771101,-0.17641503937216602,0.4940473683213376,-0.4120882187474162
2020-04-02,-0.6752546041995041,-3.410168882432571,-1.0524447250391766,-0.8760441415696185,-0.7784646999636867,-0.5346556849159999,0.0494951632894436,0.35339535427605434
2020-04-03,-1.4475780310657809,1.3368714840686777,-0.1903865350630878,-0.13521188921052782,-1.5085897425771575,-0.1808742291853286,2.2395414104295224,-1.2194686173369915
2020-04-06,2.9404731200973737,1.1531725482437019,2.35152221260207,0.847330294805483,1.6937916609771566,0.10996426356896183,-2.814636978628404,0.7662855718331059
2020-04-07,17.781680500799432,-0.17016818582586002,0.47960494109715834,-0.9469097624411709,-0.7092946199730122,0.9714313596725233,0.4561903045556503,-0.5047772835674208
2020-04-08,-1.6524783998678974,-1.7808023516320182,1.1406629261468701,0.17568155230078736,-0.010226520978045448,-0.3191484742207393,0.23701211343948714,-0.02416840529585045
2020-04-09,-7.726346079645667,0.04055263373509154,-0.6181589375796456,-1.0845807571474875,-0.20230732820831526,0.1407990824000934,-0.33084877123344136,0.4936821650445404
2020-04-10,-0.6595063450078719,0.572894601887436,0.16631570635976511,-0.7780504846461932,0.4880199203285442,-0.2537321831192833,0.5046862164164483,0.007162305416331373
2020-04-13,0.26158895288447437,2.3456569984399884,0.17186628537345855,0.4358767763534153,-0.34660534800975773,0.06443740478421635,-0.46817925846338027,-0.10618793153024615
2020-04-14,-6.7872040521722,-3.161543405974688,-0.440902719655138,0.4686931269483763,0.46933461778356683,0.7190981957276318,-0.6055244270719621,0.2826508998269387
2020-04-15,-8.572615900713188,-4.834295096421034,-0.35001079717498784,0.1594518928048083,-0.6496171786755435,-0.5520974847043334,0.7206013793674396,-0.15325458933219974
2020-04-16,-6.162497278315819,-3.3969984166972016,0.9180074771840493,-0.3426695837658384,-0.11676248192235451,-0.35153621827674647,-0.2679278053230667,0.02070305108196126
2020-04-17,2.418265269359368,1.018308948798348,-0.20408512112977614,0.33451605280724567,-0.012794378960373458,0.5082572731682653,-0.34858605179432794,0.1272057081169394
2020-04-20,8.585532741333612,-0.6019873821526789,1.1519787690320253,0.3815044427547365,0.7622471523545873,-0.4581183658543423,0.12190342669207485,-0.3205698447202295
2020-04-21,1.7933549172090248,-5.40320418944853,0.45870610377746157,-0.13668603623845207,-1.1022409295121272,0.2308454746225744,0.4538403300931897,0.07530908267352775
2020-04-22,12.329321505850931,1.3127164748123215,2.0710584426661183,-1.5809296384771965,0.09623914902668555,0.17184589084715837,-0.9606854586936686,0.3549148236107468
2020-04-23,-6.395763225923822,-1.403955615281002,-0.6839025900453856,-0.3383970617331513,-0.10314105649380878,-0.7287139082941181,0.480758679445469,0.0637526262420735
2020-04-24,-14.71050174958959,3.408214291462608,-1.5782800863101092,1.237036602059202,-0.3172590719603806,0.28962673718278736,-0.1370948192066394,-0.5276310024545582
2020-04-27,3.9811842157964166,1.6502425096083326,-1.5530268031648145,-0.5127128616700716,0.5370175082156894,-0.23274436992052605,0.6676777796593385,0.31304199378499614
2020-04-28,-5.945916196194898,2.473803447071747,-0.8782072609445116,1.3241473892109026,-0.07307663785067547,0.02829865136024648,-0.07561416438718316,-0.35204939586681977
2020-04-29,-4.451370353192891,-1.2628311912087913,-0.06561171255265244,-0.38100600248085786,0.01111510953550582,0.12157649957074956,-0.482766071366353,0.1997413308147525
2020-04-30,-15.798734717489326,-1.6858073372352342,-0.19067537142728458,-0.23299209868982904,-0.46870246488538264,-0.14831073776082004,0.5521293248113622,0.26968146717436087
2020-05-01,-0.22103547413458308,0.1274818484277258,0.09194214327948844,0.0529857760174758,0.07302222792968747,-0.17650898880058116,-0.22443055721997568,0.006610043880254941
2020-05-04,3.573613599964175,1.4604157793208195,1.7672297892517448,0.8078236752604726,0.20113312486913631,0.3627090126546986,-0.03955726359608417,-0.6849895510669033
2020-05-05,-2.608557552134083,-0.8302275891730877,0.21772126363456823,-0.4565810381332755,0.8060977129628977,-0.4552582903214595,-0.5271331629353817,0.8195814625859074
2020-05-06,10.262624164307843,1.75875590778432,1.7588521510459836,-0.44114669406565327,-1.0343006698585444,0.3903235348004668,-0.20142579121166615,0.3849978443493708
2020-05-07,-5.5456372313937115,-4.65689441226485,0.5671972623556856,0.38651434247405575,0.20142857421394036,0.38850211042278815,0.36964595143901985,-0.9714996430728494
2020-05-08,3.6166986185589636,4.475490893618839,-1.6680809196064696,-0.6282104732581493,0.5674764036559887,-0.3322064627762361,0.42690303630159454,0.6535588667796871
2020-05-11,0.5445686487027022,-2.1474224210160853,0.20475112912878338,0.713058324128463,-0.8488744068546074,-0.1113798162385078,-0.4350671747904168,-0.14939077950235002
2020-05-12,-3.908929049456653,-3.3848108992560353,-0.17700114729907093,-1.8443073372928163,0.7246960378110218,-0.3710002461243399,0.9643630288396583,0.07408734663627017
2020-05-13,-3.305898780665632,-1.2309550803893168,-1.1023900117566108,1.1348363934782868,-0.37184613176992937,0.5766142631200402,-0.6058321064810098,-0.3728208504429405
2020-05-14,-1.6160322921554973,-1.7261947539305071,1.1846291004355278,0.18731885716240182,0.05851170610746689,-0.3544266808847333,0.13400948065737187,-0.18861353922060287
2020-05-15,2.606246223218591,-1.6315092826908022,-0.6794694686287254,-0.20569700153875214,-0.360451504426359,0.42596712078008087,-0.40377461791549085,0.6115848522005761
2020-05-18,4.18174373071873,3.758369578432129,-0.034057875525982134,0.45413662699109025,0.7254382043995179,0.0363037283673767,0.2082818758665108,-0.40304303709160294
2020-05-19,1.2604119801344085,-0.9469661857871983,-0.6057668462510878,-0.8092980545282148,-1.1376520543467294,0.0436725082807169,-0.17028781054242684,0.006887674971771612
2020-05-20,-0.1643816886900407,0.10075095393385483,0.0046281179582038055,0.0415407219762192,0.0380164382449608,0.041601427184951474,0.011040714458441863,0.032625441933402076
2020-05-21,-3.0159743973840376,1.7030344150983803,-0.5873353868166596,0.31914309575393224,1.0654181780579268,-0.15802190297722243,0.5127868096136305,0.19532120699903235
2020-05-22,-1.0800574271613514,0.19116044537684362,0.8262310927315414,0.6725044184175553,-0.18251016094796726,-0.5095486727964464,-0.3074776693073812,0.3495876746849137
2020-05-25,-12.029359643614129,10.814526333198774,-4.007595298031024,3.1050967170682116,1.999344009583269,1.2441013886859908,1.1865048831422482,-1.6080985341164242
2020-05-26,20.62644163669292,-10.523355927949416,3.8009325985021083,-3.7076268488770516,-1.9609854257885357,-0.012827565133131913,-1.2659151087505751,1.4307120235353366
2020-05-27,-2.492389727346651,0.9476416333247649,-0.07703734064638956,0.4310794518899746,0.4063329247588706,0.27329229680717754,0.0025207727453668513,0.15645919003153477
2020-05-28,0.8636892668589162,1.073412713326776,0.41501000978206415,0.16178912033766063,-0.12048669165376995,-0.2982906872061891,-0.046162965677568966,0.3793300497652321
2020-05-29,-5.2820259554541,0.3380738371585223,-0.5643699430872928,0.6087803803646017,0.7166249948583998,-0.4856763357745238,0.47833792942876757,0.0638869980888799
2020-06-01,5.022657708799682,3.044118066673596,0.2458735733406883,0.49586156712369805,-0.03859503528352629,0.9133840510528307,0.2462121550666177,-0.6640995115607756
2020-06-02,0.12658450067307306,2.9025301778255863,-0.9403720076001805,0.35011907996893143,0.40827221248400275,-0.5315178113607842,0.1856760001095367,0.2352915070412329
2020-06-03,6.837947893017504,1.7489035035038694,0.31200612313449966,-0.16285405794719576,0.22754625727240327,0.11955700776102428,-1.0660688865615024,0.382698892669657
2020-06-04,5.242338974816824,4.87402263912501,1.7260578950291372,0.7079550803117789,0.055009395229856144,0.09601698214451314,0.40286185532551066,-0.21037022086526744
2020-06-05,2.896774556681981,3.684356971765916,-0.18471020990662765,0.30289440802479156,0.5365178209842235,0.20789457377961665,-0.8071538851882943,-0.24921876446345562
2020-06-08,-7.695911787620636,-1.8765722462975643,-0.29490705222371993,0.16669392889758747,-0.49304796540861545,-0.7851268930513425,0.7666487105025126,0.5291233043216415
2020-06-09,4.566372081962241,-0.07524030022173804,-0.31134457254237263,-0.21751105336402093,-0.5531891595762173,-0.06323133661109721,-0.43016209481780115,-0.24463867456460586
2020-06-10,-3.3893261423172567,-3.633675819761034,-1.0333331996481288,-0.22561320483202463,0.4283651433023562,-0.1833210281161204,0.42944320428784166,0.16313275797206925
2020-06-11,-12.978003487692257,-5.389235582096478,-0.5281655486630343,-0.03106896210448464,-1.1314339184661477,1.1292568190702805,0.9320581818675806,-1.8202429844113204
2020-06-12,-4.598051803726187,0.5427844553469029,0.5437105218079427,-0.022509655035649556,0.9304435793613273,-1.2190612775612288,-1.121541416000486,1.5406123338373536
2020-06-15,-0.5633863294099266,0.222696982775107,-0.7719809133642132,0.5407045304847029,0.27263695770912283,0.0436785334056269,0.38395947227266836,0.4061476836058591
2020-06-16,1.8208932914359812,1.3411368515182331,0.07929649053394186,-0.15490785701804358,0.8971286462151686,0.6187672024849242,-0.32966416254911723,-0.6066591089745976
2020-06-17,-0.8448232533170297,1.9275017130039773,-0.25320746630852276,0.08439309609502753,-0.632857279308795,-0.6286682921099107,0.5683525292535956,0.18005653249656842
2020-06-18,-5.836927809572991,-2.0919246477304783,-1.2643544400834523,-0.056896197292751444,0.3713549614116274,0.2415909217105911,-0.19317271172373088,-0.007050246491935157
2020-06-19,-1.6822769535664297,1.63470414912362,0.12521095405233143,0.3890805288213123,0.06657313805300957,-0.36563922583375674,-0.10334248585390039,0.31175528813726844
2020-06-22,-4.782926169477733,1.187928344583532,0.25553665778329643,0.02375989584597404,0.21690338370074477,-0.08609118682323846,-0.5095635602378624,-0.5007470295646146
2020-06-23,4.656720032856125,2.8119082148442307,-0.34048613381895837,0.6763708598081184,0.21621939808318508,1.5584420333546454,1.2376272896197325,-1.199573811698874
2020-06-24,-4.317393741668018,-2.1123232663629614,-0.6744699674219125,0.1621475267465245,-0.3546991779364891,-0.42239250112711824,-0.08661482947896446,0.10418413384780413
2020-06-25,-2.81326198594378,-1.3569176234452291,-0.956294771258899,-0.189153078278478,-0.2850732647954546,-0.309521187233095,0.39307205479507396,-0.3641377989034489
2020-06-26,-3.1304967166592097,-1.2472347751208654,-0.7166043765901007,0.059279331082231795,-0.06979034069236122,-0.9943165231026773,-1.259892230612683,1.369407508500255
2020-06-29,1.0277706958465822,0.6743864131332826,-0.14579655294288463,-0.27876354353266447,0.2581442152988874,0.13800613091780148,-0.11685899960022658,1.062375025999837
2020-06-30,0.3726810933160341,2.6960778761565183,0.9676677325076093,0.8532831715896139,0.9999161955908039,-0.5402663445843019,0.1164354265398329,-0.8863638610151489
2020-07-01,6.200448193292819,2.405142935926098,-0.8968739599065153,0.14728631044347257,-1.3180911531757418,0.10906134671110804,0.1071241336547553,0.48209109932830385
2020-07-02,-4.707443188442973,-1.570721916210827,0.8425228055089841,0.4822040799885844,0.6706109415525195,0.02244621305950303,-0.057815288815538504,-0.719195729810507
2020-07-03,-0.19701766480747102,2.579562423485362,-1.1416236327262392,-0.06521099510782077,0.558517904337948,1.1143243750010141,1.2309034573467044,-0.9779279589179464
2020-07-06,-1.0533920823873413,-0.7467590552558914,1.3698497904051194,0.20617260763347195,0.3962674833499893,-0.6745217260840292,-1.4758656228865208,1.1533782217756667
2020-07-07,-0.6994997606242447,-1.295191485080392,-0.7820256556862093,0.24275101299859975,-0.16739262565738985,-0.222434267200094,0.10696481049469128,-0.02004762142021521
2020-07-08,1.077666896830963,-1.8594569554946956,-0.7868913752343261,-0.507426145379369,-1.1671862754375448,-0.15082786794447442,-0.28806112456356164,0.28067384177311294
2020-07-09,-5.8557923360410395,-0.7988920463692082,-0.5766179431525714,0.3381262278201984,0.9604447399461475,0.02527710476570761,0.2887463241453257,-0.23666345211628684
2020-07-10,-1.564016910131363,0.51338166086261,-0.28436153939738834,-0.334010511910707,0.052383320684654275,-0.26794982704864717,0.12087635530017964,-0.046185350221833295
2020-07-13,9.175656872693342,1.0241678370417298,0.7850972143779892,-0.19288536849923865,-0.3506520659764419,-0.1504404154808173,-0.00812708064814271,0.23605270073489254
2020-07-14,-5.293821426601383,-3.3952374388525435,-0.9828208182157036,-0.5973814431772845,0.1179044466146668,0.2987527753034107,0.7331695982038317,-0.49440127798087125
2020-07-15,-1.4683666474811259,1.1194248620389893,-0.1317996551355087,0.8354595835093362,-0.3812353178658859,-0.43391156699047195,-0.5284474132940125,0.12304069288979119
2020-07-16,-2.8036513565865224,1.1324253838863583,0.46372399859847,0.6129102907124706,0.6884516432410497,-0.5083172229869594,-1.0535064002189654,0.40199550289109565
2020-07-17,2.7421485848001583,1.392487935827768,-0.7304052686905911,-0.6870508122953494,-0.5226362396790831,0.3170063056724854,1.137956102423789,0.10161871407484034
2020-07-20,-2.8201889155885094,-1.5315839261585122,0.02116057943009994,0.3432430514882465,0.10891395141254676,-0.18606136723457475,-0.42289171215047056,-0.9652317816579519
2020-07-21,-3.3367228320606146,-0.08559230895656561,0.5534388215522213,-0.1684058387077809,-0.013493375840248263,-0.3235888253976445,-0.7884039995951105,0.5651928830848991
2020-07-22,-3.3842416644455176,-1.40122516196475,-0.0011937871929263797,-0.1943457347266201,0.4430652569535493,0.39623492419763134,0.6330954875588735,-0.27819856821539946
2020-07-23,0.6696108273856152,0.41086691774911804,-0.34282981091017833,-0.20858216061853524,-0.619351818924867,-0.040231172526578075,0.781828401600268,0.07793377258269947
2020-07-24,5.533696124328007,0.9717137950096048,-0.8947599674191035,0.07892681238879266,0.5430495942709752,-0.11373993376077535,-1.007987347516944,-0.20280756378665607
2020-07-27,-6.45205757693504,-2.6992383531462227,-0.3788857812989677,-0.14830289888893203,-0.4769353017361197,0.5893661054953018,0.36341519448230164,0.08036517200187329
2020-07-28,-4.429672971109933,-0.5548103719759186,0.7753965620623495,0.36926290107113996,-0.078198325714815,0.49800454856545134,-0.07099840072377944,0.219985272203624
2020-07-29,4.520498471750359,2.6782552947651355,-0.43249477468476194,-1.0119101844725626,-0.10586479229128584,-0.6579429880461143,-0.07281084712655386,0.05357151497114324
2020-07-30,-9.741462381085995,-0.9438783456460988,-2.055378252244715,1.6497970742247454,0.7862171022967984,-0.9068992472395265,-0.31899644463119775,0.28157927002227534
2020-07-31,2.9002460823722287,3.3718710711381013,0.6307534156001808,0.20158218435748126,0.28929992296034335,0.628333295411166,0.9071057053204716,-0.19243788892188896
2020-08-03,0.5567136854408561,0.46481718892472085,-0.5352568134278424,0.729857041894196,-0.04891835208785974,-0.6481675685067022,-0.08116512004089083,-0.45817115691387084
2020-08-04,-7.552063345561432,-2.8461049545646064,-0.7942749636431076,0.25726817169825195,0.09640157670777699,0.5929777325573269,-0.10880845195288871,0.416457498579446
2020-08-05,8.182655855625637,3.0032856647595993,0.023292817142055056,-0.28816151526799333,0.051257324434093074,0.08602529659745026,-0.02784257078839379,0.051168335034687505
2020-08-06,-3.3631408071706983,-1.2975428893324752,0.2512344966618686,-0.023114547775971838,0.2590747072229577,0.13596526981437662,-0.015357265007324608,-0.005470141761450181
2020-08-07,4.242710864717631,2.13926449023077,-0.18041587971738318,0.356461773732748,0.09180756764884611,-0.03178971474442083,-0.023384410316845,0.004052664930200472
2020-08-10,-5.658551418771634,-1.4317856123628305,0.2159662248172943,0.3584759228617615,0.26838923476706156,0.007763299901407574,-0.03156906290798766,0.023314390172689718
2020-08-11,9.40652749088949,4.322083926238129,-0.7703204917250422,-0.24875494734577716,-0.5217777390243421,0.9729991531292488,1.3567646897077394,-1.2934153672200712
2020-08-12,3.3197327301892883,0.702400862319958,0.4352199951327461,0.630792744583952,0.3304580949893468,-0.11854404931338511,-0.029176587101028283,0.13916494387118622
2020-08-13,7.221467592827459,2.9190099051791925,-0.46310506546106145,-0.29148339212216434,-0.25247389646967683,-0.06389118540693131,0.5197256131731471,-0.2592543808292589
2020-08-14,-1.9850736428126163,0.018593921914001152,0.08961052198095808,0.005710970356358334,0.22695923511058652,-0.1608913123910923,-0.386980342630766,0.2734610668595203
2020-08-17,-5.635377981766207,-1.7269058578984076,0.7324804403774781,0.6895062968143802,0.2343213653418489,-0.7345166345722961,-0.7455482675746402,1.626745886555224
2020-08-18,-3.222378184082845,0.012962554612788082,-0.7398555062377222,-0.0551804027455049,-0.1557937710729399,-0.5423092641274923,-0.060585150097838956,-0.3045620894321261
2020-08-19,-1.4239486956294098,0.09523795139692245,0.43376704362262936,-0.3720726715857748,1.0043603674160815,-0.16508709041442574,-0.3900011154773812,-0.07153320085232885
2020-08-20,-4.758773762141298,-0.9024797703032001,-0.7468287735619725,0.29457563127585656,-0.4374957323777073,-0.18129074741188755,0.4897885564375801,-0.7363890066377231
2020-08-21,-2.082975924454254,0.07542682965647823,0.37563464420002535,0.5437389725082512,-0.28028741665578627,0.826881492313619,-0.38343604530303294,0.28740354763598575
2020-08-24,2.345439667612537,1.9311070349629582,0.388147041555642,-0.23449191110438364,0.11916288091481968,-0.8162829421001023,-0.6822619157261525,0.7157021020251297
2020-08-25,8.731524202042449,2.0098695269078166,0.16367575753324343,-0.14104024077727195,0.09929956976699149,0.345920221342201,0.7245243079847916,0.11367054681208506
2020-08-26,0.24386127165366817,0.581053567352374,0.30880515062311276,0.20258276926925717,0.26516490857811115,0.13684917589799553,-0.1474817384447336,-0.05897667262707812
2020-08-27,6.452565704745941,4.7341885581421534,0.6857268423662548,-0.4414469237344898,0.30425301020562273,-0.4193294988932721,-0.2541315877775476,0.521435263205397
2020-08-28,-2.437395451780966,0.5358388251588753,0.8082250136307143,0.5229324593454224,-0.11098718927215505,0.5593651250100258,0.016435292297986022,-0.6375913679881765
2020-08-31,0.8151245964100703,-0.9613650538980246,-0.6241878007406552,-0.029419317148547116,0.020816937746700553,-0.23579121423235785,0.33698869352350447,0.07675764342514999
2020-09-01,-4.698488061958038,-0.9070494390752665,0.5186984589413381,0.1691578713073463,-0.3017482024436168,0.12918927839071256,-0.13101188082846274,-0.016085223125232386
2020-09-02,-10.155083702869772,-1.7399162236678698,-1.1103106018232174,-0.11003859806000602,0.3124458180803676,-0.7542243521673279,0.09836030716043381,0.15743769760656273
2020-09-03,-2.000138259001352,-0.4748113996478688,-0.3430655941492582,-0.2005403381907771,-0.13656126734769394,0.1712268655848461,-1.087314997787418,0.045518632934596015
2020-09-04,3.0376732540329145,1.823129025190387,-0.3936645279700571,-0.5218800991896636,-0.28802683923260924,0.2921959057357197,0.8549041681408942,0.07225535468886711
2020-09-07,-0.7036000507753348,0.7087250893417228,-0.10100505776468112,1.144733895404938,0.028453057767063913,0.11428861625890598,0.7146407566523506,0.20318205386965912
2020-09-08,-5.237039301774576,-2.9722914365445567,0.8054628869619092,-0.7469648277558929,0.49218376342535086,-0.7103302232626212,-1.2097661949214191,-0.35148287786549587
2020-09-09,7.540739608771068,2.638428056740481,-0.560871695577284,0.43857910317527615,-0.7110404718077186,0.23577555275150672,0.9088763153650823,-0.1599169852243575
2020-09-10,2.532081762508413,-0.29611858603597635,0.38674216786598786,-0.15943263075131955,-0.09129886054501753,0.03651487146543454,-0.047979054441209174,-0.037704752722899186
2020-09-11,-8.072719808310149,-2.173557965346839,-0.1932727289888938,0.07254038407760158,0.9979688900686424,-0.46165417931289987,-0.7225764702571891,0.1453743320704005
2020-09-14,-0.7147512507958905,1.0648206596107759,-0.8338634603570452,0.5804303226146642,-0.7985252930683385,0.3227178352715822,0.6368337992847987,-0.7572146247768692
2020-09-15,0.22977206667446767,-0.07329050243774658,-0.45640656786526246,-0.4277405459243459,0.4506864413328493,0.14275002058253325,-0.3578200931211007,0.28755412587911594
2020-09-16,-0.7269522163387051,-0.1655380739480765,0.1415093716325881,0.05450608056972747,0.06154377329797443,-0.5217745465893825,-0.5628195115513636,0.3471701837475992
2020-09-17,-4.28122298882186,-0.8311599069227154,0.24306147385019172,0.04802763176043617,-0.4461133087013806,0.49320564666518735,0.4104086262058364,-0.4582356380901609
2020-09-18,1.136212621262726,1.7588023983321788,-0.8626366669695644,-0.6699837131856272,0.7962865654588309,-0.44987333296383436,0.6080953051995625,0.029557930624817843
2020-09-21,-4.99537915743016,-0.4225441254639231,-0.8554450250170981,0.018505381107168754,-0.13755077620398648,0.14038134213572961,-1.045755173498407,0.3401484679310167
2020-09-22,2.3618954864559156,0.5771345661527096,0.31491187364580986,0.9422651731776642,-0.06712900745618915,0.15752192711637633,0.6984344257848699,-0.21006469153512783
2020-09-23,-0.5922465211788068,-0.9298451019397148,0.2657645584282259,-0.6160135307237614,-0.5247145413095844,0.39261822323207163,0.25244487855354714,0.3733286882518962
2020-09-24,0.7953331346077153,-0.7340685333820943,-0.6764219429066228,-0.47225893630902693,0.6173044688387904,-0.12291025423801719,0.5780336858780071,-0.3280473487356495
2020-09-25,-3.4073527335613436,-0.9164785429975031,0.17531317189427525,0.23957362626812262,-0.6058113035695153,-0.6610006506789907,-1.3868929797700056,0.4010682183204886
2020-09-28,1.57397907846167,1.2388018291959992,-0.005340867925897297,-0.048310827605692996,-0.3505854925522311,0.16111666584738882,0.7203324911091756,-0.4536658180998769
2020-09-29,-2.8245964469989415,-2.0967536718170536,-0.6148760591221034,-0.07987960610200708,0.4597787105199042,0.48393105125114044,-0.2815397568603689,0.01996466983584343
2020-09-30,2.1603673091123765,2.6563790929097384,0.7569730664677781,0.662336651126895,-0.07920209423743499,0.051226632976695545,0.316593641012193,0.1768509092544532
2020-10-01,0.18205298352713806,0.3362168830011967,-0.6161248978748086,0.1750887016395279,0.17421060815373907,-0.40362678102157645,0.162918228117389,0.0944773306768879
2020-10-02,-2.617529506202333,0.23723016913777756,0.35324884243349763,-0.2011209643635485,-0.06194007305806256,0.38884067087781693,-0.03801997732865873,0.13284898063650555
2020-10-05,4.84743574440346,3.106654160156233,-0.12029437899704834,-0.7685392023274097,0.16602019291941705,-0.20938387567143038,0.00017852056833513844,0.34068427956028957
2020-10-06,-3.6346997759048367,-1.7772306834332554,0.2863799528123203,0.8424581975561187,-0.38368696133658925,0.2517299236309981,0.4513159004523935,-0.5090335490281986
2020-10-07,3.9797498753231095,3.283598843601874,-0.38653608226770925,-0.004733510489486428,0.7091392203329018,-0.554088261768552,-0.3685452614371324,1.4516619629565648
2020-10-08,-4.815550214749791,-1.315991176210746,0.5023511580354277,0.15074822423024378,-0.2736685039316367,0.36876719855496454,-0.012492335524568451,-1.5196889032025869
2020-10-09,-0.010952950518673914,1.134540086440887,0.4997893107110783,0.1849083797468915,-0.007461986868325801,0.05339094455705012,-0.00972708309817267,0.13041183374940807
2020-10-12,-1.9862185576641467,-1.2986283808844996,-0.2744255909207561,0.15020733225491237,0.24717615125843076,-0.0685646763981836,0.02935867962207939,-0.0126359293129901
2020-10-13,-3.5565948453020884,-1.724750423911,-0.09167384852163621,-0.18289972571273322,-0.07264772213969997,-0.4154561921445905,0.19911367003717365,0.5068272722620245
2020-10-14,-4.691198571140119,-1.168060698757865,-0.4255276183459809,0.12804815710227715,0.052076161226381104,0.3990829832496298,-0.2936813266131488,-0.511233131502364
2020-10-15,-3.0592729106894816,-2.0501321634511727,-1.0957463054673735,-0.037741745024841844,-0.16875661996965222,-0.32570622573521557,0.4646244493685255,-0.35193772942285706
2020-10-16,-2.9778765397039733,0.15540832063078533,0.10460813021841353,-0.15709009462192855,-0.16583833318853497,0.20493534271942707,-0.34130510973895184,0.2639839857576452
2020-10-19,-0.9825075292469052,0.4202033062805574,0.48957782758627516,0.141820696760867,0.10168741942997052,-0.08467399705476639,-0.0821133158045071,0.035920804721712565
2020-10-20,5.0062106704030205,1.9750932619931791,0.28129452144987044,-0.30309608790471015,0.14007653042390997,0.018441338982676372,0.22251492137613932,0.0022486996982636425
2020-10-21,4.2199545794164095,1.0810455458276509,-0.7708867248163518,0.41419371594085835,0.074559230163139,-0.1978087665390983,-0.5263869555706489,-0.27824970821956996
2020-10-22,3.118046236441952,2.5767015383008314,0.6008445048091672,0.0043303053431707535,0.37892219602762883,0.081346698023136,-0.16060096534987983,0.7643492535864755
2020-10-23,-2.0350032912367815,-1.2245789418191622,0.3825312096029134,0.03918701692784154,-0.5427998237883553,0.23552757797854623,0.309155452866329,-0.5173126649901933
2020-10-26,-1.48082698429414,-0.5768650439768072,-0.09062296680810654,-0.05410058379606989,0.004606752133451564,-0.10303916066748994,0.21139861384324776,0.05017308884477803
2020-10-27,-7.132286549532819,-2.077577172148625,-0.9369580746444158,-0.27111073308306194,0.469579103763663,0.38037287852964996,0.13530042300108847,0.03245447971002625
2020-10-28,0.7649650902853525,0.5026217907690398,-0.6031448261084574,0.1316159846453593,-0.31260030628966534,-1.01511851655624,0.22979952880576,-0.053794061200849
2020-10-29,0.0625838275089941,1.7743037544196485,-0.39784074131974395,0.5606021871538324,0.22015726427241922,0.2371170750039555,-0.6129476033370965,-0.2233796777976026
2020-10-30,-1.8583041870670316,1.0945499713901778,0.6118212489008336,-0.4333315316769829,-0.4825072613210939,-0.21919649015274043,0.5710877389457282,0.132574337409252
2020-11-02,1.9444355206577268,0.2404539254829618,-0.14652023274370118,-0.11025001347611528,0.6373675835236197,-0.7144881247865783,-0.4961765181135063,0.08852069257863998
2020-11-03,2.0228161768430892,1.0885937923875832,0.11258522223108129,0.7463580867786208,-0.5109083882244914,0.5364154302280387,0.23781550627171258,-0.16160020135041844
2020-11-04,-2.215006161777141,-0.832047363687474,-0.1503047687092547,-0.6752279120050052,0.5712100367106137,-0.320694656878038,-0.06727925885031684,0.13400202107000972
2020-11-05,-1.6263939474053761,-0.7281508230849016,0.05155247059609615,0.41809692140852184,-0.20429771755341522,0.411701513368174,0.5280879444644478,-0.42390218184182915
2020-11-06,1.3575563600123142,1.698692611478516,0.8523501118211603,0.47228104342386346,0.2452786259703113,0.19335151479120774,-0.0357715861695626,0.6329921103589548
2020-11-09,14.323229699240011,5.19293799657614,1.466519006290929,0.24077476401159795,0.4915005548629772,1.0068080042992793,-0.4253044470887946,0.2196001504754679
2020-11-10,5.727447666960675,1.016550807759112,-0.8033407211905349,-0.20090368088793148,-0.36613126853101274,-0.35845419165296893,-0.18979427408751176,-0.22631466394107758
2020-11-11,-3.6415341358119613,-1.98105072740508,0.15200412798394214,0.5291468873242453,0.2127457249712589,0.02216644660804355,-0.4789244621697013,0.24489706465710814
2020-11-12,-5.047675976350761,-2.2380266927702923,0.18613762217512111,-0.016120819548250353,-0.3112064506464081,-0.8931469862529444,0.2785623347653095,-0.3137939945929676
2020-11-13,-0.7545291322153626,1.095910533756755,-0.020334371199487455,-0.7336471214645462,-0.003388600479643799,0.34945265511513435,0.006312347707888356,0.0903746746721414
2020-11-16,0.7293974001567177,-0.7765137415069547,-1.1769468213441152,-0.16334520958144882,-0.31393689909910283,0.3134240959392945,-0.2391757629794414,-0.4397102563131901
2020-11-17,-4.0198133513368575,-1.0352584499020865,-0.21953818676956757,0.5253754121416063,0.9926687494750664,-0.2097881476764953,0.0637812936740635,0.4113647547753405
2020-11-18,0.5606317365012469,0.2680672959520849,-0.4468966094727494,-0.2897058213335859,-0.7099801473284333,-0.18975087665147147,0.7574986123686376,-0.017770482280350774
2020-11-19,-2.8718140515991895,-0.09596894838863135,0.11042631245416497,-0.39040950603200075,-0.27340617266638695,0.039961361253062495,-0.0947894855357949,-0.09046094737727535
2020-11-20,-4.46869229198049,-2.08734664724852,0.6338378816806998,1.0925810801508704,0.27368129583324075,0.33356252334252845,-0.31947178668943416,-0.5543418796774944
2020-11-23,4.478703775462324,1.2513509687400095,-0.4053754244623591,-0.004952766639856116,0.46840940733710074,0.10353328010408398,0.17742309897698164,0.17704036185508226
2020-11-24,2.974093497742733,1.3721723470707945,-0.24465935641039116,0.10322858807013297,-0.5640202652745633,-0.47955355909741837,-0.5112188186007343,0.0591918782088904
2020-11-25,-2.2751412963610043,-0.8465344264156872,0.37068684377049266,-0.7456825477646478,0.25024760478557234,0.42051569511958037,0.5041289195591379,0.31665141104693395
2020-11-26,-4.209757533118794,-2.0930971768947426,-0.3559396244949984,0.12402736919311583,0.05917342556107474,0.11275295633775585,-0.2228551223796898,0.04420523476607295
2020-11-27,-0.6631121965065916,-0.4497995942693128,-0.07595457598431196,0.7265068557296895,-0.2849340557312703,-0.9672077522036328,-0.11187825194421504,0.05231668908443342
2020-11-30,0.8123920000867184,0.19448745482419505,-0.6096207645894057,-0.44850440240129247,0.417970972118839,0.7226615978778965,0.2441091106408334,-0.05194071242206227
2020-12-01,5.608246094358699,1.7559045077027364,0.5660250188353403,-0.4910688384306511,-0.0822654640513581,-0.27476221837819365,-0.11939343285561607,0.24902555429298692
2020-12-02,-0.6928719868563455,0.6779823568683983,-0.1610051720388344,1.0355806896591442,-0.0547534263463608,-0.252180150061085,0.5123117719563678,-0.15649233119606662
2020-12-03,-4.650539077395749,-0.6285336465640198,-0.22242437710681515,-0.5467810650689888,-0.3905061240875678,0.5775107101545586,-0.9148965610839499,0.1959359142572435
2020-12-04,1.221812542637398,2.518031929010718,-0.3390769811583695,-1.0452674569618292,0.8706966706489221,0.05816550234023321,0.4184887196831568,0.1144081578147228
2020-12-07,-5.065378941741273,-0.6875903608327117,0.39826554810230297,0.6969725291235753,-0.6173139571881394,-0.0501508103595167,0.40576253543091384,-0.36388546656815923
2020-12-08,-3.5638874290764204,-1.392303124820374,-0.20624562323329,0.25916369876185247,-0.09854078034325667,-0.012678400795612702,0.12121080344187762,-0.0950112380043109
2020-12-09,-0.6577288512542507,0.06770607781381682,-0.5914644872491297,0.275416474877681,0.21678288384103303,0.08838184305367712,0.0751486701855588,-0.011382196114598587
2020-12-10,-2.304408773487425,-1.7021765981643846,-0.5524216881453375,-0.10913360245602635,0.058675799292886945,0.19100214441898858,-0.052667793375789404,0.6408383341151721
2020-12-11,-3.225294801459715,-2.2183333138117747,-0.5943765287076277,-0.031950028011536666,-0.7920311244122435,-0.6328250189155831,0.19859903291754155,-0.07666091500194495
2020-12-14,1.3139075278898347,0.9757636755049435,0.00872564122425597,-0.3001757593342985,0.31972817100552364,-0.29519436114433295,-0.5259655635558148,0.5460045804832965
2020-12-15,1.2636991966485709,-0.4261344953275598,-0.086625392995229,0.6775907818290764,0.008463729441828084,-0.2767455445021924,0.1989634810146829,-1.0831956473173845
2020-12-16,5.30018430328068,1.4860649824227843,0.4634337806059723,-0.5976836611710266,-0.19880147498851003,-0.6381739349540463,-0.3155705263084268,0.2082982747404202
2020-12-17,0.6313220515029312,-1.0510571041524162,0.9669691264516925,0.6387602025881576,0.5127939144864396,0.9714750372359527,-0.086078586738916,-0.4222500237044208
2020-12-18,1.1400499463691827,0.33678519663543843,-0.7310177377398472,-0.6210768660185673,-0.14324198595447896,0.16558121375843046,0.429998446482864,0.3998554349325489
2020-12-21,0.2161878684599077,0.49015769358276234,0.1967149890377364,0.03913017370209097,0.12980006529699056,-0.36598189188853925,-0.40332334827442756,-0.5333958066397535
2020-12-22,-2.0719200462674467,-1.397537404997384,-0.3304125178785171,0.0639302070694172,0.2520162332205016,0.5099775132187649,-0.0007642430149831243,0.8450074111563435
2020-12-23,5.354493355339529,2.2456876118772406,-0.06284175827077922,0.48928508893236905,-0.6399144301869312,0.25808208310926267,0.23697996075443073,-0.48422569686764916
2020-12-24,-0.31793834536651683,-0.7182587025726185,-0.013768735862655196,-0.22019224964737613,0.41383452769085294,-0.03512591801611934,-0.005865095351663808,-0.033622688699574334
2020-12-25,-0.40310026920434283,0.20887213187036363,-0.2986363279208383,0.25968380500857086,0.05944963583685471,-0.06841730270939338,-0.11328756161213842,0.15771140546414214
2020-12-28,-1.8429062849479072,-0.636577660421888,0.4911646509845502,0.1817702206029172,-0.1898441428398161,0.4024466974680934,0.3975125602968327,-0.463690327342047
2020-12-29,-2.8815720537882554,0.28514286884498535,-0.0899555034833829,-0.25776900741999886,0.2581592128299809,-0.28211288044480787,-0.3918335001455567,0.4731732134833469
2020-12-30,-0.9050019769629531,0.4420320068344864,0.15762653691939132,0.34126204630299,-0.16930865719563173,0.01913654958017808,0.10031280119087568,-0.033021886069720285
2020-12-31,0.47015911985793807,0.7506340986128213,-0.524783680779938,-0.284161392797351,0.5532164451417174,0.3471021089841029,-0.0794929244069552,-0.4021079095430623
2021-01-01,-0.31983767756150144,-0.03700911861601357,-0.03369174893254215,0.03345338915038371,0.20477575146103658,0.15865355550732715,-0.08596662648880056,-0.16587263689241818
2021-01-04,-7.876247294841768,-0.517600410900458,-0.30361550727134357,-0.3010628683419661,-0.22955163815023688,-0.38902645907245936,0.21726249846584242,0.2648293039609059
2021-01-05,5.021633614387396,2.2569761123455288,0.3448894362715995,0.4597051768709146,-0.22337043712458002,-0.6482876378241748,0.3689017370521037,0.008865511903226975
2021-01-06,2.7808430968843205,1.4059941388092259,0.0050866683005571425,0.37585356656930613,0.10896763116315088,0.2619344601094157,-0.667101414390419,-0.2745690214812942
2021-01-07,3.897981084824523,1.672563976306508,1.1392458928078417,-0.6082670014590589,-0.18460906737359484,-0.7370803845586249,0.44786795038861776,0.9045654816605392
2021-01-08,0.7034129092023513,0.0516878330271627,-0.7136875631519769,-0.5296280631163434,0.3273426437152715,0.5731418937530021,0.21977932140920375,-0.14764496728511095
2021-01-11,4.036483668433647,0.9958111283683695,0.23125925985177515,1.229952294609452,-0.12989247013450048,-0.13948606915305953,-0.4010613651797854,0.41616108321003004
2021-01-12,2.7496772573228876,1.819169262213873,-0.10911144335775753,-0.22018622268236365,0.4084711492726175,1.0388792597525525,0.6620166719442149,-0.11801263453979434
2021-01-13,-7.396665378104385,-4.3256927136435825,-0.5875882402289607,-0.35091649642869027,-0.48679293794136264,-1.1234159302760152,0.11826989839942953,0.020887128375239754
2021-01-14,-2.4076228554823014,0.9822269814172816,-0.11602119516166719,0.29418596690633,0.31953424968934707,-0.2612155334190934,-0.3280837198870238,-0.39926277540808697
2021-01-15,0.12426764305454363,1.2759140599920193,0.15944936879238222,-0.018238953105225452,-0.16016175982652844,0.3300702561024798,-0.7615777127432309,-0.35299342518921506
2021-01-18,3.0123814386512504,0.6254081064037272,-0.08728021155685607,0.4063792452967305,-0.0939570819923714,-0.3194632756402629,0.3343889762958276,0.7319235099206538
2021-01-19,0.3346166057552681,-0.32026027896120823,0.26994829992942776,-0.6662291557131835,-0.495855826272756,0.5151065800789795,0.4319000898387374,-0.5640888169101215
2021-01-20,0.4477302484432042,0.21230874115631737,-0.24827297074012267,-0.26549322449424667,0.6319430981399868,0.44178942883232303,-0.30916051465784344,0.4789626356052149
2021-01-21,7.309480990634333,3.6504966146447932,0.3427373522547488,0.18629262440325361,0.14354841175565855,-0.2907292642018956,0.40821657508329257,0.15944057178599036
2021-01-22,-3.8393266419238854,-2.7866619394567578,0.5129124453554468,-0.15713596940597502,-0.3159461584480543,0.03803501792875626,-0.5356850717314808,0.15748401868671127
2021-01-25,-6.007931606908153,-1.6582615476671696,-0.6416268943735511,0.4927855668406252,0.07684837484291455,0.16768703671585286,0.07570866626758364,-0.3360810501465464
2021-01-26,3.9424330847180697,2.931136092350467,0.33860224623004037,-0.17734062478019444,0.22963011846697456,0.27412709816006564,0.2920503446123447,-0.2568468719146868
2021-01-27,-1.6407588136776918,1.6563264231536068,0.1134591496678089,0.3342749238623719,0.03368934056623743,-0.5875940243057317,-0.2438715641615167,0.07814607698995575
2021-01-28,1.107942806230392,1.3650579613648686,0.6037083276795046,0.26932725873978886,0.024214822584515513,-0.2049027446654364,-0.12145790301260913,0.3597701982869426
2021-01-29,2.2673898824391268,1.645709697286684,0.08166114325006978,-0.22187492880930515,0.448225497443366,0.2805174328722308,-0.08728425694199456,0.0035138446163643484
2021-02-01,0.5222403357541469,-0.8423419638166676,0.015280710820823414,0.8203742920050314,0.0820665172877619,-0.16680308880718758,0.10808594420925181,-0.06807266197859066
2021-02-02,3.5357257226291634,1.9479769963642841,0.6407141528265214,-0.8938283186819856,-0.35027297348212827,0.22222571998246704,0.21773575485300248,-0.2200082152848808
2021-02-03,5.619215006069393,2.3494939499950553,0.07811277443159795,0.14185474230511014,0.3584724456499657,-0.26803559672678895,0.045456536038273584,0.44244213825996387
2021-02-04,1.0167659836408915,1.043534894438771,0.2516343894387387,0.18061363865524932,0.27834125289011374,0.5129690936566128,0.24726543395076736,-0.681482135214836
2021-02-05,4.314671630060352,2.196961929497402,0.9967956669974017,-0.1115110620275054,-0.8493141594719468,-0.19641671620065404,-0.561190427901416,0.676599752952887
2021-02-08,0.18355367419905258,-0.3604654949164464,0.2692360224366536,0.2609161153862248,0.518413282880818,-0.3961696444636275,0.3765182511172176,-0.01297055464835446
2021-02-09,-1.0577617274412654,0.15614880470698858,-0.3122870257170537,-0.1102408570912521,-0.017341000652622486,0.9235939314053316,-0.4890820714969091,-0.3847859904467848
2021-02-10,-0.5032142473183105,1.154897732866996,0.920898698951006,0.062210201489777205,0.2218894630938916,-0.15314073206056378,0.6073447858285669,-0.30895283213386104
2021-02-11,-1.3731249466180881,-0.9069613556068202,-0.8723019969417324,1.1843925416801149,0.3097567521605618,-0.04360843141423743,-0.7962369632406386,0.1572776070734822
2021-02-12,6.36962392906799,5.199905152412307,1.620372357116717,-0.0757634020936745,0.15166713957148165,0.13762775355370538,0.08323307002060755,0.04024580142939073
2021-02-15,7.466922355548629,2.749819670434251,0.047364315012830505,-0.6688277692433089,-0.0027250045549884775,-0.5402325711317798,0.0013554319050817036,0.7448748872350401
2021-02-16,7.620973888349438,3.9193171434642684,0.4439135463955366,0.2588044306884033,0.468537517652014,0.003500857351803683,0.3318736612195475,-0.5754713887703019
2021-02-17,-5.336069338404249,-1.7899093480334067,-0.13488849966230013,-0.12693617949571476,-0.5365077998276011,0.3606931529545301,0.3315156900618766,-0.4026897127088906
2021-02-18,3.487895595660799,0.45723996419309426,-0.6219960837231174,-0.20310442176139512,0.27855919955254965,-0.6450961033032959,-0.32027873009033037,0.29452273966642933
2021-02-19,7.916933188647498,4.190004904506841,0.621057215494024,-0.6550640095661975,-0.842220706838709,0.37515325092941487,0.242881741785903,-0.364595509288385
2021-02-22,-6.3321036133235475,-4.238423526287952,-0.5268865017139941,0.35597701670314946,0.5509058375917245,0.3523853084687955,-0.7703899469138371,0.21706264224634333
2021-02-23,1.0779735318136003,0.8981772549368049,-0.02937553681080416,-0.06294402870223176,-0.35367456430739314,-0.030101531852494486,0.5121933861711004,-0.21001489419021502
2021-02-24,0.815102394677506,1.087804635516375,0.48610890996972667,0.22615947074956494,0.07508376904545011,-0.14586990057139373,-0.14189188493715227,0.19578260214422474
2021-02-25,22.136617324990848,3.68821498577599,-3.342473501501827,-1.7775284881573534,0.0808259975800638,-1.344280929421998,-1.1477802827592956,0.5528889342885026
2021-02-26,-17.2720286029588,-7.512379197287756,1.266677329264883,1.9790214875084908,-0.9051910977680082,0.8201648220571484,1.3012946702501271,-1.1617403908167923
2021-03-01,-9.795881353589193,-1.8092583181521809,1.1236365752029775,-0.4837462274939483,0.6393151494428209,0.30135932361299894,-0.7693492151699178,0.7033934583247693
2021-03-02,-4.388255280787999,0.024042994838537574,0.23089644863992953,0.8819998386210897,0.2755098491872953,0.08164394463026665,-0.14901415406938487,-0.009975008581782118
2021-03-03,11.836173892657147,6.87253907163108,0.8354178272299808,-0.0009069390135209088,0.2609778645016274,-0.25667104533409474,0.6283296503178374,-0.05577244978783118
2021-03-04,0.7875899953029774,-0.38066457550084115,0.4356668076163936,1.1562877996448773,0.48615887383385775,0.423809794949896,0.13520581714764907,0.3662446111228209
2021-03-05,-1.208186929235161,0.5174103890928932,-0.44070156805132676,-1.1398174108506107,-0.546398295587523,-0.7060399085187782,-0.2789758320252412,-0.22606785612124103
2021-03-08,6.113907643599897,1.0344613586589162,-1.3420128681118584,-0.09406271759975375,0.09699688404284655,0.46252756408036916,0.06733442433529686,-0.13503855090359948
2021-03-09,-4.912514586190948,-1.981656549697857,0.4363293109382349,0.22492988104626033,0.012875369702912543,-0.320434197137119,0.3860549447918169,-0.04786016699711701
2021-03-10,-3.8982147421440136,-1.2214191742284346,-0.3570426654493371,-0.5304529468704866,-0.2915963083161631,0.3817966178315931,-0.11196053469917135,0.08230170014177988
2021-03-11,-1.8775699524601175,0.9871643504236134,0.4746212318199174,0.5998579761198147,0.47424543137201125,-0.1275550812143855,-0.15071924580962662,-0.02367408317709792
2021-03-12,7.0324482933202015,3.2289578665912337,0.8378685643935436,0.3614530767756134,-0.12218580930047633,0.13880933470825924,-0.5965676256793826,0.12762087815673018
2021-03-15,-4.977420216182762,-0.3627991629074012,0.8130774757881226,-0.31121165353978963,0.2855718760506273,0.23879872503941238,0.25836150547056697,0.004011167449399404
2021-03-16,-0.7877879031890404,-0.00023456587247414027,-0.8810845617665509,0.42597064781071314,0.32961975842322255,-0.2334403738707459,0.08903498777410289,-0.2166328623899841
2021-03-17,5.161474627598268,4.186814770880405,0.9827451127052397,0.1707771880656282,0.2973512199826245,0.4751651510406791,0.4272792931447588,0.5276360241056274
2021-03-18,5.1751559988373605,1.8786682625164441,1.008836495064853,0.09339647467081269,-0.13153994990849494,0.3625031188704552,0.47405898544321506,-0.35790069012733305
2021-03-19,-2.302150861254671,1.0523530338913263,-0.13825140460111804,0.11666432951144999,-0.17773912810807854,-1.2026405721990319,-0.5652059980499483,-0.0460475569733128
2021-03-22,-1.6024785618491086,-0.18110298950720816,0.20153016355580963,-0.5156315767788482,0.695664640365194,-0.3401287397369982,-0.196305748653119,0.1809922780565635
2021-03-23,-6.227289955928707,-3.008625608569904,-0.2614651661672641,0.7407853549406883,-0.20257685461634514,1.5083449130748876,-0.15262634694488905,-0.18477637511574138
2021-03-24,-2.9519552121592554,-1.1972781669705927,-0.15171939849401825,-0.5664084058285916,-0.40673408481439266,-1.0987994252982565,0.36888547516543607,-0.17793941687872755
2021-03-25,-2.3202768301596444,-1.6214890057577684,-0.41824725079281644,-0.06272183648433176,0.4050802058137773,0.1425323540269404,-0.47563745249302347,-0.1049714402764682
2021-03-26,4.288855454311604,4.169711396873155,0.8743528647725229,-0.04003243270549053,-0.5257649788323371,-0.2929684646940061,0.10822316910243361,0.29914677112782156
2021-03-29,4.891374942040941,2.1394318450300984,-0.05124942312421906,0.20367471956776112,-0.27764849812955433,0.052484123403776284,0.00014194543754390536,-0.0947080337391591
2021-03-30,3.2218665906118775,0.14622632931383456,-0.810022631704568,-0.1768924558220877,0.6144859855283381,-0.2759726429410649,-0.08625270034295925,0.32080810370268126
2021-03-31,1.53050941715486,0.09098293331168233,-0.6981149642945609,0.04729965502616971,-0.27820315043433963,0.18738286621843492,-0.3612206858888552,-0.01679230505367752
2021-04-01,-6.694737076490872,-1.8093049318015866,0.36357408145713976,-0.49524946295249056,0.3520839648013885,0.08751686919141595,-0.06599874781473608,0.0030045499674118004
2021-04-02,-1.0749844923962517,0.5845487267960483,0.03690720784592762,0.677491504911788,-0.23505728957594763,-0.08891270010524706,0.5174247468709495,-0.20620278999267028
2021-04-05,0.6436736713143618,0.46184314413366573,0.015143733368739865,0.027825039482797475,-0.0826699995555409,-0.21123638397179714,0.033187598003122355,-0.1387735305281888
2021-04-06,-0.9652268218978076,-1.082769672274996,0.1708790961944554,-0.2285394712530534,-0.03853086766315176,0.3099784595450062,-0.12000178574805968,0.09415139593513182
2021-04-07,0.1017775131463682,0.3593202241497551,0.12053444484494859,0.07066116893779957,0.025207408612736574,-0.07347068008857262,-0.056789004402586794,0.02910367235706283
2021-04-08,-5.167585132232384,-1.63962865385228,-0.15821201891779726,0.8133290994437028,0.5049510933207834,-0.28375357625114817,0.5076220700207408,-0.04726836566623184
2021-04-09,6.613711002396447,2.24197688874122,-1.358046704756869,-0.3522005076554034,-0.7459866179467822,0.14129911698790987,-0.4814509124647495,0.11039249611065098
2021-04-12,2.1604498134942545,1.0438764355874468,0.6450615296019515,-0.8046265994531946,-0.029965238333480103,0.2297601737458604,-0.27273114707780577,0.23002612593674698
2021-04-13,-2.6117530359486403,-1.382066937300681,0.042848024467265516,0.43506355016675663,0.006010022805046633,0.22218101441957813,0.0391125181510536,-0.30409727540841835
2021-04-14,9.442371706708187,2.655903336639289,0.402631836861677,-0.16640575230635085,-0.09198029514334292,-0.3021880985573118,0.4392198686363225,-0.0049115792278753
2021-04-15,-7.634582666555319,-2.143478060900137,-0.5562485300619475,-0.09046373284314004,0.6675736833411479,-0.10084970395166444,0.02599789850529317,0.0067928671181934595
2021-04-16,5.234087506426466,1.351855910032463,0.34662871024178515,-0.5517856768028725,-0.08785499610982028,-0.04539656376797553,0.06482109962725155,0.22771905881479954
2021-04-19,3.3746064942142153,0.7343479603827108,-0.7658416405219695,0.6116326791114289,-0.991710919444695,0.34612852912669156,-0.25076416064680296,-0.2605843920420649
2021-04-20,-4.118983563557396,-2.1102524947326167,-0.32660674869962425,-0.3884429848339742,0.30134255395115445,0.11690659192435544,0.5170074657459973,-0.3997764218584317
2021-04-21,-1.0545592197431595,-0.44021082380480464,0.06296503361458379,0.07258582107378621,0.15495351886228903,-0.28640135240386927,-0.4936422546608402,0.41290470874579716
2021-04-22,-1.3610400407310164,-0.35859335605064974,0.33921106520957783,0.6727665013038393,0.06131431936735548,0.9617132501075395,0.6871940966034614,-0.010824600222979002
2021-04-23,3.220876127029412,0.14937985476191457,-0.8192393678359101,-0.3880221776622414,0.06792423367750385,-1.116157657400332,-0.4866560305296209,0.08721672403046109
2021-04-26,0.4480166488677074,0.5859331346065433,0.11629801062338979,0.01210519256037269,-0.032573457670142525,-0.22759429635406495,-0.08104114457114107,-0.34737662734387736
2021-04-27,2.2948436149427938,0.566156856345153,-0.7309127036667348,0.047331420192700875,-0.33188557009537406,0.5626969864148406,0.09740332266307004,-0.3318300996501301
2021-04-28,1.8757911913949452,0.799848684372709,0.48473373143779835,0.08300665508249512,0.9832192992807144,-0.4372331452473244,-0.1174422439842076,0.6968071129250318
2021-04-29,8.265270061118802,4.31627416881743,-0.09762244632109192,0.5324011596004845,-0.7269388207245581,0.5633323111187625,-0.018976131155502247,-0.5709270248051438
2021-04-30,-3.340064272150079,-0.061266185252493874,0.5936765544791598,-0.12924520395298922,0.06709756863604735,-0.2275104668719792,-0.8004238900867695,0.5458534171624622
2021-05-03,0.7269683564807435,0.4263716618941454,-0.3694307517248004,-0.21169851614121138,-0.4957912592941316,0.09964555271596903,0.7789110171077122,-0.31374361219719366
2021-05-04,-7.576360035183515,-2.624549355392864,0.032002071542650515,-0.61474032297067,0.3293168194341685,0.1732999437114855,-0.023539538866516597,0.0541862060165767
2021-05-05,-0.573531240722097,-0.17726195218017599,1.0761382563631654,0.8859262861280723,0.2986843257180909,-0.8687886401890964,0.1425630973809205,0.17450056628820965
2021-05-06,1.700973607456469,0.2874971624089029,-0.5691047062472758,0.18022969244712758,-0.057632589225577575,0.5852803393661562,-0.26549615328331555,-0.04459731009123592
2021-05-07,0.8359018247972672,0.03121231266484165,-0.8820076536435103,-0.7380327610615662,-0.10763685493090382,-0.035005019840740455,0.21713578155648458,-0.11291100317743179
2021-05-10,1.5238563269866625,1.7302108372039942,0.7321969202223105,0.3017559555310371,0.026900541057770344,-0.2775898046712046,-0.15498172765598006,0.2340565827371055
2021-05-11,6.134519885559184,1.923824249457034,-0.8532352946166074,-0.5949660359781936,0.4547185912897454,-0.09422291843922086,0.15465510779880137,0.17031421534592983
2021-05-12,4.546852880289605,1.636382310406776,-1.1730733673898954,-0.5642229318034885,-0.5391449785198814,0.39710475478820983,0.3718583433102433,-0.28751125075800493
2021-05-13,-3.7477437514999967,-2.647352746132629,-0.7036117630194416,0.013529317383090239,-0.5305665904143005,-0.18012401138635842,0.2527074280193865,-0.200188607617733
2021-05-14,-1.667824078853752,-0.9882299409565235,-0.1329925328327078,0.050462115872535775,0.3408944458572584,0.04169990168793895,-0.4598086839186899,0.2096234704107983
2021-05-17,2.905976128559364,1.23260557301483,0.7286126357649316,1.0695352483519522,-0.03024546105716353,-0.2662867316682982,0.31165908123076097,-0.0725195024957742
2021-05-18,3.5861905105567464,1.947349128183827,-0.5716559319265263,-0.8517061926572916,0.4481327397278551,0.3914986058938624,0.12130195881758507,0.010063393670040256
2021-05-19,0.9635857179394554,0.06496299815178887,-0.2202629425549444,0.23657152266178408,-0.1618615514445156,-0.5369259606899124,-1.2183760340950471,0.9134120554671439
2021-05-20,-2.561458579991756,-1.2736341857888704,-0.5939134164740554,-0.6042656423816665,-0.17596110396465556,0.31194629376249494,1.4000837594334492,-1.1444712915437607
2021-05-21,-4.356334692775919,-0.5776065446987527,0.6637449186095262,0.21320012399083668,-0.33472929094975695,0.017718615341449435,-0.1706018497100768,0.06353530979623447
2021-05-24,-3.1874560644493117,-1.7847020288528057,0.5478856662428387,-0.5062480805435203,-0.7243927550231223,-1.0505191043753768,-0.3297195944281205,-0.41377618311580855
2021-05-25,-4.376222134431076,-1.6043239415169366,1.2606437723224488,1.0609347445780364,0.9955003659075963,1.1742594860090958,-0.0813626959129702,0.6093853772611503
2021-05-26,-5.370329926436374,-2.405246818463262,0.2676915185613496,0.17808523715730384,0.11641001875807128,-0.1663265211614154,0.37727534345847286,-0.26186388662650395
2021-05-27,6.957443674803706,1.993124018135945,-0.7738734407860847,0.14045599365556075,0.22534823715592497,0.23399283015452157,-0.24405990203292094,0.1067522959530119
2021-05-28,-2.4358949790974505,0.8562924888018314,-0.2744975639193642,0.2077529482228392,-0.008474515013385156,-0.3384560610108273,-0.028362517086767104,0.1080508516414105
2021-05-31,-0.8420055468753481,-0.6067870822273227,-0.3659402672320475,-0.12486505290034296,-0.05720327369534769,0.07238603623213996,0.1142604332049929,-0.0879366920646513
2021-06-01,-0.09668124952585734,0.2359437492392391,0.13900120377422426,0.1466621568967391,0.2385861327039425,0.24283971370390303,-0.046325543054294385,-0.03075419648110573
2021-06-02,-2.773551132971739,0.35006841069671335,0.6469993683606045,-0.12799002988500358,-0.05404777153539546,-0.2130162196413783,-0.6040636736232236,0.5239855385780791
2021-06-03,4.307662680277963,1.6474029411439628,0.15504667289408833,0.4457224333219748,-0.03664012796889715,-0.3390494608254669,0.3735621955648869,-0.0906939373207797
2021-06-04,-5.072916393148182,-2.06609235064349,0.47400475697546046,0.3006898141777892,0.23543245649931846,-0.044882135251991445,0.35508199986682093,-0.16432016069260044
2021-06-07,2.58546970057981,1.0611002261049953,-0.31295879158641615,0.1650309347893984,-0.35800457042504724,-0.04456961380715829,-0.40468588841199576,0.08599808144486394
2021-06-08,-3.7628867639078827,-2.3232346250691167,-0.8068501216310504,-0.8574831979071275,0.7048341943338372,0.25881351722928664,0.1895830644397399,-0.08824561305539884
2021-06-09,-6.497733137407339,-2.350851725522038,0.15000708255561673,0.04359632849415006,-0.17745249695286738,0.002363241740921263,-0.5181017091051181,0.17121208848569794
2021-06-10,-1.8915531482211614,1.1702105233007618,0.8464412480676037,0.22379051578594697,-0.5960368449123717,0.3656647403816086,0.6484715882392736,-0.7341287101980646
2021-06-11,-1.0179379791151553,-0.17475690648186715,-0.2880857457194766,0.4495240368094612,0.009083877534338973,-0.5102276219623366,-0.36229274245098464,0.5231099209471797
2021-06-14,5.156554751583006,2.333862753968348,-0.2531516650449607,-0.5059928525860709,0.16053865645018572,0.0984454562597064,0.051948203562035125,0.010550681167967124
2021-06-15,2.9199659738388757,0.35419902597461955,-0.1853866461826638,0.19420613245987572,-0.18419848124361327,0.24227532254273476,0.06352918232854261,-0.2293797322537471
2021-06-16,0.12210157583283107,-0.7044644278858078,-1.1588171507291973,-1.1531749570215153,-0.3004120075357774,-1.011222131693664,-0.5431687511431134,2.1572161531880343
2021-06-17,-1.494483040786942,-2.425841856365205,-0.4446991856985647,0.9919066574406422,0.40470998116066614,0.8785176949035134,0.584363012471149,-2.1292897451185375
2021-06-18,-2.4583198033704137,-3.7213335454508334,-2.3802561167603975,-0.6571123263874413,-0.5679385733351071,0.2724852335611655,-0.19369106796322832,-0.11340606063874503
2021-06-21,6.426223118964433,2.6938350870339867,1.1403443555499941,-0.16545918815686708,0.273942827950312,-0.004628738156498626,-0.26375954962715004,0.3700108864519006
2021-06-22,0.014160724866486767,0.05753068141023727,0.8672060809658503,0.7987195198305754,0.16434683193179345,-0.47555365470171934,0.7069658556173569,-0.23415834923553305
2021-06-23,-0.8230963452251945,0.3201174297806814,-0.30534209322660316,-0.1437967094351064,-0.23903906622696247,0.7422415470267801,-0.38032304057533445,-0.09668015110849748
2021-06-24,0.22322147791664226,-0.33719174468817664,0.2636872223639057,0.24879670086978384,0.4680317812057122,-0.4424081016143308,0.3966480713527572,0.03827032956176642
2021-06-25,5.108642658147809,3.405216477812832,0.06060716799733929,-0.6883797609220078,0.2933619721437964,-0.2228974991759332,-0.14123731529318367,0.20998003499407603
2021-06-28,-4.137406431772379,-2.4435816701353703,-0.035842351500893536,0.4825432982626987,0.3071020113212196,0.21703245449109504,-0.44626765722975975,0.0874954698850387
2021-06-29,1.241047813335727,1.2594587193171842,0.3514607964066125,0.31075143670597427,0.1828296678916915,0.8752061089719452,0.6533024809753226,0.13764496299344361
2021-06-30,-3.92239068064527,-0.3403035770705839,-0.5947523964760398,-0.009936662408270755,-0.03149366121391795,-0.9889855952141003,-0.6613375880575636,-0.010946894693874167
2021-07-01,-0.41137965337091137,0.4635404298365483,0.5982155308866611,0.5763006803876901,-0.23631808944983665,-0.03590390203404512,0.25168234247033894,-0.37954766421901504
2021-07-02,-6.21251760697493,-1.9216929266808138,0.899761282515162,0.03366052905622113,-0.26883205039965824,0.15086898598934823,-0.2536245087007831,0.06732571924872419
2021-07-05,4.818335510567061,2.1583923643291723,-0.4062683559701809,-0.4905871387542187,0.04428792253789224,0.04989909456808641,-0.009417856785777072,0.16611113429364704
2021-07-06,-10.23728046325184,-4.75064387852273,0.08098735700417281,0.36253055387102073,0.03549932285106868,-0.10302515148826616,-0.1113129043079735,-0.0367983315420258
2021-07-07,-5.95134240128603,-3.3279932455275123,-0.1181497997957179,0.14267698002155693,0.10371509492185761,-0.07202554664788621,-0.13749401439686712,0.0901232453998136
2021-07-08,-2.8953794919387374,-1.8574888980614288,-0.9393946839838643,-0.09420864286229122,-0.2548294001306124,-0.5404777530123838,0.8851999926081661,-0.011094569724236022
2021-07-09,4.909529138384274,2.923713997758174,0.8439628878725778,0.3702713209957445,-0.0016219962088259486,0.4833388497830818,-0.8059680085305778,-0.1519158811666678
2021-07-12,-0.3713052800201262,-0.949668889226503,-0.4844370617124357,-0.8801694458673919,0.12779543500525564,0.3677535512538152,0.10987351466234395,-0.13549058432045305
2021-07-13,4.602461774538113,1.6643746407409623,0.0498251290145218,0.11067957903349275,0.4885553740382644,-0.6723199043879238,-0.536372298330487,0.5461733022735451
2021-07-14,-6.750386576483198,-3.0732717667541554,0.4717844524530854,0.6800201079190458,0.051482325720440085,0.42785203401384597,0.8777525014779265,-0.620266766802915
2021-07-15,-4.298243589824442,-2.8838736520233956,-0.5337082363027676,0.09335416630349583,-0.5396610968002359,-0.5353356255137712,-0.12089970297024832,0.5587766649749837
2021-07-16,-1.4295432148068243,0.39508771852768565,-0.27166933898403556,-0.09864470442288771,0.15117781814417922,0.49550860372278344,-0.43569508775961757,-0.28380755817592196
2021-07-19,-6.003080241084045,-3.4074448039528296,-1.2635893739261002,0.14534840904868068,-0.6338862802638359,-0.6154668825644357,0.8687824264571945,0.012694945642672421
2021-07-20,-3.6161766838945315,-2.5270402957650533,0.674605305241877,-0.0767354731731641,-0.19778274192887507,0.06527972633160466,-0.6356645013197146,0.08338189897781864
2021-07-21,5.98385746776439,4.351644077519939,0.599048322462905,-0.350482550794166,0.7346020394918753,0.2722308143272645,-0.17740825403128221,0.13563453458552813
2021-07-22,-6.481825824528517,-2.089749734085951,-0.8139700331892621,0.4250595042688726,-0.053118901788066976,0.13019940505495142,0.15154249617116278,0.0006765082815132023
2021-07-23,-0.8092905794134222,1.5596634283145705,-0.6395454642965621,-0.263935081468541,0.2928061032353589,-0.10589345911264611,-0.04324288695463144,-0.13402575051624047
2021-07-26,2.2803897247871814,1.4128497905623454,-0.28195892362377956,-0.5315380292289593,-0.298262052113707,-0.39216811977456917,0.19812821853544108,0.4850599832186645
2021-07-27,-3.8726861504378642,-1.5518544154818077,0.8237305028431036,1.1022241451079275,-0.054196459114460284,-0.10134424894977327,-0.2942500174347736,-0.009283449536562119
2021-07-28,-1.0075055389978145,-0.07895952569933255,0.39904566828979127,0.5820615308073671,0.05303088121353909,0.48412097829721573,0.3375731357416709,-0.7282595421475123
2021-07-29,0.6662376516522338,0.189728473842387,-0.5081661272310285,-0.5764580209819338,-0.06498129280898977,-0.4509911161141618,-0.24750463305615739,0.6548572999780116
2021-07-30,-2.752275183432285,-0.4265128825222199,0.10313064891195596,-0.7289246727735311,0.08153265623801349,0.42404208002928295,-0.06307412678583266,-0.4454257160571779
2021-08-02,-4.231959295629648,-1.835368531776348,-0.40906379244575736,-0.11284517222529138,-0.2533069481901586,-0.37421273586423937,0.6204444505053526,0.19021383087878263
2021-08-03,-2.6053510270882767,-1.3067393100622495,-1.0238297863368795,0.5080906384605014,0.9164300506757491,0.1256055073511584,-0.41972051946969346,-0.23387588945868099
2021-08-04,-2.6535832047894536,-1.5238312676977075,-0.13409929819886446,0.2507775103540762,-0.4289401614737435,-0.3132977140151969,0.07657126386181312,-0.024706647267856065
2021-08-05,0.3683634833745224,-0.07836069031384284,0.5603278473049936,-0.6316943980363104,-0.8067297970986532,-0.31874839375594066,0.03038233087829364,0.3907198300733664
2021-08-06,7.943511092782617,4.179471964483075,-0.5825601720100211,-0.6049747185815526,-0.019987139294278096,0.5563072782926874,0.12716842655541746,-0.1450402154227142
2021-08-09,-2.493538309963285,-1.3202607856482889,0.22956981174802607,0.7087171417090061,0.20289664152565634,-0.04369945550936963,-0.11031190928085208,-0.22880092931771528
2021-08-10,-1.5320662883943266,-0.8369790314495493,-0.2655909171847847,-0.27299457877288036,-0.11236005502058598,-0.10097384566511325,-0.3566850808765055,0.40341846932713005
2021-08-11,-1.6627203110334963,-0.7757506970172434,0.016863537741906874,0.39105570117017197,-0.2345071603546042,0.36186161199320854,0.5199780147205706,-0.45580360012951227
2021-08-12,1.8093283682681687,1.09357174038241,-0.2803685428584485,-0.4371440494754914,0.1661651591309594,0.06113488226484863,0.030156492709456004,-0.0026481523129105312
2021-08-13,-3.937336821097558,-2.335872118961472,-0.07906659761086765,0.39466395061473314,0.03416342284970395,-0.10475806454473625,-0.3951648920692258,0.2551963477906442
2021-08-16,1.3903327030451211,1.0263414081973108,0.010748687978937877,-0.28873153486281716,0.3315613454847182,-0.21228325272731344,-0.4617176783076836,0.5280058057970191
2021-08-17,0.5644923837071074,-0.3321758366962357,-0.04108989550868445,0.11274465560096406,0.3438387338218574,-0.08199317756411599,0.9098288284076432,-0.4870223879009689
2021-08-18,-2.2248201947929984,-0.13229106600780574,0.20591842129078905,0.38100954142332333,-0.4431873480525165,0.4463254202491312,-0.5149684363128654,-0.01720921180474176
2021-08-19,-0.8522666463480332,-0.1667612086510998,-1.0649726219439737,0.2970924935121369,0.009930335203622737,-0.44563891087640684,0.269533698304492,0.06243279415939645
2021-08-20,-1.5352181281388282,-1.382760687552011,0.5091556887340348,-0.44701430884405896,0.042025387456674605,0.3249311188187088,-0.542672597819905,0.2323161027395478
2021-08-23,0.42519649566795326,1.5769397151485487,0.11776862901924999,1.0615075873340032,0.22278365559927787,-0.24224709361231556,0.2768700381665454,-0.33664002817023436
2021-08-24,2.1294502907965818,1.0666492449133287,-0.5223789345509675,-0.7891904326939967,0.18871607826788217,-0.31866516955525986,-0.32754600701923753,0.7407788761851135
2021-08-25,8.240544099085975,3.666654909375938,0.8285468048874254,-0.41087191988176636,-0.2209492277130916,0.277790546593296,0.7466505010729233,-0.6356275093666377
2021-08-26,1.155698291246183,0.9603916791299628,-0.015715649775600794,-0.07530449804608702,-0.3948777032772977,-0.11709832091054972,0.4908868001333525,-0.21537613483741147
2021-08-27,-1.87778123490568,0.49127170291514094,0.7266445907628598,0.7529910011959751,0.5461217740382871,0.31997556361697255,-0.6645490415346973,-0.07321189713558052
2021-08-30,-1.2967416712232596,-1.6316472192761393,-0.1041424522693713,0.059139151630341426,0.049952276030261075,-0.1337152327080859,-0.06183658866797044,0.18503016945671477
2021-08-31,7.429612058563698,3.114463496129354,-0.3811812479595227,-0.4525523531560232,0.3474168984650067,-0.3905678117183771,0.10163797933919445,0.3112148992332569
2021-09-01,1.9140778504550275,1.8805673026221024,0.5897626714960197,0.2548191492508376,0.05942900884479926,0.09761990490186397,0.18720932284816258,-0.3170281426140766
2021-09-02,-1.2370074309350754,-0.09965943950369364,0.5603982418784357,0.5517927880182976,-0.3576302378095383,-0.41004991098260557,-0.02010314913479753,0.350551417518832
2021-09-03,4.153939345145263,1.2613666398915022,-0.004942928468766094,-0.7288176239377078,-0.16829320349725924,0.7386320754877471,-0.505944814420038,-0.13242504178813938
2021-09-06,0.2276873581177751,0.16819521395194528,-0.2564806429219744,-0.06217829979701282,-0.0005572859508833903,0.47849582708958244,0.4968211704769517,-0.5986830512170785
2021-09-07,7.32548848574126,2.2588980414915443,-0.7517596999278143,0.062168576268099164,-0.06955828544914602,-0.18420829133202196,-0.23953827134532857,0.2648875803258411
2021-09-08,-1.6867332805039033,-1.9151344529645256,-0.19359070683815083,0.06939377240729928,0.5227302383888736,-0.6281556091067042,0.03477478986163498,0.2183669294546421
2021-09-09,-7.349846726592101,-2.7790173265619176,0.17592025417355497,0.2833405973654425,-1.0605291198587867,-0.24267427414273096,0.23737161755126002,0.3817356949774662
2021-09-10,7.805623229470239,3.35435526666718,-0.36930546540303805,-0.35158854798041395,0.8484056428515169,0.408281845450893,0.2770828817449409,-0.7731288668636692
2021-09-13,0.752112810042028,0.29867198282650803,0.17578882075463492,0.8029195816383325,-0.22516471124968823,0.23681502038182728,-0.4649480646879944,0.12169487385203474
2021-09-14,-3.7785607864621524,-1.7721504003886541,-0.16608004328520315,-0.3171184570847228,0.28939254554099764,0.09603416215740658,0.5269638328815504,-0.23165234579196708
2021-09-15,5.501232225472863,3.0286875188980806,-0.09600049457983333,-0.09084533975839981,-0.12641408713498187,-0.08029464176565675,-0.5070732117513963,0.25626839476526553
2021-09-16,5.085104818147928,0.9509709389820854,0.03660548733285927,-1.2026505312236853,-0.018874727985469388,-1.6194396680355163,-1.4055314937135028,0.7336333014385891
2021-09-17,2.861938978695724,2.614369237186201,-0.5481317883578815,0.7115074671475768,0.30669379318575335,1.5248976697463958,1.9302347491755811,-0.9433081538806393
2021-09-20,-6.058082924655131,-3.510433201171953,0.08265457753525855,0.7924661161788052,-0.19379198914506604,-0.23305289184217648,-0.3971740532785799,0.2513678120312259
2021-09-21,-0.13263160890248596,-0.5589766711876958,-0.8119963209858719,-0.6332215636267065,0.1822929957495192,-0.006717633666564399,-0.1870922251804089,0.235762485023243
2021-09-22,-1.154985693151542,-2.9178072149731435,-0.029312799333357183,0.061391967667559076,-0.06721204123288775,0.3160016054136113,-0.07142581764645567,-0.579252821959864
2021-09-23,11.719840842152049,4.864291903232854,-1.0103168800149853,-0.4875110562654108,-0.5105732825584548,0.12452614405657324,0.8903202195610747,-0.08123276054932607
2021-09-24,4.604160854780842,3.9394453554660567,0.5966169492895804,-0.5142548725990979,-0.19501244401782789,-0.1495244665861348,-0.4347374271111221,0.4316468256254128
2021-09-27,1.2682297816799857,-0.324202189675566,-0.5056916464991248,0.49943442936201976,-0.03812299289725867,-0.13027321302832906,-0.07382205488623916,0.06588949005544871
2021-09-28,3.7616886699587244,1.925821234345707,-0.7857625554177426,-1.1113909398737443,-0.11781920506971925,-0.3589651233762474,0.15080812969207008,0.11537770791028334
2021-09-29,-1.9599189855567745,-0.5670866234512052,0.7370578202552448,0.32254939694090146,-0.21934873611053782,0.13211167202665752,0.1589259642200327,-0.153171912975745
2021-09-30,0.9362048111281336,0.9973453047129497,0.08580260606961017,0.35536212337605727,0.15245962136509253,-0.6287888815931114,-0.5320209007408432,-0.017558528647108388
2021-10-01,-4.23250646663965,-0.22310055105620336,1.0633745157252317,0.5308599675087979,0.08676478283142305,0.5367709168697427,-0.23353663307606934,0.4422794805724263
2021-10-04,2.32811150200188,1.9303144959032343,-0.9008211670357261,0.06643479337676468,0.3840520315280039,-0.038767073617135404,0.42086423469192075,-0.176328553691193
2021-10-05,5.069157093111393,1.067147227549293,0.1041007374872112,-0.6422576910592173,-0.01844738629204083,0.22585478145724058,0.23389941526035962,-0.2921383606243532
2021-10-06,1.5308365839669624,1.3617605711428986,0.20425747567371652,0.0349396096305455,-0.3170584045059532,-0.08265072405917591,0.4473868705039554,-0.12319364955070083
2021-10-07,1.22399132483912,0.18684495064806889,-0.2715859780336264,0.32127784439390883,0.14630215286830062,0.25096682472135584,-0.8551154583052833,0.3712623171505546
2021-10-08,8.87994830439444,0.74406632778397,0.20968199747449356,0.5814404773292289,0.17963715621605006,-0.43190180308235987,0.24870188798102624,-0.07672215243084803
2021-10-11,7.969654793373768,2.606884538092754,-0.852700162126423,0.021965682127576595,-0.1168007420318072,0.1627741075338472,0.18591172048993654,-0.19567032733493792
2021-10-12,6.546649810114131,-1.0039209370517745,-2.5231379999220676,-0.372556909422861,-0.30538079959430076,-0.8292572051318516,-0.24010678312533593,-0.2027176147131161
2021-10-13,-9.526620795572208,-5.325546873035773,-1.2270442250953832,-0.4146358740941483,-0.289793046400358,0.7783247875687908,0.09496368604602337,0.2505555179367504
2021-10-14,-14.498769326698818,-2.365101218722642,0.9506275979355524,0.27877339541156554,-0.34139820569839396,-0.11540950428771185,0.1136031205371313,-0.05153391085887356
2021-10-15,4.9713470493421985,1.525245721433546,-0.4860955234888053,-0.1483858187815188,0.16786733055941536,-0.26554134191395307,0.2592630833092588,-0.056317935077431845
2021-10-18,8.534107486730242,-6.438586344433799,-3.1569501894933767,-0.40917123395859967,-0.419319772534902,-0.2892788885867407,-0.004591973772340065,-0.04321997919361827
2021-10-19,6.547888864117732,2.3729571504342517,-0.007025151686594446,0.7683637914507023,0.01354462949198096,0.035491241856870026,-0.21443189528959747,0.08382458202551472
2021-10-20,-7.444507454363081,2.3457148470182196,1.3397563942027035,-0.3331429877294889,-0.22871487415649938,-0.19578845857043797,0.41792030308757644,-0.029824601038798037
2021-10-21,7.353262347972699,-1.8317998484375138,-3.5044086820314537,-0.0018806058796038627,0.1319297716790485,1.8615562154992542,0.6253061578091913,0.2919971410233185
2021-10-22,-1.1116933735017702,-4.208928871433547,-1.9274597477362643,-1.1998397695441387,-1.362260686282608,-1.9326148217015928,-0.7145858148719499,-0.3208312686242707
2021-10-25,-0.6454211290857826,2.2991413629653183,0.9842611235867383,1.2269868985069343,0.33494618615984684,0.47688348393438285,-0.38227676107665903,0.10529470922022158
2021-10-26,-3.249767613067452,-2.349050229683148,-0.7773805385423976,-0.4477175691050671,-0.30074839986854246,-0.21353549540664957,0.10973203656117955,-0.11790761855133108
2021-10-27,-9.165452318392335,-11.386899184213872,0.13837337732059674,0.8968691014237412,-0.19442894692161147,-0.2929926159619296,0.012091224682733609,-0.039223407525797054
2021-10-28,11.260522978963577,-2.178473378149758,-0.6857194857536923,-0.025922278346252197,-0.7779513927414806,-1.0199052708741931,0.41676375461977655,0.20510022894430086
2021-10-29,7.98464713179735,-5.374369644612464,-4.628960569023321,0.04172283248072514,-1.1221992517972355,-1.6377866598324493,0.4468635484320879,-0.3267535002758835
2021-11-01,-3.6935961707641423,3.074119126296262,0.40605602676535296,0.4840816734975955,0.8259985289463937,0.45647627922431094,-0.21910266586035812,0.22585353961200957
2021-11-02,-14.919509310494282,5.486799758192098,3.12847788885159,-0.5562180092657198,1.4984137601166085,1.462487050454943,-1.2029982285550584,0.10588800558493588
2021-11-03,-0.43942577190819937,-1.1577011994022706,-0.2925895817147986,-0.08612997271497003,-0.009111573020083804,-0.8014170519131665,0.6095135785747874,0.10290906832090296
2021-11-04,-14.53942735736459,5.676492629928305,5.253674324713439,0.28984694935307515,0.5116209086068367,1.0312157089459295,0.18990796941980825,-0.18962128354229174
2021-11-05,-11.060830580689405,-6.136657791398719,-1.4933697813457072,-0.30523507348262746,-0.8280249172370145,-0.081546917697749,0.0368270466364117,-0.025032600697572977
2021-11-08,9.31331082301452,2.604982615134765,-0.33011968053137225,0.0337226662251262,0.8545035920905588,-0.08560511594377582,0.04786714432102279,-0.039223476519641885
2021-11-09,-10.747096335827012,-8.160574738066357,-2.1621292607021774,-0.3778914948549044,-1.2589100735851122,-1.2485253327252959,-0.31676810761034147,0.35586456073616474
2021-11-10,17.6884415202732,1.0011246597265437,-1.575237932781627,1.385068401138122,0.06818585433475988,-0.009475530289930522,-0.046597558960053,0.007207404018816025
2021-11-11,8.368827592797425,-1.7853534494817844,-1.8472905729327043,-0.19095801543915714,0.3195971922350888,0.06378930269045206,-0.4992319649923584,0.18472017211999553
2021-11-12,-6.119493711056529,5.332779610235095,2.361794202753728,-0.5831880067425336,0.26269942802446666,0.39635330624856485,0.15116772519689825,-0.06753485048849854
2021-11-15,3.251019019213895,2.4137228083793714,0.249089977135113,-0.19699822945121037,0.27571693757031057,0.20207858706383028,0.11760348903150303,-0.03756502682708539
2021-11-16,-0.5170044546371776,1.3450224850570742,1.2019548150463264,0.2089583716953222,0.3631959941375333,-0.25597385220399277,0.3296782115011707,0.030891146951788503
2021-11-17,-3.0879267554536676,1.0270067172405115,-0.6649432409580466,-0.05590575269806805,-0.4467119084378965,0.17002734177966775,-0.3956864911372177,0.01742419044438908
2021-11-18,-4.862082513074407,-0.41353726562815746,-0.475824373471989,-0.7009276718865155,-0.6537385412698372,-0.17753527694674776,0.4348932009809241,-0.3355102698347812
2021-11-19,-11.081557060152015,-2.799684869929626,1.3814446786542731,1.1551030957059178,0.5882465623691135,-0.11052217171675688,-0.20576119276792001,-0.10883512708382795
2021-11-22,6.148471067948029,1.075343765820919,-0.2428559267580577,-0.26151162996675353,-0.5395849746493294,0.7428402807722501,-0.27922857350575997,-0.22066147467461614
2021-11-23,14.596585199429578,5.100122873520773,0.0926115538076806,-0.3851583184124745,-0.3250224422220431,-0.4266219111076741,-0.036728248653928514,0.31460342749284564
2021-11-24,-0.06990032985941776,2.4759713663891523,-0.024651842563590685,0.08099020064995403,0.6262070675007138,0.09261748178158338,-0.23831868822584767,0.19460297665802576
2021-11-25,-2.5668879325171545,-0.55613302376313,0.4208207499323,-0.11975406335076369,0.3379631181208725,-0.2554928947191434,0.23853834039577793,-0.2066372940915918
2021-11-26,-18.284270509414938,-2.628836881105043,1.238662489698933,-0.6166016201073774,0.24978803660307944,0.23324755252645327,0.18960142123434756,-0.41405993846547157
2021-11-29,6.163302853819498,0.08383141388299166,-0.9134201664671715,1.052674256539463,-0.49112155158452325,-0.38376085532552767,0.30045947388374317,-0.27189890918654797
2021-11-30,-5.3541844022280785,-5.939904200243882,-2.828398647498986,-0.8006671294645248,-0.3734663934309156,-0.09697432903359346,-0.9694353485104654,0.483983075084065
2021-12-01,0.3577301299822438,-1.8958251968848745,0.0036517152787378135,0.011798213877042529,-0.5186020354652011,0.38207954007752515,0.6257441910762979,-0.5388529197164288
2021-12-02,-3.972338638272061,0.20412604738293752,1.1273637024311418,0.5199714309721315,0.4906883948079212,-0.40759637386684316,-0.34373110694604553,0.3810400143056124
2021-12-03,-3.106874472956561,-2.4767687932782287,-0.11954373344876638,-0.5857843147664115,0.5344439143753338,-0.3962234816830052,-0.03892790119312162,0.348608138346855
2021-12-06,0.6228684884435965,0.46324808054661526,-0.21291675807816157,-0.08754367835254279,-0.1989412286353338,0.2972211623024863,0.594582051674063,-0.4416461671560824
2021-12-07,1.2052542324527766,-1.895503066993695,-1.2188876349447473,0.6279697137182904,-0.3385957327744295,0.21296597177011845,0.0009743851169625288,-0.13130656226754678
2021-12-08,9.709008533915215,4.175780800911903,-0.10312067590853376,0.10439271459017826,0.6937920753082178,-0.10075832295240267,-0.929398596843005,0.794795370479357
2021-12-09,-8.07275369686028,-0.26638829319373714,1.5516454307923084,-0.12155899126128371,-0.15735032755753825,0.45754943914088064,0.46537339357263524,-0.37517078879964566
2021-12-10,0.9695721110387574,0.31025710324306105,-0.5977812362652323,-0.5005076161547621,0.3145336140830463,0.4580697864794799,0.15194960254817752,-0.15116673686144708
2021-12-13,-6.906642354311355,-2.148919601799394,-0.4966115085515221,0.6448381258902719,0.3374696402244972,0.20755731549964063,-0.2923551852918729,0.29036938017840386
2021-12-14,2.7584534165429555,-0.06783078981751238,0.4989200533910173,-0.10278885389656282,-0.09225517278645859,0.052799329381573105,-0.02482603101178766,0.10387914570307671
2021-12-15,4.444864625414847,0.21926344900516026,-0.0005956435137548876,1.237437117978243,0.14016291540723014,-0.14055453257518938,0.6269519219119803,-0.1002143669653489
2021-12-16,-0.9964328821190566,2.6192077349674827,-0.22458529022395557,-0.2856832608503736,-0.08053478360942375,-0.6849659713470856,-1.4415151258295666,0.40002016996320844
2021-12-17,-4.596262843109205,0.10035314285394432,-0.19653248202716767,0.1071237367347489,0.4361291334082391,0.8334537575670399,1.3331589287410353,-0.24940674119432488
2021-12-20,4.3481157473599925,4.170764201522556,0.4737028597232834,-0.21538843759172857,-0.17571907310249024,0.6847150049857186,-0.1484071608135662,-0.007546438837071923
2021-12-21,12.3344834252371,3.9146031251791635,0.30140693629251103,1.0509181405696872,0.8494515186442904,-0.9180131660280672,-0.0556517630103427,0.3676584191212214
2021-12-22,4.54603100461368,-0.7012280140719538,-1.0231979112036353,-0.7729906802984733,-0.1744805045157805,0.21413588931753508,-0.6285320952087826,-0.03792788508736793
2021-12-23,8.936945921477403,2.979196738686835,0.6678507575673608,-0.21540572635384797,-0.7939705059230687,0.13802419707323604,0.22022372194822998,-0.1259390345440767
2021-12-24,0.2698281819730978,-0.5720373991001395,-0.28460371445085453,0.9040472895709304,-0.1108950883920871,0.04356472057379558,-0.2553087286246304,0.017643282515365854
2021-12-27,0.10937850279624245,-0.1069709762805641,-0.20545558558643134,-0.20403400702379446,0.5003078714255877,-0.22441586096534075,0.11550731408584773,0.10524093630053348
2021-12-28,3.6997279720044998,-1.8707661887022482,-1.3670362017299862,0.9879345209688806,0.02436817246028585,-0.03588978765935024,-0.17579793019365098,-0.24151433093672603
2021-12-29,8.983549844256451,5.838526758421515,1.2840017535172918,-1.1826148751102687,-0.15196665439403656,-0.012372857774889572,0.1531555577963025,0.05052049976812411
2021-12-30,-0.4295203775354902,0.7533719262964612,-0.20707559812939924,0.8662816067303151,0.38631285586545466,-0.2670613509701113,-0.005637758671772598,-0.011078964113460966
2021-12-31,-0.2007080523181631,0.053151080001510614,-0.030060814895986627,0.014499501737868853,0.007806995443771563,-0.008238474190013447,0.0029307847145652994,0.0007240236457191144
2022-01-03,8.70852106145593,1.1798481354489927,-0.20855773242340775,0.21920431790135714,-0.18023023441484026,0.09420500431502718,-0.16724097057541867,0.011402965504506717
2022-01-04,-1.942556482585318,0.6250754877788239,0.31774907869911695,-0.3316155788864877,0.007212481207178824,0.3503314938467716,-0.09867216964600353,0.04199399924901384
2022-01-05,-2.2015474214552526,0.9750403632074026,-0.3241464023284962,0.17564271181672714,-0.07459701614808588,-0.27639932756775365,0.1268546931321271,-0.015109549639978766
2022-01-06,5.4731534352400155,-0.7243448006352815,-1.0411679745081817,-1.072391662139611,-0.5578121127354337,-0.8852682830595066,0.6465564445262443,-0.34592512767562733
2022-01-07,3.3533431516824486,-0.8105575697039527,-1.2666244134846039,0.619650432137081,-0.327488140813597,0.38475294853493,-0.118608347642305,0.06548032388773113
2022-01-10,2.8040033571602416,1.1640230037491563,0.1510575118508398,-0.1558030552688299,0.6885516484551247,-0.258728430659972,0.48400342994821954,0.13591542383430394
2022-01-11,3.560101390351672,-0.808439844365013,-0.41345791464887593,-0.09343032106630789,-0.2683057952986643,0.5016499122279109,-0.35282398919122177,-0.11128192821827555
2022-01-12,-6.73095960171136,-1.7637369329006094,0.390044447980609,-0.4617352857030147,-0.1702208878704584,-0.3071975924123874,0.2027752515665477,0.02161308819750627
2022-01-13,-8.629613664615555,-4.825023961109609,-0.12914562254342227,-0.023432438710658695,0.5863347769390855,-0.9932508555417977,-1.1101038697425334,-0.5479214799799554
2022-01-14,12.347471542168838,3.616896168514444,-0.08936906428460052,0.11601253307508103,-0.791506569554795,0.6479495133731853,1.2757796753866226,0.5012820082240497
2022-01-17,3.588303085544391,-1.0386978797434232,-0.3245714356089514,-0.19760732710651985,-0.35683858760357867,0.36933959983566717,-0.21759628363694097,0.009140828602015717
2022-01-18,1.0075498491310846,1.0691624415366738,-0.2065875818414749,0.08215236702033533,-0.5238774022538245,0.2589756380578623,0.8262351965633777,-0.5601443317448805
2022-01-19,0.48812743792632546,0.68294583480637,0.28679357261127236,-0.028038864862234166,0.2896575431432153,-0.4836992545862029,-0.7196766712635161,0.5085564746723984
2022-01-20,-1.6867663668924002,-1.2096027949175934,-0.44842064619956085,-0.12767919705253564,-0.0028609744477676837,-0.05773855455973166,-0.12121624785001427,-0.11703444522454556
2022-01-21,-5.736576140958507,-1.4961162574229507,-0.6423484397408225,0.3963263976229834,-0.016384790764649507,-0.10033637497464178,-0.04301678160855079,0.04620878707147934
2022-01-24,-3.5559777623952056,-0.5994912741581002,-0.057002636855930135,-0.1962107656665413,-0.49131961814420383,0.6895833772684031,0.7090932868571143,-0.8094304427614376
2022-01-25,4.928521926697935,2.4678371702721575,0.13069049860194343,-0.49399624873823733,0.7058907472280035,-0.4835705520637262,0.4225293556315684,0.19218557408314849
2022-01-26,8.289506287737911,2.734777126900941,-0.18618526009774447,-1.4922876288520088,0.7283293770527126,0.06393162150893768,-0.5846752219262891,0.7060027352505167
2022-01-27,-3.3162480540897086,-9.078684886878143,-1.3617206922919443,2.5173545299786992,-1.2036980153861199,-0.18932076139217713,-0.7938784336550617,-0.14189762066092956
2022-01-28,4.952405181724035,0.08884031352626572,-1.0383036190211625,0.07567854672123593,0.34204833494112025,-0.04738436664291718,-0.040253585179637445,-0.04216285553974867
2022-01-31,13.734214017032876,-3.7421666538995395,-0.6916136110068535,0.2869187899922732,0.5194586522457475,-0.24603761955132733,0.12441366105372088,0.1086680300009713
2022-02-01,6.0513144896214435,1.3455387215759234,0.1656962020387805,-0.22696643125189994,-0.024066827856352238,0.42939246955123234,-0.23785058895962094,0.07007284534373649
2022-02-02,2.871283989751071,-2.4521168345814512,-2.1035594909442255,-0.2305095284748593,0.030307235108202095,-0.48015085493978465,0.3989597097734667,-0.12975555250191756
2022-02-03,25.701520196434775,-9.877045580701141,-1.0692169791645199,0.8958202928763059,-0.08023835289860719,0.6117469358437805,-0.11879443996911097,0.49300771858382414
2022-02-04,21.82188138801787,-6.86499969649288,-2.2775644996570383,1.0558987669946782,-0.09134249703690271,-1.1750263188097172,-0.17449577699478575,-0.5418202163814703
2022-02-07,8.919700730550975,5.767244639790815,0.07031194200842757,-2.162856837104454,-0.5514634144748302,0.7207555692096702,0.0952814603632244,0.06054670075922688
2022-02-08,13.491966754651688,5.9291812673279605,-1.13576618169511,0.033696246248857614,1.142356147510857,-0.33995388102574414,0.7259890412909795,0.224158271337287
2022-02-09,-11.032338005907224,-0.9402021201422188,0.9792859249070575,1.1272125535227882,-0.9481184393277664,0.09750264383571478,-0.5817348822350671,-0.18721806455917883
2022-02-10,30.38595427025775,-7.872228175799837,-2.006552453894366,2.4929340694328364,1.1615446153855062,2.232335716046248,-0.008227191568081356,0.8236983932327696
2022-02-11,-3.3849767759417615,12.311719484256528,-2.2477839438790483,-4.842298663374965,-2.37060723780944,-3.560486141375798,-1.2722481720351968,-0.16645837607852462
2022-02-14,8.373246486087577,-3.7449127505521784,3.5070557021882354,2.992349617892725,0.2858775188273328,-0.5799636183001633,1.660796957146573,-1.010125639064328
2022-02-15,-4.806768892946632,4.293295044559917,2.6234181237007688,0.6536170833719356,0.70200313177197,0.42532441782483316,0.23834736454234082,0.5233662611605026
2022-02-16,-10.306804563270271,1.3889087571841716,-0.548425967705481,-1.3730934377273472,0.6738074518062721,0.051982466931576946,-0.12913694823872213,-0.407103251259037
2022-02-17,-7.735311814946561,2.9111307169163236,0.27348580822712326,0.28071689023809376,-0.27223432512960927,0.46526828705276085,-0.36926952278286457,0.24571672097487104
2022-02-18,-4.049324394181652,0.8522493093415228,1.9046092732155555,0.5709661061920076,-0.3524401534137415,-0.8145325252842791,-0.1210705234184225,-0.416680350782766
2022-02-21,1.496116249338279,-0.4185484939286222,-1.1390619750841968,-0.7889024211319223,0.8264489414080393,2.1645880394037698,2.5387268489591177,2.8977461507593953
2022-02-22,11.933040984055216,0.4885031255160454,-1.219662583026138,2.158255687114928,0.2197760317919367,-1.7005587927235208,-2.6158360909690885,-2.4763389726512823
2022-02-23,2.585853303054861,-4.159432975893575,-0.6096628589934491,-0.4502241297777802,-0.2795737659338247,0.3069067003239762,-0.15939349468934802,0.040112433561220295
2022-02-24,-7.996482563626948,6.38606479492289,1.3589380104618576,0.6897230465501015,0.4060060712177716,0.8618932316722409,0.8779669418805939,-0.3813481030959138
2022-02-25,9.028630963973756,3.085549607175403,-0.7263299742267547,0.07195242392384231,-0.41378679581604655,-0.312735712215474,0.47906063740838134,-0.09206274708395644
2022-02-28,-28.313679397390533,7.164117956708119,3.6479949998441508,-0.8536800233407624,-0.814972680142173,-3.0491699466594144,0.3411405776362862,-0.08321337309559747
2022-03-01,-33.9596223872246,0.7633327028364547,2.566161511765067,-2.242147717001095,-0.33750251685670607,-0.24021384555416678,-0.8491830404584965,-0.7077029298828307
2022-03-02,19.03704755625569,-5.680323796431693,-2.9737031699639243,0.8230659929832754,0.8472212464122084,0.8495153272946815,-0.5943293417133678,0.34733240996782416
2022-03-03,6.555291749720074,-1.7658237401496963,2.3486392359247743,0.9110946714262839,-0.6545335476564026,-0.3944850947238018,0.18493065296759348,0.06924445475784062
2022-03-04,-10.389541039900141,3.592180568452004,0.5848112056297228,-4.222707775540024,-0.43806483542885905,-1.9835803463080792,1.5803248302208772,-0.8129161564644375
2022-03-07,5.454595103343482,-2.7947257535775183,0.3575893703007973,-0.7667410123885958,-1.113777211570489,-0.1465129382233363,-0.5399619644403438,-0.5328777505447474
2022-03-08,20.070853518181174,3.272292882867928,1.2536345876138142,0.4089166371422252,0.04747849316683408,0.4910580886716594,0.770070598264303,-0.5360295552122907
2022-03-09,20.098304625077784,3.13739696599461,1.667646644963662,0.5912529474738136,0.4802170127737472,-0.7471995525685682,-1.0072243594537267,0.3788884932889877
2022-03-10,20.678876912570267,-9.818920326441768,-2.052106676264762,3.1824990430035145,1.0843231224153926,0.2539878923578896,-0.7654914498775033,0.20596756579492945
2022-03-11,0.6075421000081123,-3.476755060980071,-2.1309710136376707,0.5090281064778271,0.5972752285459031,1.2762876492123825,-0.9349044816838418,0.4378704254402118
2022-03-14,22.964150332763428,6.395343034896522,0.9789436257213128,0.6020310562401691,0.560822028357766,0.4105753715261291,0.05250760984145319,0.24355192994344252
2022-03-15,-6.5410036647329015,3.723470179649162,1.3592431118851032,-0.8201190164308765,-0.14518787622733365,0.08982479912103578,0.13640899009676768,-0.04188483076749552
2022-03-16,7.836413791197274,-5.2941302090966715,-0.9287251249144424,1.5928122072578712,-0.5466498328545104,-0.21080144661715025,-0.029193907439566676,0.25685020573102396
2022-03-17,-12.700549885608803,2.059969336370599,-1.1748472804950605,-3.0664553378235238,0.10473202907689001,0.5258305892650723,0.25130842233206885,0.001143347315501705
2022-03-18,0.9674274518390804,-0.6699928404736388,0.6637589769891231,-0.16895649850024527,0.19586211342773607,0.28740645443472523,0.18671728816825672,0.031255589263258256
2022-03-21,19.888948910809123,2.3801467139011176,-0.25415019215763235,1.0139890691379692,0.07030095414987095,0.13977874616078395,-0.23711316832469656,0.0909641896228527
2022-03-22,10.053574975360274,-4.231209736380213,-1.599973816069864,2.1186805483507136,0.08210678527393034,-0.6971109645385017,-0.012331406098109537,0.03852050420878525
2022-03-23,-10.997797637464599,-3.687555041356054,0.06221213338604835,-0.33163802107080315,-0.7248420542345099,0.26673932899095415,-0.044215355662060314,0.16515802709425023
2022-03-24,16.390498432476353,-0.42525337835922783,-2.3612727424219635,0.6445510477109206,0.32164212055557423,-0.18118756402522915,0.09096548148209174,0.0737210800712773
2022-03-25,14.671779616209845,-3.4772800294345285,-2.1140865883686035,1.795101415716253,-0.5312447566729339,0.6304849343462758,-1.3462418291224252,0.23017773236908556
2022-03-28,2.1184862083230875,-3.7794605786997617,0.6158320518051764,-1.910237916872,-0.032948449941457514,-0.16824655126738047,0.9479060508251856,-0.019082150239561724
2022-03-29,15.626510840907404,-2.888767177875657,-1.6108317508067667,2.156804114004515,-0.5581281499626434,0.4336136389783069,-0.7775108353787685,0.1072522604770737
2022-03-30,8.119858508487344,-4.731411170379876,-0.6882104974261819,-0.043355959532475834,1.8034255388768208,-0.44820599141639944,0.6943329120657556,0.0621540568244167
2022-03-31,-20.194485884223695,3.754103956709336,3.039118774928394,-1.1431755537099304,-0.5134096511668064,-0.015971885352440457,0.2254493845173545,-0.021180281409768725
2022-04-01,1.7387777281646488,-1.581891842968011,-0.7992908722233298,1.0502617193195753,-0.11409626734015879,0.09925315671899872,-0.3816754467584333,-0.07785387022992048
2022-04-04,-6.341173359639668,-2.7565652490164902,0.4530628326149609,0.3534837831734885,0.6547377074506283,0.21241658959912982,-0.2763594316818636,0.08227235224804577
2022-04-05,26.041724050817663,2.2591488283927643,-1.9572059506946922,0.5800377607552142,0.08442344879334467,-0.4699963977029699,0.0012179076988001825,0.12528707898513686
2022-04-06,7.454811144287465,5.579086452713957,1.8870608721849464,-0.5248240142340745,-0.555081425885056,-0.10307915761765757,0.17017328471783075,-0.08312396467404348
2022-04-07,7.254395166972216,-1.7337215019882728,-0.9879455793522885,0.2502082973563802,-0.08888258312108219,-0.7510484187211095,0.08070797724883519,-0.14334445720347103
2022-04-08,15.204547622294758,-5.279284515521903,0.7510774023359392,1.2318008173405193,0.410213257289103,0.12245141036971445,-0.33795574078906326,0.10375092908420286
2022-04-11,23.13084764325733,3.5607249182577747,-0.4141140832104764,0.6351904607323386,0.5550160893098424,-0.25254266230885436,0.3118300113738986,0.16270968037640396
2022-04-12,-5.0402345078614434,7.453660768530053,1.4711198986701752,-1.440284337978092,-0.20310643565794098,0.18554887513592933,-0.16331533483458285,-0.34830992393996885
2022-04-13,-2.7784901838147453,-1.6238525411351854,1.1001738527215077,0.7375704683395461,-1.3738641975858432,0.11050665132654194,-0.9156005522368741,-0.3761321865473998
2022-04-14,18.637448075991173,10.63842774597055,1.5752914320442746,-1.5099470598441693,0.8206810557341617,-0.9577267799711712,0.09161311443476351,0.1387153209960304
2022-04-15,-5.188173018144776,-0.13257967348459185,-0.14103683684767482,-0.35468894324407707,0.20069253222764336,2.025075236363768,0.4401962942533592,-0.05767901434582239
2022-04-18,2.0406823006182178,1.379230885601523,-0.9686425834931957,-0.3356096404145357,-0.409286843174765,-1.648201413803258,0.017556487166405264,-0.4161810764563284
2022-04-19,8.522202342480087,6.7796910786065405,-0.6014216219645161,-0.05922465254579447,-0.13605021533922812,0.03837416063945531,0.06075329643161918,0.041887004922170075
2022-04-20,-12.14166524856945,-4.094003001538169,0.6425665794170126,-1.6150115677310037,-0.12591169750787345,0.5168030709010675,-0.25984834441358107,-0.25288619014765873
2022-04-21,25.414972207874566,-9.395711311703247,2.7616265998940985,0.4508010383803278,0.17421334665367563,0.641437196634934,0.8546784461856354,-1.0560649939071827
2022-04-22,14.655800791943623,-10.628645485201437,2.0032979874496424,0.7837341220812412,-0.46988582665968515,-0.8203199669452966,-0.7912717068618894,1.0595784985325594
2022-04-25,-26.483036233745004,3.823041658869518,5.032879158528116,0.8618431870582262,0.49227078462624757,-0.08522609805857258,0.35468243712982367,-0.05874369327657023
2022-04-26,-4.978827489191299,1.059143018560109,-0.13831310807134156,-2.363517352164867,-0.14109045946641094,0.7901108886235066,-0.19439387478074865,0.0024478793997563123
2022-04-27,-0.8331566279024792,5.096150021795221,1.507811705376421,-0.5836425667221644,-0.13066421568093453,-0.08980267963932027,0.25961419005782116,0.060984152576941446
2022-04-28,28.738515036726014,-2.1927618878797346,0.8010535050520468,0.46714889930069176,0.02630765611589985,-0.2032721176163177,0.04808474822625689,0.10646037673689486
2022-04-29,12.998070578055959,-4.62534456256608,1.8025398418085696,-0.006460799337645631,-0.3716720002101316,-0.10558578546896036,0.15832393100468414,0.16634060074691318
2022-05-02,6.864374189423797,3.7500526393413787,0.13838031357945973,-0.9664139454260123,-0.24793431756017065,0.14798414016997108,0.04506400345292477,-0.07265063715821392
2022-05-03,4.249369176519976,-8.78413830557179,-3.651498538293793,-0.5610195603521503,1.321616028644806,-0.7252904018317263,-1.5394362456106956,0.9016912255139892
2022-05-04,-9.795202020559834,7.238125945579182,-0.1851978154888152,0.657421850988411,-4.605773599364088,-0.13723270043550564,3.055386567774521,-2.332311191593058
2022-05-05,16.9691117187095,1.5354470726833265,0.8990455044462659,-0.664345659577467,2.362140738158866,-0.3380031345388474,-1.2536153146853555,1.1716971709061115
2022-05-06,26.50729827624178,1.5310166371876164,-0.7076532673978219,-0.48384908417923655,-0.9518040328874712,-0.5123111893230503,-0.011958816167445931,-0.2919604065198667
2022-05-09,-3.6575182333757392,9.434681705278381,2.2325680544970274,-1.7567709980780508,-0.7907598484615782,-0.3486711193301456,0.10672274112288417,-0.3543559035862566
2022-05-10,-22.516600313568016,0.5783037756123014,-0.9134794419764426,-0.8108624229020407,0.13893584458880226,0.37399259716618216,-0.07773875137189522,-0.11638068259400618
2022-05-11,-17.974009320572836,-0.6631514045007382,2.7879200251900897,1.0119497557369577,-0.7381909783988956,0.8786620268318371,0.3736712819548365,-0.7723838357591908
2022-05-12,-37.40461122320115,1.08514243703273,1.170150238865064,-2.0776308123165657,1.3359932760783277,0.08154903167979334,-0.45014828120037104,0.3572988878382713
2022-05-13,15.984925089218429,6.021567920268073,2.518474801623957,-0.1867295704513008,0.18942765797704703,0.25505769184607185,0.2630181918274159,0.13412906404072036
2022-05-16,-2.77616476644888,-7.191181604554385,2.718487355441653,0.058865478650595264,-0.30703306782477596,-0.12456515901764957,-0.012666521281680262,-0.08460970675529113
2022-05-17,23.653003166101392,-7.736903729699734,0.3652127736765926,-0.5754654137572462,-0.29039591555005856,0.20605001989386434,0.1638571412217946,0.4255363724741782
2022-05-18,-1.4514919291269106,-5.617408441418863,1.1814176296930659,-1.1826850096770938,-0.6760625575578108,0.044227450075184416,-0.5724989489421602,-0.5191932912807329
2022-05-19,-8.210739650939402,-7.863499909310847,0.7736654565193718,0.20685952668775154,0.4966978108998369,1.4298754400367237,-0.19730719560779714,0.4679193740653769
2022-05-20,-6.8647678821668,5.2939078027754185,2.407695124427739,-1.6300635574959668,-0.78270401669241,-0.7308274224765969,-0.1604139827106523,0.11823963900606642
2022-05-23,15.96984066377999,-0.857796024369588,-0.10298322299776591,1.7567375866465187,1.3176410853555764,1.5256087759773433,0.3869670613999274,0.3841060517501915
2022-05-24,-10.851877150480092,2.2803745248073573,1.899848807955883,-1.7971506365042045,-0.39711624761612957,-0.17613154464911682,-0.3221558914432867,-0.43241905964800464
2022-05-25,1.2217907556458163,5.2792728050855,2.172453909328018,1.0300645336436427,0.8150404502000855,1.2852116245669871,-0.14047868627343257,0.09506450632171673
2022-05-26,10.671641918811344,6.292547202501653,1.068393486562946,0.5414199729476208,-0.00022214276198520542,0.4068817762688555,0.34075706406567235,-0.23396558416766705
2022-05-27,-7.329398381506406,-4.867604334623111,0.0935736333261272,1.1026829722207552,0.45241489177773764,-0.9804702659474932,-0.7809251140799921,0.1842197710071482
2022-05-30,17.466256802118764,-4.4625179266014685,-0.05038153086319839,0.17798518362145369,0.21040349720348994,0.12556393466559357,-0.014372035874140895,0.05727435941498586
2022-05-31,19.35539383184175,-1.2924020174777322,0.1705886051978991,0.3941240375961483,-0.2547981737730628,-0.09280325300036188,0.05638673681531361,0.2557157189666437
2022-06-01,14.85534231543605,-3.040353782360267,0.0849030743596195,0.4572443702901818,0.05212336170579478,-0.32085658947694834,-0.44073574176459795,-0.24381894331056908
2022-06-02,15.411413742550035,-3.156021065506299,-0.882405911830824,-0.4604125611617897,0.3357058442840419,0.9398990775572128,-0.029366835856165893,0.5064986399953553
2022-06-03,11.16968393739043,-4.792516128248496,0.7372468410794535,0.4040853561416789,-0.4937652144246216,0.16218980029159147,-0.2838240482775376,-0.01683495387738485
2022-06-06,6.5992282033714185,-0.6795364069817272,0.38776231035708614,-0.6208882461980287,1.122331437229162,1.4586375722465856,0.5370091299547369,0.2965490816653306
2022-06-07,-4.3156253333228936,0.1425913009492954,2.331349353104163,-0.8177604869477091,-1.5590850670447969,-1.6410977631938028,-0.2071133543125337,-0.11735566787128128
2022-06-08,14.360446738415353,1.8645362815504283,1.5380363184251,-1.0054180435145896,-0.3520903766411082,0.3976102245093374,-0.08577505382897793,-0.018932598722018152
2022-06-09,23.10675177996029,-13.424172397696063,1.697866019007544,-0.4111984947870683,-0.37549846830954053,0.21504868900010357,-0.05509645924740756,-0.08276681315112423
2022-06-10,27.94975879629959,-11.634667669131165,1.8988709301317643,-2.0198399036185477,1.02598103448905,-0.6998538081100779,-0.8506036909108282,-0.23541863271673463
2022-06-13,50.04392707391817,-15.340358008120797,-4.042986474876814,2.745815223262088,1.9591653167133685,-1.9743242631485634,1.9691725303888592,1.441543870862312
2022-06-14,47.869162516068506,3.333335488812792,8.043860608240243,1.1287292848987045,-7.192106166970767,1.2540372692331005,0.843088147257554,-2.656391825071664
2022-06-15,-51.11392568917729,17.244396896195266,1.3367185255318743,-2.6868951570845114,-6.903320777692536,5.321650924238255,1.4422226006604317,1.8280853052043031
2022-06-16,27.343296750643702,-11.324119740034542,-0.32382298093049666,-4.647697105680402,7.832531466464942,-3.0329755073744624,-3.186692414221781,-1.802187889633787
2022-06-17,-16.79854005482368,6.026425980709447,2.799852413385428,1.0681421292749285,1.2108370936217532,-0.36391081184257545,-0.7669419569683641,0.9279779498879163
2022-06-20,22.023586058056363,2.399624833877532,-1.3462889123428863,-0.5458004949331842,-0.2742168263583984,0.8875475428358679,-0.4098009459950111,-0.9706678752645868
2022-06-21,3.579601771568998,3.9180660222906654,0.9835726648850622,-0.1948976393519854,0.6023807019964492,0.5208814170309021,-0.029033988938506748,0.1616048233038559
2022-06-22,-28.25910379333042,-2.044689982817457,2.0263820685981324,-0.4707287445767015,-0.5559155145064856,0.06261901728932334,-0.3768975199315854,-0.3917223274257502
2022-06-23,-57.273895573882754,12.454465290888278,3.218094961386245,-0.5402877065089209,2.3864689363869496,-0.3197200115598506,1.6411458947527533,0.17838959031300686
2022-06-24,-2.733822082865917,5.470383479903594,-2.964081365623002,0.4603347185983628,-1.4973784700735793,-0.6787684815919329,-1.0679262494372588,-0.4238372051399556
2022-06-27,25.598599944222585,-3.3270411011200585,-2.848024240728792,0.6417146015276096,-0.8481322910831857,0.0018269767194205734,-0.2999246924593742,-0.08375231624612337
2022-06-28,17.414686014473087,1.187244515157206,1.657241856898369,-0.7992935858377194,0.10074370769437443,-0.6941228838955212,0.3867254320129552,0.09017495492575113
2022-06-29,-19.793200917253643,5.223547265178214,3.167972183881636,-0.3936415094773197,-0.3562081858658988,-0.043776704307948576,0.3000878264436865,-0.1224025534361866
2022-06-30,-49.9300968295722,5.208013491303534,0.3797442239926108,0.023580443019290857,-0.04950475871298499,-0.30048953481176255,0.0008398334632609618,-0.21964620165092633
2022-07-01,-28.98446356813951,11.355596760111723,-0.7732878465665475,0.9905923270460459,2.391234041360353,1.0693112772192221,-0.37703703147120654,-0.018844779419885677
2022-07-04,31.776541887149836,-4.58053779865811,2.7021532277800344,-0.233620637777866,-0.882194993919938,-0.34569515514435084,0.10062780287130851,0.276280271991571
2022-07-05,-33.83833669491397,7.264413406997865,-1.5543361811944156,-1.3667267368497003,-0.04913317403758761,0.10245130990141293,0.20138816188784336,-0.20312370834643334
2022-07-06,-13.802361694109228,-0.11354162946712763,2.358780812006541,-0.3100727185884116,2.547356468145631,-1.4536995718365895,2.3239759709022247,0.14000876544195198
2022-07-07,33.4584517809892,-10.817181453442764,-0.4163183211318766,-1.4023173785657563,-2.760224645498241,2.0262446527367515,-3.2831219351890097,-1.0871646461100373
2022-07-08,4.964148345071336,4.157702465026965,3.544266154025868,-2.4179637797302322,-2.137893215111786,0.2970829661272147,1.310919400708965,0.8717238115393774
2022-07-11,-18.27433933822955,1.7458585017401085,3.6105893350055758,-1.4786224883525503,0.12651437202044674,1.0034466068540076,-0.17319341614064962,-0.07820034178334619
2022-07-12,-26.012293295883858,-4.173635351233834,-2.3959380110540565,0.09978589675015312,1.0446933891127184,-1.1148545918344013,1.0359782300606453,-0.18575748441816212
2022-07-13,2.711826077715613,-10.152918715500029,0.6919900623835238,-0.4514537081390035,-1.8982885744089721,1.784383308652355,-1.4007461911291639,-0.08766249861957538
2022-07-14,5.438838499805102,-6.327458308081488,3.3840644138428098,-0.4441492650584084,-1.806734130313406,0.753153956497479,1.2028507035590787,-0.6274821623591077
2022-07-15,2.194736210972595,-2.796709270511812,2.5942090610193835,-2.331284055370499,2.091861826698196,-0.2932845760701549,-1.4717583989600873,0.7606620982831118
2022-07-18,9.980091479007886,0.0661285436063847,-2.2786261010460884,1.382751467286049,-0.9404049202340128,1.532675564959694,0.6694761893581647,-0.8772215962819617
2022-07-19,21.9390142248494,-8.636601453215885,2.8681740513138916,-1.3561757122475235,-1.1256518828044735,-0.24447485796663984,-0.9437884313878178,0.7717419141949773
2022-07-20,-9.50808692189565,-3.302367988350864,0.27919619486775765,-2.203442607931158,0.5300540082714564,0.37150441564455683,2.2305743429286835,1.389515164492756
2022-07-21,-1.0349405052196217,-10.273368145069567,0.8126385970067233,-2.168556616245051,-1.2269965664780629,-0.5819781516645166,-0.418189432247777,-0.7528815127605409
2022-07-22,-43.13845195387533,10.711149783056829,5.62589422339772,0.641784630057967,-0.8574966059237938,1.5867486953444787,-1.8161543837275247,-0.7613081403645193
2022-07-25,-12.225190114288203,3.6007582533147198,-3.0149984126691467,0.9682396823269875,0.5180042405116445,-0.9192878483929993,0.5459871041304971,0.04096496522974259
2022-07-26,-20.78960582055982,-1.264767178861008,0.44443922236223266,1.1693777013969702,0.1960550002903908,-0.19957085271702313,-0.02862241275787945,-0.09117383145691257
2022-07-27,12.060172609815842,-10.275501327739544,2.16323426943522,0.25310121219425036,0.04289411177815387,0.5554965351877292,-0.6078124718154029,-0.014610051543459941
2022-07-28,-33.30836893330833,9.800631470608076,-0.6387954536957184,-0.6558238253386143,-0.8787835044090969,-0.5508967962963943,0.3318993060311626,-0.027289255326146337
2022-07-29,-0.24381976508981373,-5.284640205326398,-2.447948071287203,-1.0974600714495801,0.9227998118900984,-0.8032363362566244,0.8290562081987888,-0.1601362489862999
2022-08-01,-6.507665895051755,-0.536880056762345,-0.2522423202339293,0.5681668482886816,-1.1857540265466284,0.7373907221401252,-0.6130597416282721,0.12046848281017107
2022-08-02,14.475114040718376,-5.15337940883672,-2.260340811092009,-2.3981917882733677,1.1552848353785348,0.052695073900428734,-0.48682347119351543,0.7401701125568001
2022-08-03,6.640315452691701,-5.465773763504332,2.2626788292778333,3.708264034856244,-2.9895422162331458,-0.47844765058518285,1.691661636108941,-1.407929098591821
2022-08-04,-11.811220388570568,-0.24390064194138586,0.5292664105300307,-0.7915764674408331,1.6103147317076694,0.43555433692279005,-1.463425122207313,0.6171454714279174
2022-08-05,42.94524667400257,0.7757253322328442,-1.2176099342574116,-1.052132521875664,0.04669277544131408,0.2565713318778937,0.00918168337748651,0.12248201554461616
2022-08-08,-10.940716437171654,-2.2450884970864387,2.1495438440358385,-0.6972739981358658,-0.1013146303297774,1.7163162485372203,0.3479278411843971,-0.3839801033901866
2022-08-09,9.183397597915816,-1.119711253948903,1.6814163942203975,0.5209164409089801,0.13190256687777643,-0.7260091427723108,-0.905459831869864,0.040407539337492165
2022-08-10,-5.958447381356255,-0.04321417967944282,1.2009141324858807,-0.8752940505665273,-0.16679372475859033,0.13599108757291808,-0.07682466072539641,0.12102015704773185
2022-08-11,14.914362916878718,3.705306575712047,0.4819795244214252,1.4433935104063458,0.0894625701812211,-0.5807727797895997,0.33759940621145806,0.12721585740319258
2022-08-12,1.1039732566745737,-7.039592117042393,-1.435345484265185,1.411918591270115,0.8574733342086212,0.22728026618759156,-0.5378676352136054,-0.056987445782261455
2022-08-15,-20.938057277967513,1.20548379054068,-1.1918792844531159,0.5823732349343272,0.39893295452460087,0.09464342509332184,0.045266272813945456,0.1926020838931608
2022-08-16,11.071483751433414,0.9444349757927065,-1.5059510105650395,1.207193068552776,-0.026630049356540283,-1.8269458559794132,0.37253240916596186,-0.2898742060779541
2022-08-17,31.091472082919022,-10.539190505016805,2.7891445491651328,-0.20625112740937798,-0.21903776777358613,1.0999672079095715,-0.2329418410766608,0.44490656394322603
2022-08-18,11.301442646217202,-5.116678949298373,1.455589452394235,-2.038196265484443,-0.8536579304453285,0.6022104554935932,-0.04203654134042119,0.2573918481932814
2022-08-19,31.81113033769347,-1.2739506420648599,1.3242574502883826,0.05621636277887864,-0.4981363511918172,0.08297266522213846,-0.11580992553490031,-0.19081749386765867
2022-08-22,31.420534219203685,-6.618180103551494,0.6948736439889963,-0.8434845426288233,-0.33029776496620034,0.37191145664108655,-0.279303017846398,0.015761868434528946
2022-08-23,4.066006615221721,4.076906694122998,1.2357524502253432,1.6671779981090185,-0.5937996889816604,-1.0625698090843616,0.30776029537676414,-0.2147778836437605
2022-08-24,18.308575661148346,-0.7238075207294863,2.0146004222278187,-3.1146019138893166,-0.6908593737922367,0.2614064023035736,0.148643590665844,-0.16286456562040713
2022-08-25,-16.972557928921624,2.037912767641733,1.8690183815306323,-1.4025982370785868,-0.1692280550544729,-0.1647374015698117,-0.578839272909414,-0.6232272893341674
2022-08-26,26.908594100862892,-8.727069770791307,0.44980838510638077,-4.2565790218305555,1.8617622621001706,1.6107569298334972,-1.7788595712371085,2.030625315251398
2022-08-29,37.04508382154702,-8.419354480165502,9.269865991639971,0.33826464195021133,-4.250428264397009,0.22257872984503868,1.687610335765255,-1.8048743395450881
2022-08-30,4.6948517861546994,-8.849662205597467,4.900905123063888,-0.7328163950096007,0.19253326377988725,0.7944544879093024,-0.20483873222475318,0.038078823280582194
2022-08-31,4.280093122736865,-3.02620503907709,1.6281215974928211,-0.7706479071438004,-0.2727531857853208,0.3263068198862919,-0.00038955713280778887,0.2936672968913052
2022-09-01,1.4834681713903048,7.772678019728848,2.6856891479287635,0.04360987804839482,-0.5215800647099875,-0.05841079360682816,-0.2505658013425799,-0.0956116368888474
2022-09-02,-10.704888089955944,1.9590534513470992,2.0569617158218927,-2.1967318531704643,1.7331707137932162,-0.928906229056214,-2.1667390611962634,-1.2651963622537037
2022-09-05,23.808484900235488,0.8175078322093413,-0.9841136944036909,1.360749089762138,-1.5359214122449207,1.6260654329350646,1.8308951387627213,1.2074996179591417
2022-09-06,11.139350288587218,-0.655494580129693,-1.7464961035317739,-1.4956397393261576,-0.88811293276673,-0.2523555050030138,0.025607817485537025,0.03877182845510129
2022-09-07,-24.053686021438352,-6.929406506418244,-0.6161747579335205,-1.195285666197714,-0.2518600164929753,0.32283044292340757,-0.5406760070082698,-1.4832503431293391
2022-09-08,20.77602836398655,-4.346456973141647,2.4926809673995343,-0.05338154800612397,-1.7826212511700197,2.7959538430737894,1.8374580348600895,0.5080959508743785
2022-09-09,1.9951738154862277,-2.2035739164095736,5.470672853752831,-0.8259836114960122,-0.5927387481370263,-0.08047819899156396,-2.5055272571078797,0.052462216767073286
2022-09-12,-9.483235084123814,-6.439639139508031,2.3235345352874326,-2.757259062718175,0.695423619169743,-0.35663091054624846,0.47447855378677734,0.5440096278602624
2022-09-13,26.308114273554573,-7.724798309302377,2.5109946939930134,-0.8159812576917245,-0.7062877704082244,0.6665241087686316,-0.3425574020864945,-0.08343556584745462
2022-09-14,2.6204508140040774,-9.324972140120414,0.6191561915129503,-0.715880255376403,-1.201520844587544,-0.29417787892658925,-0.008315320022316093,-0.2494130696465313
2022-09-15,9.282232742874008,-11.802729592969307,2.1546462528809647,-0.10277189702187267,0.2280947308678638,-0.01493159800758822,0.525153027751518,0.210348055636679
2022-09-16,-7.984286749927376,-0.7159273863102276,1.3217704327943989,-1.6424601735694586,-1.1109104600960475,0.3130862027128862,-0.20091414160540877,-0.2593275782531718
2022-09-19,16.321418443340743,-5.444003997861697,4.296538907300177,-0.702807609344678,0.45200795920540787,0.2948498480280533,-0.9130673422746729,0.9314215404209178
2022-09-20,31.672537875312422,-1.7776306616921245,-0.4969263878098216,0.9124333649094968,-0.542459102911067,0.2505477611427427,-0.148908892981685,-0.11913081746987343
2022-09-21,7.2307691821566475,-17.343619040518934,-1.1326166133602265,2.1096236009385985,-0.555355128302682,-1.245761116928599,1.3213744954637003,-0.5410817719527468
2022-09-22,16.062823282371195,1.4755257740838519,-3.6602168177859364,-3.5342161893073034,-1.4133719674926686,1.1262312831347794,-0.5773521559000467,-0.17214450407980053
2022-09-23,27.0744200358836,-8.88164530646974,-1.9582653307194318,0.3863327963499572,-0.6998968871109309,-1.5813938746236365,-0.04833555317013466,0.048449425338361975
2022-09-26,34.85231999147522,0.03715832301514026,-5.590664358447139,-0.65141934677715,1.9417997986661102,2.34575385180129,-0.7081610676384597,1.2022438342083326
2022-09-27,22.224329917580523,12.13009014360435,4.765074363118961,-1.382260732553496,-4.141419267475582,-2.6757229558122657,0.9301248295114698,-1.7946627140208693
2022-09-28,-18.00097888285481,12.287530956178394,0.3770076041728484,-1.1659830609031232,0.5558472140901514,-0.13826662853647523,-0.019995683441158964,-0.5580090086013915
2022-09-29,5.306424432152372,17.321820442784944,0.03855456996880044,1.007590228693205,1.3720052592579657,3.3930823489200175,-1.246291383888711,1.039009486850616
2022-09-30,-16.950367763634745,0.432268456406595,1.398059094244582,-1.0149380549327587,-1.0920702314839212,-2.7718552196700834,1.204140884686056,-1.098634097056
2022-10-03,-48.057704564003814,1.9137618349459855,-1.0603923892573572,0.6406281532108581,1.1228746243075693,0.19382132576796726,0.0828604205268024,-0.1776002074481565
2022-10-04,-19.126605900460515,3.5700806772827014,0.5116268095404148,0.7842498326123046,0.2914899394527449,-0.43790465963134545,0.04339459380758366,0.09521969348733557
2022-10-05,35.690618400072744,-0.021676867549268505,-2.5485961595923983,-0.8917731266159933,1.3853618867029867,-1.3194284923723896,-1.5074866838587562,0.23946705537065616
2022-10-06,30.755050771304482,-10.88373691007076,3.092465592652199,-0.9570738472403849,-3.1582558821955713,1.9786227333898292,1.8957369198042098,-0.45978019963342004
2022-10-07,34.578013485983476,0.18703435223593579,2.697139043609964,-0.4874649451555136,-0.3759830681153609,0.03969593898909427,-1.1571317622347999,0.24603693162237952
2022-10-10,25.779730327298648,7.921936444846254,0.0750053752389261,-2.867965396732178,-3.1465492833424684,-0.237451944027838,-1.3528833074299234,-0.9809385909976266
2022-10-11,3.1211117013415,3.5075899912592368,2.6544099154105916,-1.8694271565128409,2.7431842834600517,-4.443604799193864,3.355554286902222,-0.9723920459218103
2022-10-12,-12.26158237149814,5.668424900560483,3.5485352335558926,3.7676682558482693,0.08391252239514987,4.64426552976458,-2.3541507749482347,1.259281199667574
2022-10-13,-2.896980242108967,-12.897853474941344,0.5080574937821581,-0.8375965270761913,1.062476108404736,-1.161876566258463,-0.6037756854613031,0.4503436558864974
2022-10-14,11.07216314620044,5.236935838372194,2.247554367581612,0.7896898057817004,-0.2389156121538461,1.8858446039120322,0.35275906967503634,-0.3442354127337835
2022-10-17,-14.417428104919338,-7.336079776769697,-2.117300785157187,-1.4447384554017317,-0.4640937599300899,1.3980780834002868,1.3192704557738304,-1.1427467759888696
2022-10-18,-9.892692542420093,-4.374843002083127,0.22388737094085004,0.25300183111559693,-0.6086199594665126,-1.9193532479955449,-2.06206548953814,4.176293509160605
2022-10-19,16.81101047209342,-1.8287399982247798,0.900772692699693,0.33425616360340765,0.494567848011198,2.2877541782993576,1.2475234405891893,-3.2456114807775354
2022-10-20,18.74507903350949,0.01254440783516532,1.2080618261268246,1.0494008157385477,0.7764340573909362,-0.4129001729752962,-0.8227971687994602,0.9853910174531234
2022-10-21,-21.86901493889415,10.016586280503208,1.5418344838708251,-1.1018743110117233,-0.6984948288646715,0.20192404767982053,0.14014098577565784,-0.2098303935392709
2022-10-24,-19.37785506520799,-5.325821381078479,-0.10706458861763374,-1.3498664024935931,0.6804280060690561,-1.8642615539707317,0.43793890719144907,-0.9115758414875281
2022-10-25,-37.02523558219534,-6.0154807965844235,0.45438190722193394,3.004066468443492,1.3173176352646416,1.7827818901060433,0.343118363454072,0.5442167085234924
2022-10-26,-8.551761325898006,3.2432868874214518,-1.3764282882515888,-0.9577916303378237,-0.9350883084106246,1.674117072638044,-0.6323321300060473,-0.17804012945078923
2022-10-27,-39.25707508340599,11.166180145811184,2.35377797476144,-0.7854119867502067,1.128492497937766,-0.34576980994408696,-0.5277639178362472,0.5024543152416799
2022-10-28,39.27017479398266,-9.390444382795346,-4.996867238025141,1.891978890982914,0.3090609086045534,-1.0376407635645757,0.24588307846483223,0.2338942536466746
2022-10-31,12.245769047063064,-1.931464188421938,5.327077397803135,-0.8110623671594819,-1.521616970446256,1.1136782885814005,-0.771548031186986,-0.14375952308047715
2022-11-01,1.6853211642997097,-1.6234407390245629,3.789842657108822,0.11530697060875915,-0.4222065234793179,0.2636711171568501,-0.17982374763726186,0.21950088212469257
2022-11-02,4.492296991960959,-2.6162048120254693,-0.8804096407990848,-2.1010209193468854,-2.1267805087788165,-2.0731013230049427,0.9606131244210986,-1.7886739580633844
2022-11-03,22.121915212693718,-5.165796359746629,1.8686042834235923,0.7695946507903937,2.02248419017325,2.3567567411416235,-0.948379853929875,1.5750053997329279
2022-11-04,10.057913548240188,-2.1888647090784383,3.3163778857634254,-0.4113818162815417,-0.12300259384524591,0.298708491926406,-0.1055213278700265,-0.02980030079756588
2022-11-07,2.1374174375863912,-2.0687126936331914,2.1156764746071004,-0.7428705962831631,0.5539970890606882,0.416313139935347,-0.08711672013588627,0.16317122769529088
2022-11-08,-20.436604250078645,-5.750717704287619,1.8358788026443127,0.28259264697679143,-0.05139924880819958,-0.06015391787620849,-0.8542878225102827,0.6499414634634284
2022-11-09,-28.904939090346605,0.4337940422581732,1.333336129878363,-1.7123969662795333,0.33128244919135064,0.19522505420605124,1.636791866243661,-0.5998365479850943
2022-11-10,-33.81857389383731,2.2442163030359406,1.5848767241448183,2.1784641701882195,0.2118718510953978,0.6843947982000144,-0.9288061731389256,-0.022643363076323305
2022-11-11,23.318194068364832,-0.6127055016772035,-0.25780964055831096,-0.7340081672763304,-0.2121023554124031,-0.33106675355208287,0.4282200894698111,0.15004106525680977
2022-11-14,-4.004847875473998,-2.0564088785150663,2.6652979000673076,0.10763481966659391,-0.11744682192080352,0.635832005473557,-0.5988916714759274,0.13087250506391424
2022-11-15,-30.31401907873164,-1.9351386556438506,-0.4506330669369317,-0.9149736482577143,-1.0562520447131984,0.31945745445524115,0.31085642209909026,0.05049486963743282
2022-11-16,-9.992572943854613,-4.509635282616128,-0.6173722687694049,0.9504880242510606,-0.010046891903575515,0.11821350838944059,-3.595404528464306,-0.5831658680445679
2022-11-17,12.950703590207075,-0.13945099115030143,-2.6507940418339038,-0.21984173415337188,-0.2843191184557305,-0.7618926745667116,3.7120651597083625,1.097176328808297
2022-11-18,0.24274534527919497,-0.7170730405503961,-0.1070590476303917,-1.4212570838958856,0.32437656056801323,0.08247314200429716,0.2601062733216691,0.3417431850263214
2022-11-21,-0.8640201919954115,-1.7438855938303273,0.21253280622583584,0.5450729816719434,0.43475800941971365,0.836611588577346,-0.18785446494409702,-0.6759284035733595
2022-11-22,-13.001824615110461,-2.329027074837096,0.5187591062745295,-0.48309732817093526,-0.46269645577729757,-0.24472045713120225,0.07686996985374153,-0.21157728214379456
2022-11-23,-8.151321674531463,-9.278979140512172,0.1542156860045298,-1.5806316858678633,-0.17221247526697547,-1.1410695892860387,0.599216015829452,-0.5688528554359727
2022-11-24,-17.147773331262364,-4.091406637785203,0.45682089070152243,1.1486034188538428,-0.4063958612154442,0.8958851670713005,-0.3483574936705395,0.6480008155911532
2022-11-25,23.372568540945565,0.08433301999412592,-1.3429019846591155,0.13051380838601892,-0.6158031294899174,-0.9038470927015855,0.3566520623202171,0.16358580561739672
2022-11-28,3.57014861473251,0.34708149486526085,1.8935593623418696,-0.5318853721255957,-0.4787200756352278,0.4931175193903144,-0.3452135128331607,-0.32504125382791615
2022-11-29,-8.216304370290164,4.136277833159631,0.48041589026577214,0.09890989089463877,-0.6913360009461409,-0.7698865885123022,-0.6957986787482419,-0.5767258547725425
2022-11-30,-16.016074354885387,0.16795935592681285,-0.9386621576453373,-5.214958608979892,2.417971244755373,1.0752215322868814,-1.0937038948168645,1.8521651728470767
2022-12-01,-18.827355017605942,-0.5134405165975441,1.334103576369241,4.757707770603649,-1.502332014516876,-2.953909795504921,1.0285974816953742,-1.1860936072686494
2022-12-02,11.740618541773443,-5.371326055239601,-1.652987510539107,0.24784883437960706,1.3964927642842784,3.2110825901137745,0.19851348936134008,-2.023675921524525
2022-12-05,7.4861822113892185,-3.682658013224066,-0.9461271805484242,-1.445743051566889,-2.8205425000720146,-1.3837118673301025,1.6438330233914427,1.2715168907239192
2022-12-06,-16.33200591188486,-1.1412091623989058,0.7884999994059602,-0.041929973011158625,-0.054680427272543734,-0.50262320912755,-0.6361261538359301,0.5550634234144043
2022-12-07,-3.656902913128401,2.2652923323534364,0.4973605218228652,-0.36354314225860257,-0.5742127196573314,-1.5978241831620408,-1.2930810464297344,0.14172868755817455
2022-12-08,7.222126535877818,-1.7802004274028604,-1.4164130541021622,0.7468291880171819,-0.7654306636577893,4.271230445891209,1.8061683601836598,-0.7403921325971817
2022-12-09,12.918848829516481,-0.4213073948993325,-0.6305187534533983,-2.2723983987474683,0.6809073066147148,-2.6471973091338077,-0.05870523486024494,0.6389229552836504
2022-12-12,8.43454815865574,-8.20413866458387,-1.5607736189331196,1.0038393419570992,-2.1717735211341482,1.7268837511927073,-0.04528809368711218,-1.0819558973906844
2022-12-13,-3.726040368218815,8.59552916502058,-0.05366602546996948,-0.6116772605571179,2.1508765859735615,-0.8897033021392993,-0.15737989892433557,1.244841037191158
2022-12-14,-1.2378913900796298,-1.5685846427832306,1.506359743318548,0.8632734906538135,2.110545756935336,1.574244238377253,-0.14800550877382984,-0.3925633445773679
2022-12-15,31.748498261766734,-12.755327030917961,1.4559085145948898,-2.7718490496473143,-2.47619332771409,-0.033879408139740046,0.8806596019618387,-0.5609149569902735
2022-12-16,25.62926362575469,-2.156287742958921,5.919305720460443,-1.2144408467892807,-0.8394674758929873,-0.6305856665334039,0.11642996978908705,0.6090944064580041
2022-12-19,4.106666195972968,-0.13812461744262314,2.915110064897586,-0.11978498589294233,-0.5260684335645198,0.14791215347433923,-0.31686505377604973,0.0019436091048219166
2022-12-20,26.214553794231758,2.135536156322366,2.108832128192236,-1.1141221935515653,-0.06028878758094507,-0.03689700188714535,0.050705312803817654,0.02359904584808377
2022-12-21,12.458511610568006,-0.32345938442252137,1.768069646297104,-0.3284970511910583,-0.34971651904377693,0.814196854735538,-0.4560915582794851,0.4237817608958912
2022-12-22,9.625480143915716,0.5359539249579935,1.3031105492521102,-0.4479579254284599,0.006856321564746883,0.5267591537102806,-0.2672570358167099,-0.5671574454711337
2022-12-23,13.600101120840575,-3.6879210518730035,0.2801483640889782,0.15715465591772765,0.5922002398631881,2.0551629331638472,0.47267612415955906,-0.22436201880425777
2022-12-26,-0.5216869026800638,-1.8416384768596037,-1.122788780675948,-0.4422366809094158,-0.5231350733905036,-0.28958555990964674,-0.8476888301964507,0.44171537585269127
2022-12-27,21.97562348359995,7.237772112029982,1.081044319272933,2.708200776307586,1.2734333997684575,-1.8361692131781635,0.8160737901340664,0.38688011936122957
2022-12-28,-7.100101996858953,0.05131216414530052,1.1598645534149776,-4.128528169590305,-2.0036090706110636,1.9353635627168453,0.45545738279601156,-0.8864599247316644
2022-12-29,-12.560232883980845,-2.3023819678617112,0.5870898334432705,2.3254480042719057,-0.4647700710127408,1.133346460995728,-0.8121241519981198,0.0380374794535667
2022-12-30,23.59024589323882,6.726397319922359,-1.9584332506544284,-1.4735570784150507,1.2938294388515097,-2.5431795356098696,-0.36745747909540616,0.33746571879300513
2023-01-02,-28.84192916212933,-6.7821917707803605,2.4137650245454916,-0.08220825425269036,-1.0114907076226187,-0.41482555501676904,-0.008577044439833688,0.1506941395982301
2023-01-03,-17.242169603626476,-0.9480516169829246,1.8077167708509032,0.8368200656539257,0.9854589237879092,0.22449011866900587,-0.5322181729425155,-0.18952185018314663
2023-01-04,-26.76188984038639,1.5378453801657608,3.8145750508069294,1.5107194701342426,0.9205109142953855,0.19496730505753643,-0.6048852092900749,-0.07440525028681594
2023-01-05,17.156500814420337,-0.3266271560416971,0.3086553019320003,0.39522825596436784,1.3014860387337572,1.4891518766634755,-0.3366999263443427,-1.1104706064613623
2023-01-06,-22.823252303622066,-5.559366518807928,2.3570480464486057,-1.250129475341535,-1.6138305240000501,-0.5795025109433797,0.2982442063817649,1.1105896795248127
2023-01-09,2.7399396495953487,1.21908499126952,0.9026890174671546,-0.40617256366327453,-0.14259072834838254,0.08942891958541481,-0.1299671720834085,-0.07916157802115004
2023-01-10,11.483651311639354,1.0993599158048373,-0.8023264840615901,-3.08944481995498,-0.41381619992069407,-2.0390187642977735,0.9257186066604339,-0.8474838753706841
2023-01-11,-28.95252820581604,-2.248062468747101,2.8377841461814284,1.576158865297087,-0.6835276970387518,3.179888101829459,-1.0487664918694524,1.0286722188752024
2023-01-12,-15.730618948335154,-1.9347768753050658,-0.668452115347718,1.135979100440729,2.6958201298438196,-0.8930993907464481,0.374179910397393,-1.8651352148308138
2023-01-13,3.933969890729743,-2.616623437179351,3.700932619937474,-0.26360811156924785,-0.9033768945495316,0.44971291255113094,0.5376258348556218,2.0490677762147613
2023-01-16,-2.6970765265300494,2.426678050557145,-0.6695678867614647,-0.19345078030593502,-0.22973754716217443,-0.21299707087071118,0.23295524744778393,0.03292340478471363
2023-01-17,-24.46512039783146,3.9441508183334064,-0.05204020334412314,-0.12040567791789585,-0.2706679664201968,0.33918741424888643,-0.07450594497988385,0.07476835321313341
2023-01-18,-5.797148846276295,-4.567115054515648,-2.1465000217955716,1.728383440125918,-0.3059253914005495,-0.3496037169142104,-0.5506187622971147,0.35414003162647245
2023-01-19,9.606869975430657,-3.723696210750753,0.7663850132889621,-2.519525440085466,0.95876469928701,0.3978719258236952,0.37668804029360603,-0.5509903148885349
2023-01-20,27.188199348486446,3.4917494282681187,0.045295018743171586,0.25979741438109144,-0.5648858127639987,-0.05815063254842237,-0.45534515236945017,-0.2926326043725116
2023-01-23,14.542819984668615,0.607759957967884,1.8353099852328374,0.30917242859099325,0.3869602982499105,1.0719040383403091,-0.4062675520023702,0.2632907886722615
2023-01-24,-9.658024504751692,-1.6469561981444791,-0.6337667403503043,0.21329497217637522,-1.9208624044357705,-0.6125444742535113,-0.1273811771439625,0.6113693173157807
2023-01-25,0.05363906929511331,3.9335156491416154,0.9368454073468998,-0.44251099218557455,1.2266588848557423,0.5415223838437794,0.1816070556265348,-0.33772830532342357
2023-01-26,8.149377407554033,0.31096595392225984,-0.9686759022178473,0.6568829161175862,0.2368971746531176,-0.1613496693628792,-0.09146669913686432,0.03409073075334594
2023-01-27,6.854981329180317,1.0241602271523915,-0.29894476402090414,-0.2170705587694787,0.12065858004836753,0.43183445985294194,-0.14092513027057807,-0.34765956557327155
2023-01-30,18.48462918975414,-3.710410178863581,-0.06922244950276889,-0.7276262465510333,-0.4464013365392062,0.032038972768631345,0.07431632238961616,0.09276295199184967
2023-01-31,-6.596869000495308,-0.27204528531154293,2.1227542145765597,-0.6524221741484297,-0.0833508546663607,0.4593097648561173,0.16602604755773656,-0.02082132102176222
2023-02-01,-6.989913587671814,-2.8099059640045505,2.9891634182681264,-1.3342982598049913,-0.489729093769477,0.12330780978611339,3.959590122665845,0.3465888647722328
2023-02-02,-45.61027459426021,0.04627981659677439,0.5387252217107514,-0.10343099857687517,4.458333097781192,-0.10742327347317479,-4.39344839556184,0.6119719206341347
2023-02-03,23.499690634537398,6.397801962639919,-0.3574139490647371,1.3443026909816527,-2.927034511917913,1.2719151693462418,0.05201773318627198,-1.0368081985314854
2023-02-06,28.30223348146836,-0.8480612991959706,-1.9752629357060965,0.042981526473717495,-0.5792048489671896,-0.5507800767116205,0.11681482922768391,0.2529417491354722
2023-02-07,6.289540676183949,-1.3394051902740078,0.01585743661355624,-1.490873925223586,-0.38749803945824784,0.31037410173194196,-0.18041972161745715,-0.0876127384787205
2023-02-08,-3.0758202023184618,-1.937165866488875,2.6939340255065765,0.15673781807941467,-0.9992616134075442,-0.2201093569170466,-0.024253987972527508,-0.2486220862317428
2023-02-09,0.08636883859822521,-3.0267056947106825,3.7114253159731736,-1.1876041705897664,1.6025423388417308,-1.5566070901745963,-0.6601552163725727,1.827055912477745
2023-02-10,7.948794522300005,-4.334203545027955,-2.2330938975919996,1.4468829374106709,-1.2836224133309577,1.4245554708292534,0.5018455021384085,-1.7534269984408581
2023-02-13,5.110885157315977,-2.744543789774767,0.3067903972350074,0.24496426746107605,0.1327416413384709,0.803387689038636,-0.28465720943408956,0.17026957705561102
2023-02-14,21.035090651055555,-3.234925093100721,-0.21174282726080415,0.2965532885711397,0.04056508552387644,0.23932956307703854,-0.14487190689058638,0.052077272793855926
2023-02-15,9.010601842247654,1.4339719502831936,1.642505117395663,0.5298937099269556,0.08607455012271929,0.23259058696511,-0.3182985303860546,0.18695786342498247
2023-02-16,0.13254164612155236,-0.777797675546789,-0.05849051666010316,0.581805525405131,0.11569011355073663,0.19485017447087863,-0.2608381860414209,0.05874639338297015
2023-02-17,-4.719516841018537,-2.884324654556935,0.423568075246447,-1.1979588210351786,-0.04639672051036095,0.363506635433123,-0.09310581531168893,-0.15869237361156036
2023-02-20,6.017569224509247,0.1465887344420644,-0.606857469609927,-0.4089123310817727,0.3670267459583391,-0.1426418491882412,0.07122013708382208,0.3585768148130449
2023-02-21,16.732979793257254,-0.6165745083022979,0.3887903490503616,-0.2912521231053372,-1.10674284172099,0.4616319588512939,-0.008886514201236073,-0.13013475299702712
2023-02-22,1.038824827145484,5.735539859512846,-0.18236458400304503,0.06562605601297683,0.5338048324408075,-0.06046557024280515,0.04555182650673717,-0.16355527902123204
2023-02-23,-6.203495923758861,-2.354848577830848,-0.160496737355665,0.2523038659449316,0.044208195192746075,-0.12883330494204367,-0.06636263261450866,-0.1169247529197851
2023-02-24,20.603766267752484,-7.512418517851882,2.1625400296066277,1.7539671555817606,0.5546672397443949,-0.024339937695086897,-0.2778271210136837,-0.06723447782306306
2023-02-27,13.89806295403199,0.3083292308826069,1.4941083313651269,1.5975685759781346,0.7533582718353029,0.1953322687662285,-0.33362081644531943,0.3166135743166467
2023-02-28,17.31345886792609,-3.5952088049004423,0.061503432058082425,-0.7895714755805167,-0.5404878711440216,-0.6332525951607898,-0.1958412091614921,-0.6159062338707038
2023-03-01,12.662962671474975,-3.8506717001364046,1.4294754745077471,-0.6395291590649803,0.09074557059249011,1.1942749616067483,0.19801714302571835,0.5200192038156183
2023-03-02,7.044767798541238,1.6325940271629922,2.158666088055096,-2.155844654308434,-1.1203734225513597,0.3550432827012855,0.15142370892743576,-0.025839502289400552
2023-03-03,-9.138698453401119,-2.3163198488132255,0.12816246035132825,-1.2952331036642808,-0.3354852934597415,0.4743037943716028,-0.024533896568022615,-0.1891445095032722
2023-03-06,6.182187038701258,-7.1297494616924935,1.3423786116689544,-0.9578335509798721,0.180244477136977,0.1897751026321828,0.25618842903853484,0.05057403937424139
2023-03-07,-7.863271118993677,-6.8357099411076545,5.252107394319784,-0.8245197265776609,-0.8863443284968572,0.5936628628495733,-0.29454921151018626,-0.15152796268136826
2023-03-08,-5.47010733124241,-7.641484863024095,2.0181806597435923,0.4723148571476464,0.038168322299702725,-0.004540062098608855,-0.31705028566134524,-0.13268336621412655
2023-03-09,-8.44117733238078,7.834237164433242,-1.3060438760896123,-0.6326902670681516,-2.2359644983182827,3.6278510209112214,-0.29838756473971195,2.1866855835514154
2023-03-10,-32.17733094121249,8.380760859847285,-2.663040055442563,2.82683807573615,1.4066308785046764,-4.532214182431384,-2.4601773068835326,-4.585909829697267
2023-03-13,-46.17129765584017,24.970445903189106,-21.939141551363324,7.286169959645239,-2.483570921702132,1.984167642340732,-0.6638746425201673,2.151776021259014
2023-03-14,27.004118160443856,-3.3242624788128836,-0.646780767161608,0.2710156299612585,6.949030827833206,-4.282187521369352,3.435449647262409,1.0180488840658692
2023-03-15,-40.15181660023052,8.624929433768179,-8.661913403751717,-5.606579395305262,0.6128936642347934,0.4907568003580299,0.3049472209406163,0.9127516963533886
2023-03-16,9.08976640873866,11.673437197248138,1.6027238807681001,5.426267920936411,0.3143164541991466,-3.5003133479974644,0.5802701179966883,-1.98949100946223
2023-03-17,-39.08274999246076,5.436339977998471,-1.6172013420781488,-2.693219508392145,-3.960380925082061,2.5795169859173583,-2.1473521208611372,-0.2242744090077008
2023-03-20,-0.3055838328681058,3.9316185212039243,2.7650950015784335,-3.5022407156893767,0.6412323292854081,-0.07523580229522789,1.552576641579034,0.2818201028120208
2023-03-21,27.746774902072563,-10.93196854989871,3.9822464713723322,0.5008226620411464,-0.5753286897858981,0.1398859670917064,-0.02405550880516537,-0.13158968539873966
2023-03-22,7.033207511819047,0.8757785403886387,4.996327006392878,2.3855787319339394,-7.8088234296120325,1.3203158142416096,-0.3579214849704042,-2.4307727102051473
2023-03-23,-13.492881117765982,-7.64695078307417,6.301119906656948,-6.8395316908035815,6.448891557027264,2.1261571457995627,1.4425745372923338,4.153034760176701
2023-03-24,-18.476935935135213,8.432594693361684,-1.1926159801273823,0.12980893488167605,-0.548362130364512,-1.7185870615533776,-0.9370822351631108,-1.8196735878510617
2023-03-27,18.692236411809084,1.1553207661466063,-1.6942570027818962,-1.670152753920669,2.7485190422795363,2.187502804890714,-0.12651404345261769,0.7319770798497044
2023-03-28,11.120973955985887,-0.6975004964839481,4.289206119988429,1.970386802222247,-1.8456304281697375,-1.85684633721289,-0.0635774858758465,-0.6136635267201506
2023-03-29,6.873807240187071,-2.154287497856817,1.136359238626488,1.0559907273103082,0.652185318618519,0.0393326735004353,-0.23266585670938814,-0.013985563985473468
2023-03-30,14.753711484592415,-12.250777877968304,1.7538917238972236,-0.695249375048894,0.5909780891100872,1.5166821191550732,-0.3425899569762452,0.12353468726157457
2023-03-31,-14.06238972811457,-0.16248429191519517,1.8197000832300736,0.6049965644722146,-1.097412949724116,-1.191849984043575,-0.09685685968568555,-0.4110713581937671
2023-04-03,-10.185951000713278,-1.2820086704379399,0.8852191377602598,-1.3980872678749539,0.36717692608564495,0.6724214284042968,0.275591181862488,0.18057003191625526
2023-04-04,-9.226886274645958,8.820108036478272,0.2855505879250022,-0.6141866533459003,-0.3244450526185013,0.06549232238251769,0.5568414174930385,0.2673153587712427
2023-04-05,-17.67559280542722,2.8876760159205275,-1.429601586778305,-0.9813360727296818,0.4363347681747184,0.7584659839357296,0.231848299687987,0.38749706161576886
2023-04-06,2.204806864644534,-1.8910210444915672,0.7438205839919166,-0.06128855716763121,-0.2854177808937817,0.0727292162799664,-0.28750602513174606,-0.23308446277980746
2023-04-07,-2.1994262415036174,-1.3400461542832105,-0.1847648534016672,0.4057418753606345,-0.6135485368190374,0.7512699628256518,1.3854316991548286,0.5779402659266296
2023-04-10,0.7478946881890082,0.5550155567505727,0.1858379337347667,-0.22926225216000579,0.678172894643193,-0.9507622596438441,-1.2126863584418068,-0.7096887167134274
2023-04-11,31.556273582881442,-4.719179279785282,2.512173074792463,-0.2142691761473914,-0.20922034147587346,0.20348498407408577,-0.353821009613386,0.01460099322414655
2023-04-12,16.271623319540417,-6.2793214999853175,4.19837516239564,-0.9668418845068188,-0.9110597366805913,0.9494090440369586,-0.44220929989888075,0.04903482457589402
2023-04-13,-1.57026297896132,2.036493836415032,1.3858684109038881,-0.8003631043962465,-0.13269419820591116,0.23906488554308994,0.03310723942856345,-0.0012806130254238595
2023-04-14,11.645402108132059,-6.838492444093836,1.3107264959760867,1.564621157944326,-0.681924514242941,0.448756849308252,0.05704561520789145,-0.2529157705594326
2023-04-17,11.62207134137824,2.0836652320353335,1.3574096554824469,-2.491409505529261,0.3114829637166377,0.41691788463183765,-0.2823990097033111,0.3283752296064442
2023-04-18,4.498696978026592,-2.9079558326266124,-1.3263027785127206,0.7272606276542162,0.04586599936765999,-0.2612430560229763,-0.22764392604951203,-0.022558124998039893
2023-04-19,13.521922930496231,-4.19862001575088,1.3940637567287335,-0.4140826481691562,-0.5002261314294966,-0.2569031752268759,0.024082899624329957,-0.19839604213171322
2023-04-20,-11.666547951183803,1.7212759267848163,1.3310691958298895,-1.1923495245148488,0.11740194488746572,0.6340955624602402,-0.1883489832096885,-0.03830690843569294
2023-04-21,5.1395377763311405,1.7438733123481691,0.5132002600626,0.010102618631117811,0.08957217551904799,-0.1162467865302128,0.1938101601703046,-0.056674742150785974
2023-04-24,10.432004342058221,-4.449958514318294,2.5076541027272765,-0.45841553033687416,-0.4570149359098145,0.45172500234642005,-0.1511855247733124,-0.1489684105796546
2023-04-25,-33.336589198257286,1.3567230910481878,2.5902651662095137,3.09918790613215,-2.8380419826657683,0.2816286925338541,3.2818098913792655,1.9529643567188604
2023-04-26,6.961964662497569,6.8880753533267045,-2.5598628597576165,-3.6152171765369374,2.7828315594820707,-0.7102680476323163,-3.0627722364840335,-1.9931531893297552
2023-04-27,8.000766291780385,1.0598852373397287,-1.1875820104704755,0.25084182603767496,0.2453839447490975,-0.27096674712649055,0.19257271661405015,0.07254945442174181
2023-04-28,-31.266722808824603,1.1037117255886595,1.4631666580947627,-0.8790036869094884,-0.420967068487283,0.09354795370572305,0.06432684581605165,-0.054012555790957484
2023-05-01,-0.6732777526196094,-1.3047673290418045,0.06510946003683445,-0.11751779458809825,0.3491043702261818,0.23175139749600268,0.26022624909492054,0.24252876396794776
2023-05-02,-10.932718581233054,3.384013591409153,-0.10874236560343134,0.20742425312940352,-0.34699096341459224,-0.4836635634422762,-0.11829830729021926,-0.3373397150028824
2023-05-03,-1.9807325843584842,-3.2909477206774502,1.9546175662907268,-2.103026034630778,0.8163031802519025,-0.4272852471166371,1.0177857461321618,-0.2975314561788698
2023-05-04,-18.17834600088189,11.019234490198667,1.179715090565871,1.0435684536053327,0.3427891092662887,-0.5776169469384905,0.6063474622340651,0.30319920164904834
2023-05-05,17.32829150922211,3.4117300259275805,-3.2860200048940795,1.1600056659041462,-0.5752671551357109,1.1991387699455025,-1.3531443390181295,0.11901265577342747
2023-05-08,8.19880610881097,-2.49166947676148,1.2296036373375887,0.03904852362940098,-0.10918595297282555,-0.10700762241668293,-0.1723162814344795,-0.26486734548387025
2023-05-09,5.751089839543542,1.6629274342925806,0.5088590197369185,0.5419507726364814,0.2494887313660287,0.5107825916372617,-0.25037827673698826,0.7246881825639959
2023-05-10,-14.371188497094664,-0.7884095177734827,0.8248128381720421,-1.4199105022954028,-0.9900681767846355,0.2675546154029286,0.1391211972290947,-0.02281713223115106
2023-05-11,-14.350613926957024,-1.7916735947309774,0.9181965545488712,-0.8369930759498417,0.254527026221621,-0.04720308144442457,0.22389512940674505,-0.48025389057140333
2023-05-12,12.560166527505222,-1.5385108283013398,0.4594096845439722,0.3828496224378855,0.23936016354656006,0.30031880550416606,-0.09362844073645582,0.11596723560600497
2023-05-15,0.4865262150031764,4.982023109471476,-1.4758902544483705,1.1769316628141564,0.34028960185319806,0.410858485179724,0.13952471790346754,0.5368335591374187
2023-05-16,14.757683532520861,-4.772786186022612,1.680720430543938,-0.9802746567332566,0.13073625997620564,-0.010023713070151496,-0.2584794879794545,-0.23813258831972614
2023-05-17,4.262439833548205,-8.421100377230294,-0.3186206250802799,1.3438286636272678,-0.764158135329151,0.3223599911133877,-0.6073428648563385,0.06653411434220954
2023-05-18,25.67384639956146,4.9860397626483834,-0.8225968315905166,-0.660894458263859,1.6241945131652076,0.5322438377876476,-1.3664461236232437,0.20009294868544286
2023-05-19,-6.24103052489391,-3.9187879911058636,0.7873898459226113,0.7663488675435604,-1.3033337763408315,-0.6457581154937763,1.443233011077033,-0.17164033236635737
2023-05-22,7.0674387598579225,-2.234982518912957,-0.29806431966950026,0.44380893643143776,-0.12211523367583063,-0.5403121361568503,-0.17720063081770954,-0.17226322052440368
2023-05-23,3.5032221440038547,-2.024307598370564,-0.25696059788866304,-0.7896250154782706,-0.7746566493547988,-1.2147391000730445,-0.13420149370353462,-0.8195005872069858
2023-05-24,3.8573195423359885,-2.885781527226912,1.0718871838817363,0.3815893983099367,0.6761418704815063,1.5403713896837956,0.2761250368949985,0.9329491423353633
2023-05-25,14.059254323372752,-3.594707681747061,-0.15164018370541774,0.16268099239293385,-0.4100231696095569,-0.4882716569352355,-0.08894030624452061,-0.21469649627485415
2023-05-26,3.2733860313712757,-2.1741838347208255,-0.09875516896279055,0.885175127252844,0.23112347097070438,-0.2928274562703302,-0.19946344685799255,-0.07019814671779723
2023-05-29,-21.6697629983937,-3.629451058665996,1.50518658949061,-0.39779175863378163,-0.15706682420218326,0.8245801824737046,0.07911118682912097,0.1866777535302139
2023-05-30,-25.458525783982417,3.571562768021259,-0.012672668521479137,-1.2493374303798288,-0.11553680120305874,-0.8866040350774376,-0.812083323985774,0.08644882117051679
2023-05-31,-13.123290244748809,5.3638134681051834,-0.30033452818928386,0.6596497459686453,0.0818111040500537,0.40959517882756036,0.7893272295644377,-0.33984435945725894
2023-06-01,-10.968832633580757,2.1639428012305757,0.6669604370706578,0.7629382851708806,0.8260945975472144,0.6496296036442083,0.0721156974937015,0.4147053203407696
2023-06-02,14.907651107238541,-5.770720433602713,-0.8981513693538645,0.6383166560751237,0.3258115886179867,0.10133502001293171,-0.06434631676380405,0.22346954164549318
2023-06-05,12.027205873808352,-1.102659713811637,0.6138184658173569,0.7173960396953436,-0.1363478089793754,-0.14896559400916778,-0.16499824416897943,0.06995887258986966
2023-06-06,-8.587960150217992,4.0831142225170876,-0.7748744394207544,-0.23365310357485475,0.39044481927559227,0.406476010389207,0.597661244593283,-0.5212607822490541
2023-06-07,23.622365015373198,-1.393640512647552,0.5249185162316731,1.114808180147238,-0.12264507328248204,-0.8040232895127469,-0.5976074197293135,0.5627427987651414
2023-06-08,-15.06432957237113,-0.35428855910956963,1.3987912492786356,-0.9017971909647077,-0.3506240847168033,0.22377021226517352,-0.20525047344781466,-0.1403082162141272
2023-06-09,-3.8517251258505736,-3.897896684368863,-0.9773114127727468,0.09518556687372097,0.365805822661896,0.20066167406769211,-0.27947464077295925,-0.07956731821160924
2023-06-12,-1.0727726515891765,3.056372477068495,-0.15608988081199218,0.35992250269306014,0.608152564519993,0.27401289058629463,0.1372631298195814,0.17200854041156036
2023-06-13,16.116374900541285,-10.237523185644067,0.8133906365247633,4.381617141588116,0.3055864106975356,-0.7166802282382023,-0.21868392309965187,-0.06654304809429173
2023-06-14,3.772908597850138,2.125740188228432,-1.0514264551307324,-3.4382890704014035,0.0913738728260643,1.2472641547769412,-0.31122284454103527,0.10243751293757586
2023-06-15,16.59374875476782,-10.01783809031203,-1.4874080805663399,-0.6970792669531353,-1.181748875495979,-0.7447657046154871,0.11074838111256755,-0.28572339596636187
2023-06-16,-4.889177505948004,-2.79682492313475,0.8384426575633286,0.1383851505821649,0.37489628067218395,0.8833448409774268,0.1568919747436791,0.4935380139238755
2023-06-19,12.540156419996523,-0.8785842198795082,3.0589410810347215,-0.3768505893185009,-0.2635892041974785,0.5441059397224287,-0.3374136295714105,-0.05006626219130033
2023-06-20,-21.7403132750605,-6.748195020796236,1.9060608488593842,-0.7269366410564821,-0.4680719978358804,0.3027820385090928,0.021059865033977963,0.08892932819811683
2023-06-21,5.778381803056941,-0.47065028059435093,-0.3258754268279841,0.023435434971099397,-1.889525193114234,-0.32645805516715976,0.8156450575222911,-0.6468814702870818
2023-06-22,17.777063106013877,-6.751318591278558,-1.2791882898111657,-1.462746507802983,0.6957852951855698,-0.7071388578183079,-0.6015677123200968,0.09646915361651823
2023-06-23,-31.01142258780277,0.33754079264887116,2.280569633695875,-0.2892916494530279,0.44491124007328303,0.6818017140448364,0.37883735737198654,0.41202541836324824
2023-06-26,-9.0454236894827,0.29833209103254643,0.19350657954243855,0.5632833236095314,0.3942300331969759,-0.34496747974324055,-0.05901504770553178,-0.22992513217672766
2023-06-27,15.241091691750412,-5.031137418539993,-1.0070117532028777,0.5489406387817227,-0.07137421237461997,0.26553059466521517,0.09487722583856542,0.2673648834007635
2023-06-28,-9.924308781317814,1.1028105652585949,0.835795552655802,0.2186905710988955,-0.08946808731373354,-0.23017262465507543,0.09682541180345518,0.03020581644492309
2023-06-29,21.259015961467878,-1.0242549278401816,-3.2987452091336538,1.2703684036813971,0.20945448088047375,-0.7219097554543702,0.14031688991704644,0.2991764158495798
2023-06-30,-5.626615035720224,-2.0066810561725963,0.00831777054290062,0.20393717988520055,-0.20607320024581766,-0.030408920165968346,-0.013447015001437405,-0.11224026019952255
2023-07-03,12.56676816541739,-4.484925695781686,-1.0864826506913303,-0.6464860554266357,-0.2620948655836639,0.31707922042337655,-0.15769962536630064,4.6474930916570056e-05
2023-07-04,-2.031766181302826,6.973040554311594,-0.7928604643010272,0.7817497058654943,0.10721378902445304,0.8957219476523725,0.409787144938424,-0.5795874082802521
2023-07-05,7.4322768069387175,6.723425615021115,1.3287359044795064,-0.6222450527389068,0.30244368315669207,-0.8230486297348096,-0.4694994001884452,0.6540164288132496
2023-07-06,32.042811188616305,2.1899648032086754,-3.1158219213697778,-1.4866801228258633,-1.4905016259244728,-0.6644907303811252,0.2804280900282738,-0.3016527236269232
2023-07-07,0.7813384545517369,4.890066515682094,2.6040377145594866,-1.3941069713168461,0.11052925110188336,0.38145669854637726,-0.27371533721580005,-0.2963268160572736
2023-07-10,0.3024456997613256,-2.169759189151089,-0.13690571097372176,0.42896368830684517,-0.01671077234817462,-0.21081450289466194,-0.2359137971458328,-0.3815388972226813
2023-07-11,2.4094245578546882,-0.20890021503462777,1.3456418390464462,1.0939940397120829,0.4937185178557728,0.20337757190504338,0.09412539981370285,0.3072575619426517
2023-07-12,-23.7830127885787,1.8423850985551098,2.514224523600045,-0.9100128541709036,0.25857328441569205,0.746084373442659,-0.09241034602740363,0.12096275170357791
2023-07-13,-21.423601032304266,1.5306261115898743,1.6657492726191256,-0.842171678556258,0.36698227250536897,-0.07298945966507535,-0.0005073186050211698,-0.5520076804365026
2023-07-14,8.391722244849907,-2.0532318059706007,-1.0230157349153435,0.8593530250015221,0.10691806432879984,0.048861987040945666,0.03125172491809266,0.585677213848492
2023-07-17,-7.96637210326422,-2.578903938592615,0.9710272577616462,-0.22119772583146854,-0.4112006706550184,-0.12844704422916195,-0.129240227588894,-0.038404145015616266
2023-07-18,-24.76419171303398,1.367498940406428,-0.2937308130334131,-0.9241906934651176,0.16497044676311173,0.2734695897965221,0.4380095739892705,0.06192585764696863
2023-07-19,8.936431507413769,2.2378522313941573,-1.6241732316452486,-0.6589116079742207,0.6093137523492342,-0.46965501441351587,-1.0717909742816831,-2.6280289437729687
2023-07-20,16.91548524457469,1.6836797062606341,0.3926479000018776,1.22594565612889,-0.7361813931750832,-0.09135821409725477,1.0672693903166417,2.3887723269202685
2023-07-21,-3.7028880597667864,0.7080055627779788,0.5390907168424582,-0.6565503861944696,-0.17164430741488865,0.33177708778394305,0.09950072205735261,0.06795703904656074
2023-07-24,-14.591295844499538,4.022951411151336,1.2910455861358945,-0.6023112295809332,-0.250124654573471,0.33362304157916867,-0.2074744370587074,-0.08995307275740701
2023-07-25,-0.6366760017928065,-1.2137990485062606,-1.1673804004608124,0.8173559158045275,0.1246884747751674,-0.3855327831638506,0.00199651237450982,-0.025389362348996945
2023-07-26,13.468954712976874,-1.8000627149923012,0.48628386226688763,2.918885441660726,-0.514161625525295,-0.2751036390280629,0.7899544468905126,-0.6926550192949577
2023-07-27,-0.44427554636377087,9.068056253357444,0.13245995833321356,-2.96040441836606,4.041234108734207,0.9597981629870292,-3.9760328558948808,0.0546906172844049
2023-07-28,-4.150436082503575,1.8411104435913894,-1.5489496459791576,0.5442799000394505,-2.9072436960722596,-0.30075938005552594,3.0138554913132136,0.6263458317871874
2023-07-31,-3.5039199140702397,1.423584607757786,0.3419898871078307,-0.06472473918056507,-0.14065484881244658,-0.33882290319206243,-0.06604677544353488,0.17369873124034144
2023-08-01,12.012701756507669,5.267709348667987,-0.27212863437770957,-0.9803710659927939,0.05147105016473178,0.2947956888816371,0.25555404863543685,-0.15765483054976276
2023-08-02,-6.247770822950301,3.254905032996323,-1.0310726604915676,-0.6161909559935099,-0.4807902086533237,-0.3245445105660088,-0.32030746640445845,-0.40083369391758406
2023-08-03,13.379090669213845,4.917609162205734,-0.5388413352197088,0.1385982983436182,0.10052364020894218,0.475383498776069,0.6709231489782994,-0.08958506951968788
2023-08-04,-7.681088234798376,-6.826116550343995,-0.09594872011284886,-0.09172876116589733,-0.2663593679188321,-0.979649643441317,-0.5825154827232946,-0.13122046900656714
2023-08-07,9.955656274709979,6.700393763282035,0.904887983020593,-0.7256147740499888,-0.2087083955099523,0.5192639175843053,0.29413190334665723,0.3178898965778479
2023-08-08,-26.533822089406595,-6.258818134825018,0.004515939766602349,0.8886000445120589,0.7289745732951242,0.09170953612668226,-0.49472507862614085,0.4542312358366723
2023-08-09,3.6092375157757206,0.6308794591823365,-0.325425226136299,0.3429986216857812,0.002336983740056562,0.273000604381114,0.5616841631969486,-0.4043219027725784
2023-08-10,10.48925485759352,1.0564504116044897,-1.1770394069216643,-1.7058744172008091,2.0073300125207574,-1.1165618812031164,-3.4808879347949135,-1.462789277841107
2023-08-11,18.813912246289732,1.1508505116960959,0.002393721191700726,2.24346838041507,-1.8569700599072627,0.7624302503764223,3.504845960068078,1.7292151731292416
2023-08-14,4.532277588060126,-2.4751144596625663,1.2122825441636393,-0.3578115472513766,-0.13531048638331453,0.4810392970723525,-0.22647583805574276,0.06917108563023329
2023-08-15,9.00022984979204,1.2161035230997128,-1.3023174333793783,0.48791118467100897,-0.041415739431779064,-0.3959912092765209,0.024769829289763158,-0.08159126489486734
2023-08-16,-6.6138679420242905,0.10403008821322865,1.4708484268551416,-0.4851246778030429,-0.021074882279112923,0.09448505359609097,-0.21291846498305023,-0.3286109095388114
2023-08-17,10.060564385849483,2.2988142424950286,-1.970465956751623,-0.28516911161228786,0.41169593764325824,-0.17252672780190778,-0.6114972577299616,-1.825658409117622
2023-08-18,-16.478515644629734,1.5230214986266761,1.7509026158341685,0.029069417599834176,-0.23003614010280293,0.29858434875772283,0.3744963192124304,1.977248085693466
2023-08-21,15.281805744559263,0.7565062444924414,-0.6011722684279683,0.19170858154037096,-0.326861478891963,-0.555155687216621,3.6418043495100495e-05,-0.26546554937919015
2023-08-22,-14.100078875272468,-2.7153855054018177,0.9474326539543078,0.34298734664213676,0.1505584812065165,0.2939423176809661,0.1509283585123078,0.2618823202428674
2023-08-23,-31.464339243078296,0.9916653638682967,0.28126788692565574,-1.2602531404652928,-0.6374256562026038,-0.804340501466146,-0.10554963966229398,-0.6343068674685128
2023-08-24,-0.7354102257998346,1.9516559617985483,-0.6104540480893182,0.9620973603060007,0.6649261358857338,0.6869933614980811,0.2692672795990244,0.6873001623008729
2023-08-25,14.988285703543918,-4.15936725263814,-0.15209874345391547,0.5912296017087482,0.43110374185194017,0.2985849847060594,-0.21430623588654593,0.03440523161977071
2023-08-28,0.47685980976495024,-1.2368687130244238,1.043765775014514,0.37495752332917,0.10658282499527201,0.08979723904985806,-0.012268614274509775,0.06489962680960051
2023-08-29,-14.416270891831447,-2.2084393861531715,-0.3598987518003061,0.05852584710218531,0.6349892103053945,-0.05560289042402038,0.3201966879759842,0.16194363660879846
2023-08-30,5.675369815577277,-0.3853590868154336,1.4741564374035585,-0.2661016622026701,-0.9212130084093723,-0.023071548667636808,-0.2765242562074258,-0.19063391622891981
2023-08-31,-22.21685210930456,3.581055263747539,-0.40099571833350556,-0.0642036905962941,-1.0918846835125926,1.0061909029240497,-0.1786852216063521,-0.9092940605638833
2023-09-01,15.259215859748243,7.562320522398291,-1.0349330062120459,0.19859605662547014,1.2504003622753062,-1.0072687756476109,0.694263535821306,0.7056541370702434
2023-09-04,7.435820559360989,-0.9766329954883636,0.13338351332988424,-1.0962350414834516,-0.20662970340057013,0.24705990779467654,-0.43469450848377944,0.2602504925013576
2023-09-05,4.324453124951492,4.375619976194036,-0.028974010278965606,0.5009986274569967,0.4215719704380139,-0.20313625947228225,0.19807662304778648,0.07302811240527139
2023-09-06,7.173186757931464,-4.140854108328417,-1.7528971353670908,-0.01175304515066658,-0.01755107935427487,-0.12690463822479436,0.03036182132309909,-0.0400739183297317
2023-09-07,-7.6476806915694615,-0.35754918637466776,0.8674928072038436,0.09657521336332471,-0.23391095317387656,0.25867162222796314,-0.2808885602525478,-0.061428109274690335
2023-09-08,-0.45203976147835856,-0.4064157646224175,0.20705037946115762,-0.6422871312702508,0.09993219540506477,0.1731476643184208,0.15486727232705094,0.0786188728106744
2023-09-11,6.384391245744579,0.24228055704409687,1.0345229263961524,-0.012879039175308455,-0.27411609645443574,0.20709374330454308,0.04239934829045283,0.096655184869197
2023-09-12,3.2914428423314708,-3.1432372105290853,-0.4606551548092234,0.31528688796694415,0.11643042699395553,0.02436624993984157,-0.19131875532037457,-0.03806368259918698
2023-09-13,5.8908803539331185,-5.860139106041286,0.6872768085734373,-0.7489151894416258,-0.5938148404842828,-0.3403824718468953,0.006012599202298333,-0.29235726455965905
2023-09-14,-15.221058062218447,-0.45046956711134084,4.830797145922682,-0.2259585771752181,0.2691648156745978,1.3591994878518852,-0.05067679170898066,0.3730456029860513
2023-09-15,15.999357191152326,2.597613822702122,1.1301920842031563,-0.52237225252869,0.08688702072727357,0.08133235234383894,-0.03464884982967493,-0.058340141579329055
2023-09-18,9.768869609030626,-3.157393581725064,0.22438872322139367,0.3277323076307481,-0.21611486950861986,-0.23793313497330723,-0.2714005089595943,-0.03678029309437281
2023-09-19,5.5037513091436105,0.41615422289058707,-0.82518607746201,0.5747006178299517,0.3988966244213278,0.4179036043680206,0.16983950583312063,0.26796164795302346
2023-09-20,-5.378088394222867,-1.8237926467476433,-0.6304549393840863,-1.1190823366789746,3.5597525953884546,-0.8428158648595584,-0.1323033686408111,1.075530476245722
2023-09-21,5.52702836543465,4.996686385854738,0.19995182353862806,0.8738699808704201,-3.831218716444614,0.8844648259219928,0.07054688768538166,-1.0544827041258291
2023-09-22,0.8158555905221068,1.8250646446190597,1.4324475246139488,-0.3436640958843129,0.055938071465731834,0.11588589394693605,0.046405495345864946,-0.009041429391682093
2023-09-25,10.745963530031586,9.437092927825871,2.6073474464100466,-1.1157849869685608,-0.00019940872206870194,0.5540514500587225,-0.1693582074915586,-0.050595995426580415
2023-09-26,0.5486109175488707,0.6903498525534411,-1.803165082050657,0.1598390219307978,0.000379395990713718,-0.5917491490701275,0.1557834785810933,-0.05904774535078335
2023-09-27,7.914708074415697,-0.8102202196220628,-0.5503662734456815,-2.293676067879551,0.5784278107591738,0.6236954906784409,-1.068017121855501,0.524499537721899
2023-09-28,17.356127937091514,1.685367971842145,-1.502351707915078,1.030209359682709,-1.7071159039570383,-0.8901522314082659,1.184870019062498,-0.8044829621754979
2023-09-29,-19.301708910730238,2.8278693962339907,2.7514904102869497,-0.055354941667162615,0.2857935447995003,-0.10679007133487046,0.17153530678838158,0.07408059893545031
2023-10-02,16.759301846248373,5.7476232265426335,0.1718379564500603,-0.270445087724201,-0.21448073004649262,-0.636840434305216,-0.33860323218670674,-0.01919927910162464
2023-10-03,8.089269310833192,5.117936562810999,-0.6486164237108905,0.019138337989064926,-0.7954920865442887,-0.46938187484548144,0.2838160747966891,-0.3416961484917241
2023-10-04,-10.325330839760216,-1.5640250087022556,-0.6320789252228051,-0.42077524723623017,0.0834464932723786,0.6398821229398933,-0.01543130353976946,0.09424508831489284
2023-10-05,-12.853195748357717,0.15571343581753955,1.027503138084311,0.1332373763070344,1.7721162183638257,0.8123982489639695,-0.9921176303334036,-1.2935490748454248
2023-10-06,4.646058977890317,3.8989585221348015,-0.7086639492606466,0.028469278153841083,-1.4416423967399457,-1.0655832256776476,1.0776420429719507,0.997735233045243
2023-10-09,-26.12312359102305,0.035557996097766255,1.190954260297713,-0.7629927114039908,-0.2949954728842248,0.7950732684160473,-0.3518566810436373,0.09980949316886932
2023-10-10,0.3151939570502998,-1.7957029809767309,-0.6965429631808209,0.39079653868936476,0.3357484927034206,-0.05472264188143675,0.056748367814064886,0.1318084552592699
2023-10-11,-8.597888769040043,-11.343800857739573,-1.425847746795954,0.43542608418602696,0.05097973110703594,0.04336635752566804,-0.11627743747922624,0.052730258465304054
2023-10-12,17.11439344653305,0.9293873909214221,0.6254668146257893,0.9294714988155329,0.06068717465567221,-0.416026410888506,0.06199520874805095,0.002689360064439824
2023-10-13,-8.422123143563615,-2.0773094047001597,-0.11422322453211088,0.3666942015077143,0.494457859618557,0.4825016177918691,-0.02328081964533774,0.1421653653440628
2023-10-16,6.01281516141638,5.002426082768672,-0.22959549698757065,0.0293389470138533,0.07277545835937338,-0.17902107095757877,-0.0053408542696832635,0.05830791313623315
2023-10-17,20.196772448070412,-1.5975496721519706,-1.1583484087050613,-0.2885701703889272,-0.6190613282432627,-0.5496611680813859,0.194048998399222,-0.020806008789361452
2023-10-18,8.530311594354837,1.088276566683407,0.4326395673305449,-0.17597913976790866,-0.6077411065845563,-0.6343679083590197,-0.2742589011013681,-0.47851051547191
2023-10-19,1.5339339539913772,2.7262893835363085,0.33213849955382757,-0.595737655832488,1.6121286010391058,-0.26663058808862605,0.18327918009029848,1.149040681120591
2023-10-20,-9.680785240396164,6.602918033136793,-1.1223418129619676,0.7690372124049999,-0.8572507153963501,0.7311092571745987,0.06280422229622867,-0.6608949699298279
2023-10-23,-6.9025063054837394,-2.815968013700382,-0.440015615246417,-0.8656079613509816,-0.4681264703306701,-0.38656305321157197,0.038625987413632,-0.43857930740834605
2023-10-24,-12.551672281848079,2.2849655282283727,1.122290434398623,-0.21038805063793928,0.6124079015643523,-0.27481966038863326,0.2996754428952879,-0.11983251876824765
2023-10-25,10.785941627522352,5.14832464792015,0.0487860473933739,0.812506494238144,0.2534282307507211,0.6795042487208827,0.008613776562548409,0.3865361501070618
2023-10-26,-15.60911979002363,3.707700388610231,0.9142974962883176,-1.3248717464181137,-0.35042414055627774,-0.29966740531395425,0.056590176060089446,-0.33949563043581926
2023-10-27,-9.553845948927389,3.051808645328947,1.769858556353503,1.139406902867955,-2.8794929977091472,0.06382259782400215,-0.2932008217787598,1.7312874902297262
2023-10-30,1.1637317699894267,1.674424955233491,-1.1335977539092166,-0.7804943117583374,2.3337642961537943,0.5464245080055478,0.17537248429096958,-1.1361583472398975
2023-10-31,-5.344856258388887,1.3916008817113843,-0.18389002411803185,0.049977828796954206,1.2068676767109703,0.10691311004165303,0.19873625182783666,-0.501294939460043
2023-11-01,-18.63934490750747,-0.5840436291338856,0.313679060889243,0.46727706185656137,1.9163670327198592,3.725930529875114,0.959958996505876,0.45345643797183555
2023-11-02,-8.328201139277855,-3.6154588299531873,-1.0520125905710078,-0.1557244335768878,-1.4865883114620668,-3.3800586759072595,-1.118952122088091,-0.5567576060585576
2023-11-03,-17.06361090615874,-3.0576945813662912,0.44134626214035794,-0.11932275772498356,-0.34263791440934355,0.12447729515625308,0.24288934875777196,0.312185676091558
2023-11-06,15.27506261350788,2.3752746289255326,-0.3196686182686974,-0.0022529110714864208,-0.2862208618567161,-0.5092374276311594,-0.04742441400932683,0.06493633496588651
2023-11-07,-14.910365330870226,-7.217409557612566,-1.477456061996369,0.22673409391982924,-0.2092643793499184,0.03229610076918193,-0.12342320844337193,0.0150723253415414
2023-11-08,-7.241290142387342,-7.120349933517749,-1.4766389634307129,-0.5079610291558344,-0.22953469037792837,-0.013998103784629368,0.18476288480715192,-0.07742029213898578
2023-11-09,5.328555203845291,5.30839212532471,1.1283119814046638,0.8821386821605504,0.5205541640888848,0.04939271495756738,-0.18874820572945628,-0.04501729993924302
2023-11-10,12.99259419018361,-1.2807627826761596,-1.0659477697486492,-0.7051057135113556,-0.33917822856839486,0.08233984523479129,0.13728574019415177,0.14179799080927125
2023-11-13,0.8356231694811239,-2.8909119760495074,0.5586157954497164,0.30502466183166677,0.19544649881649895,0.21592222436725608,-0.24554754989809757,-0.018438850050680612
2023-11-14,-26.102048256321222,0.12235219308980427,0.8230803472893431,-0.21615293541902814,4.3473926756524965e-05,0.278593388296258,0.05153414780056972,-0.00570843736846114
2023-11-15,8.864528590428499,3.448971462177472,0.03875396939399571,0.4691349844328524,0.4022281773546444,-0.10635630443860751,0.11488646002806766,0.20254175267995952
2023-11-16,-12.480578584037165,2.8176802991935337,-0.12417780399436777,0.02227630656052109,0.07708273706190004,-0.1070811423405875,0.09532298224407487,-0.010856759383927602
2023-11-17,0.379410127005365,-3.510103544553732,-0.5080338346428438,-0.16360652930682482,-0.34215523057262975,-0.1899429919886585,-0.028305806517348577,-0.005072237650970605
2023-11-20,1.054354958670467,-2.598323758888455,-0.5313753659098618,-0.30341023327769506,-0.021363777609673926,0.008634295988354725,0.001375404464802404,-0.1040476086030794
2023-11-21,-8.956130058256914,-0.8644312043541929,0.7388269220201193,-0.0727038099441529,0.04478112848217905,0.12423971413583838,0.052236604042656426,-0.021340860125746725
2023-11-22,3.3023516917820714,-5.395542997540264,-0.7891679244526654,0.4769513727730185,0.14259863897649558,-0.2361246631444615,0.049691219465005695,0.08967626522142666
2023-11-23,13.214359923725462,1.9757787562152613,-0.8679929069084642,-0.09590120144117704,-0.07148011412424542,-0.08291292433999806,0.10783897610782602,-0.04688965957707282
2023-11-24,4.864202139413595,-0.04332039845632959,0.15622343736790215,0.31630618522260706,-0.11588041667848747,-0.006094479439474377,0.07597185400639232,-0.030109987831472944
2023-11-27,-23.10960575599865,3.708485203406044,0.4620346371908099,0.35839895177977865,0.5674234800626503,0.06355774183063795,-0.008786091117175581,0.04601299805759178
2023-11-28,-13.870600255042207,4.0484827349452255,-0.3251411423445214,-0.015113817563561434,0.28902402805661853,0.0970332118934546,0.055437635212831855,0.1031967903212229
2023-11-29,-17.248166705407968,3.512439412090873,-0.4838289465553442,-0.8136872213583384,-0.36709769725080404,0.0920119412169806,0.059465147341953926,-0.04262493816909742
2023-11-30,-0.6119172780171123,4.3982904377262395,-2.100307348368334,0.08500898525435054,-0.29195194896889864,-0.24157715475840646,0.10757939510045465,-0.06654366377812658
2023-12-01,-29.74257346501945,10.477651404879861,-4.159067191573894,0.9244600394494088,0.2793751557050517,-0.33224271697820834,0.062006310507406875,0.0958089480858644
2023-12-04,-5.913242285657541,-1.7134257789325005,-3.2634853369589574,-0.35081440572792544,-0.27522234294212466,-0.1272974498340638,0.3583467576599713,0.16525147924193404
2023-12-05,-27.358265198604716,-3.7736947293513237,-2.6180215701656597,-0.8696291446853514,-0.7365687446148365,-0.48959534663236864,0.47513163352816296,-0.1552995025305218
2023-12-06,-6.293499388038864,-4.750703130293912,-0.09268708398876688,0.22555999526392428,-0.21595796396219863,-0.3315273285369829,0.08133006405820364,-0.04022712629385738
2023-12-07,-4.4640316207111965,2.056946056575778,1.5573643084994255,0.5551465409948704,0.6212314740007612,0.14293764359402328,-0.034909086798403974,0.12754844652529457
2023-12-08,17.115426377288998,-0.50272253384942,-0.13648726757542173,-0.347569156536044,0.029594254727593475,-0.13511695839346996,0.2559657776271161,-0.1709532783080204
2023-12-11,2.4203501347258194,-2.4006352806734133,0.731350871615608,-0.026472159153533962,-0.15105660684834063,0.2825503473500894,-0.3085055001127788,-0.02705547544514538
2023-12-12,-8.944826815013593,-4.6655117515519,-0.16534383001216585,0.8706678668970423,0.1034211820808849,-0.21669408665702647,-0.08008968983113429,0.062320842288994954
2023-12-13,-21.6789240497593,1.9341073465538345,-10.603472062742012,-0.607075081068182,-4.477958926979554,1.376681187187751,-1.039121524835987,1.3868659057881636
2023-12-14,-9.424768891200802,3.119073594845304,11.042780981786427,1.9747274685198617,4.681934185198139,-1.5322945341669303,0.8680177472360379,-1.4171667777829973
2023-12-15,-26.868448530168745,-0.08897583074643707,-2.747322247650773,-0.9044445988858388,2.851879717764802,-2.0127366226734353,2.763132414067029,0.19559393265411784
2023-12-18,14.23520170541008,2.7811198414142813,0.1431868081532845,-0.7746907829287359,-3.0010778465601327,2.456081697285414,-2.656597190986565,0.02328296110250914
2023-12-19,-13.536891140836586,-2.389779593132186,-0.465263281129251,-0.5982474496926256,0.0796133414593242,0.08458885855996696,0.14310304136054577,-0.1725647991570098
2023-12-20,-14.020987604570214,0.34062944730777217,-0.7841119449091236,-0.36416781980591445,0.4876317521271919,0.6442648945608892,-0.14881707793145318,-0.9720181732803016
2023-12-21,-1.1863957394871605,3.9916766465620026,-0.29535825613648375,0.7434434678020876,-0.6440781142421023,-0.8262914613805887,0.37295708862454807,1.1068929778548144
2023-12-22,-0.13072805601042875,5.77427359350786,-0.11093043469690578,-0.12475377502707446,-0.2941897518426736,-0.7607717859412848,0.09639086608453289,-0.3887440849257514
2023-12-25,-0.8503130681766308,-0.7515283429321349,0.2840985171713699,0.03554975827338083,0.33882280506423607,0.8600067110167378,0.2587194460876979,0.16014843618358954
2023-12-26,-1.226821674037609,1.2853142354685718,-0.16826091070228882,-0.3497009942000237,-0.16925849676648044,0.007063475678700692,0.2959074959219768,-0.14105691441566715
2023-12-27,-15.399654742369387,-4.267455861278138,-0.8202944361697857,0.8004298784982741,0.3866069491302043,-0.474487422001728,-0.43115527478096044,0.2909157625781021
2023-12-28,5.512312430706207,7.985991366751441,-1.5564756129549349,-1.2242880460230003,0.07033188878543893,-0.06979950993240415,0.22366167113800076,0.022723423873841842
2023-12-29,14.35245631953385,4.45430701685352,-0.2792358906407949,-0.15080754735986654,-0.17603428549576694,0.014941752724556886,-0.03402720680531742,-0.010125579147317496
2024-01-01,1.1316050047370647,-1.1303097408095122,0.11352566467179451,0.8898618819715124,-0.19901618685879596,0.5551401233138822,-0.030957991760591875,0.24293531101359678
2024-01-02,6.618429773100718,0.254660680395498,0.30628649010503506,0.2618226919070568,0.6479585376321441,-0.5570036837627722,-0.16051598733557043,-0.19752538850075727
2024-01-03,-14.548710669960041,-4.454461049152303,0.3408578769508755,-0.7765168124579706,0.2477753978871057,1.2076203200554056,0.3792541252360443,-0.833212181123729
2024-01-04,29.29546423647467,-0.9130136018978359,0.6963459348144108,0.95167566819944,-0.9090294828999091,-0.7146534173845435,-1.1397704513270557,0.8198716717837287
2024-01-05,11.046446215314521,-1.6794485059027247,-0.304534201410945,-1.058366980818518,-0.18454211686951524,0.5043509744159038,1.6145081386854476,-0.9512810887550756
2024-01-08,-7.314009346568924,0.5539145104013318,1.511321331602704,0.2602128195719075,-0.17164733621799522,-0.7527306641361928,-1.220395649189307,0.8439005685921135
2024-01-09,15.46202449477568,-0.2878688305276472,-1.396573788616876,1.3846386823496106,0.5697134430952652,-0.2446831862444915,-0.11871443219994296,0.10764914073893543
2024-01-10,5.571841036553492,-2.1315380253617966,0.45053675463864445,-0.43160225979656336,0.28917378891385176,-0.010242309616566423,0.16311283708857105,0.0003415833317911873
2024-01-11,-10.420583633240426,3.0695121968912056,-4.507932650425545,1.4183601013275038,0.610261520314935,6.684231492363986,-1.1400546920363792,0.3944580158888389
2024-01-12,-12.985625765753948,7.495727388700399,2.4149207758491285,-1.3507588702489752,-0.21252118495451677,-6.607162347639082,1.1629545631468419,-0.3626980275900964
2024-01-15,9.767726943935216,-1.701360658757242,0.11942244990766174,0.18699522556867518,0.03772263952492932,0.19735971828876336,-0.17946465654138422,0.05953391507991851
2024-01-16,4.981560726240753,2.077492518479035,-1.0083945193570876,-0.46915470114444596,-0.5527531359826965,0.38441573599969486,1.1905382609175466,-0.935362144785409
2024-01-17,13.434516390761198,-8.50785333450644,0.34679425169616435,0.20258688336527322,-0.20090896181628004,-0.5436107001261776,-1.3851970251714376,0.8869387885783437
2024-01-18,7.849354388499064,3.156467302011701,1.1415480589870133,-1.0028587813380865,-0.6774746566104293,0.17929597483224685,-0.017963557397366714,-0.0542415101274648
2024-01-19,1.8356567248663134,-9.446201612989302,-1.0932301038156638,0.2067608659394766,0.7625149337356286,0.0016838562067473823,-0.9618432845101504,-2.0554257787602035
2024-01-22,-9.954793706358293,3.2237958847452104,1.7375421547107575,-0.28880400227568986,-0.46532413665096345,0.3514979462892311,0.7057343238060874,1.911539327947549
2024-01-23,14.21907511242743,3.693876064287582,1.0667192435320156,0.13781879674368477,0.06582340403248038,-0.03898441991613963,0.043354218348123905,0.030651512649664148
2024-01-24,-4.509943893594261,-0.02309710298244923,-1.0052436595398662,0.03712785383147852,0.5040066220970568,-0.9715500725379176,0.5387106227032068,-0.24814484995915126
2024-01-25,-16.542475465429813,6.454597172778939,-1.2249817129727714,1.0425027456954705,0.19931209292921595,0.7657452438859569,-0.3747813313660617,0.3544296554004924
2024-01-26,0.7804049875972991,1.0323933674241919,-1.3997291119224033,1.083276356454411,0.5493755226110908,-0.09536596474659426,-0.007318088487298658,0.1394100998867805
2024-01-29,-15.692362826479163,1.4047090679539551,-0.030254053278128107,0.01030905599720552,-0.07359843400214253,0.016708504507894028,0.0668631519435939,-0.023134370514881108
2024-01-30,7.70051965668195,-0.48337180304620603,-0.9383578856439102,0.4361300692146237,0.43081949101423167,-0.3387333094040224,0.20631838832538515,0.021582056177240842
2024-01-31,-20.70200239053394,0.19427746671397214,-0.24627846701449072,1.031802078371993,0.005741365349154251,-0.45658952297440075,-0.05654548512828872,0.02898776108425698
2024-02-01,-1.9574971347230818,-5.486417566461168,0.6910976058397262,-0.8397968539850945,-0.12395021243548988,0.3025189217949993,-0.06663737593518196,-0.16723356000860234
2024-02-02,23.085435431668717,-4.778203800267345,1.4364583366828383,-0.5957092615741095,-0.11058132769732879,0.005956414698687497,0.008760076567630833,0.07976348680552812
2024-02-05,18.157569062000366,-0.5938807855440941,1.73371882405501,-0.5345755281665002,-0.5183907826710805,0.48954579886978383,-0.19169730696993575,0.008192446768274382
2024-02-06,-6.812818387314841,-0.959043403416303,0.5426554202806547,0.459587569984476,1.214836270798506,0.7700222334206009,-0.35702658581388796,-0.8099382129648989
2024-02-07,7.34780464623977,0.7413247071538727,-0.5677065797516461,-0.058532755126707435,-0.4953681309486534,-0.802641731179308,0.41111056610450614,0.7888255038629033
2024-02-08,7.199826391993118,-0.6564034571033212,-0.8836518478792764,0.33074436976755367,-0.3611494154991972,-0.08075444500869697,-0.15377938369529123,0.06435069422668914
2024-02-09,7.651899646702949,-4.59133734268049,-0.2583676476381932,-0.2230471712053208,0.09671025323642786,0.37369362453739313,0.1481720133342539,0.22844370520305787
2024-02-12,-6.952710288100207,2.215653588800461,-0.11930864200113767,0.1697129087588,-0.15540018414894816,-0.12486676291538483,-0.2567125586338856,-0.18458362359036906
2024-02-13,11.555595463592814,-5.527655039193429,-0.06125690977029862,0.26613643300906015,-0.17960046964834633,-0.0017559067722058487,0.02666805251137015,-0.061800537015527075
2024-02-14,-17.455303076179398,-1.4429978003634845,0.7875177774530817,0.09818101250422985,0.10897110219890883,-0.14831453528977004,0.1904263959852882,-0.005730182638911229
2024-02-15,6.6253736005062525,-0.7990038660761546,0.6582546678046988,-0.13776403990188515,0.0021622425077370442,-0.9262017951944894,-1.0859123255214707,0.395326337826799
2024-02-16,10.443048924888606,-3.025107958597815,-1.1404646899366195,0.9159625165799083,0.5908606742855448,0.7104447229039909,1.1048084187729064,-0.1043231941943037
2024-02-19,1.2141743491734998,2.4525544038147586,1.5943730076841265,-0.01811194864556177,-0.36416847065201535,0.27639154684838185,-0.34390852322225796,-0.0372921203119691
2024-02-20,-8.66617619241744,0.7333572896242861,-0.35930897788032157,0.07113783675009287,-0.1647252545799155,-0.13867383225929447,-0.08993043185527715,-0.07771360800041066
2024-02-21,15.28392398046041,-0.8941982252141559,-0.9023717515019911,-0.06222155016536632,0.456143423330039,0.0961707009720539,0.2134329964410584,0.2976576927703261
2024-02-22,0.002601120595479346,-7.931992458463684,0.2824592671081734,0.40353986094654776,-0.2116232738365599,-0.2513502773138825,-0.022766199744808806,-0.1466310599537616
2024-02-23,-19.01853246194489,-0.5449962019843176,0.10443180848767256,-0.26464248120696343,0.026953467451302372,0.2073032963376341,-0.14771284750141445,-0.16107047243789402
2024-02-26,20.584726498222917,0.43296953725021853,0.4522997851529046,0.7807160765217267,0.194495651419025,-0.30165475160253985,0.13905491669509001,0.22922643353458427
2024-02-27,3.6819951768193118,0.561945199224347,0.4542598052757264,-0.38149224064006865,-0.30075097933521183,-0.011229681674119994,-0.08544351989250068,-0.03589928448073449
2024-02-28,-4.044817692985983,0.405545530769713,-1.702097571118248,0.3053346140920735,0.2817363530860441,-0.23945844448378595,0.22778705490821352,0.1396014335079953
2024-02-29,-12.185030929181213,-4.18162254811477,-0.7740218537145053,0.3544200933133098,-0.10004152310602929,-0.16522617243620416,-0.012172573795732384,-0.1641059313331093
2024-03-01,-4.316952042140119,0.8893244406482818,-0.01670827549070018,-0.8045645091296639,-0.1254017741349577,0.11161097799539438,-0.03581042546328407,-0.3197381958814138
2024-03-04,-3.2966736639403096,-2.0028311857840837,1.6571927670393218,0.5108471438827951,0.6446608591231429,0.18201000184099897,0.20115028239275312,0.25307284420311194
2024-03-05,-15.959396980537,-2.586052231304895,-0.4711651467923556,-0.028596868186458926,-0.2635610657450657,0.10013186930242685,-0.11390099359654797,-0.052796029579752726
2024-03-06,-1.5883643729237804,1.0294829686959919,-0.6538934967939809,0.23920185553578216,0.579459825283157,-0.05773482202043335,0.08067916830812288,0.12818365934240528
2024-03-07,-5.0054294775684705,1.5914617494369871,0.1927898878523307,0.10562942280433267,-0.43047950216034286,0.3487148194912612,-0.41031054814560913,-0.0017467609950178472
2024-03-08,-15.013630402413801,4.971943029171982,0.47955252057796083,-0.05888571960112364,-0.06298345667922188,-0.2771477284821221,0.41546906673491824,0.015378685715564814
2024-03-11,5.707154406120747,-1.3147493873371467,-0.247949132191143,-0.41153895798844425,0.5731878798522153,0.17292430636218978,0.3406039437443922,0.023674749167539415
2024-03-12,5.356716747518039,-3.649662943840738,0.5320185676937341,0.1405730368500087,-0.6344189001675793,-0.00018335601276364685,-0.3288308998348824,0.09964484631206164
2024-03-13,7.7420905525002865,0.4384481185334713,-0.9764323582543848,1.6786685522045395,0.7933983166776964,-0.5367326621855266,0.044835013866512285,0.1017338925648684
2024-03-14,17.11881089838051,1.5367904138676747,-1.3362144385090011,-0.46052539565809264,0.17803942347512847,0.2081552957614724,0.014831298012588106,0.07451248024561724
2024-03-15,2.016331419119888,-1.5623177315249837,1.377797607745111,-0.4358555988378511,0.23860364366332062,0.07043245327925964,0.4430430633583126,0.16490813001276403
2024-03-18,5.689016275165348,-0.11434958634108612,0.008431805717288101,0.25395363072542215,-0.6039573207750063,-0.09450301571024414,-0.5243545307827621,-0.21033037131311655
2024-03-19,-3.501957627194416,2.6017779815207427,-0.24355590943561284,0.039187396767490924,0.05187646309908031,0.09355914324030076,-0.08446167797455657,-0.010239472582833038
2024-03-20,-0.5130487300677831,-1.9679526521515047,-0.22377759815312917,0.7687489893206243,0.3639488001149386,-0.21574861527468844,0.043544838173452186,0.09879327591128438
2024-03-21,-7.5697154325742595,4.363811226160062,-0.5290617022722883,-0.21818962032320552,-0.12540308692341673,-0.07670393778131208,0.1202936337166103,0.08188273758654031
2024-03-22,-17.871039514476063,-1.2941347489034236,-0.4176842680049756,0.29296984864225756,0.1324334046406732,-0.42708149878463836,0.27779954887349406,-0.09875048851035871
2024-03-25,8.627932905419545,-0.4661207677491762,-1.2893950789608843,0.49322492129835765,0.42818714097596505,-0.26786707643376084,0.26398055361045136,0.09062014040162865
2024-03-26,-3.890085704942969,-1.4820312560612,0.21733515086732094,0.18672806518738486,-0.23397842742530944,0.320028258302799,-0.4351988687356144,-0.050884675272723626
2024-03-27,-12.864902242523653,-0.2809527288559636,0.03892354063552968,-0.16934721596014177,0.5136546754409952,-0.3827446434615575,0.48050551311474304,-0.06081729067499604
2024-03-28,1.3163910785992197,-1.0264170698303625,-0.25444650503486027,0.6594722752900022,-0.359086536980798,0.190082904877026,-0.6015413885337216,0.08601868065310204
2024-03-29,-1.3408979964192185,0.521224790276072,0.1829483832053092,-0.04888012812273567,-0.05428295092090277,-0.072952212586426,0.13442411460989495,-0.07770092123637137
2024-04-01,1.0763707650687875,0.6662524302944598,-0.42926677601366253,-0.06063189646259492,-0.034870722855824564,0.16854872606515434,-0.20812240759503794,0.14160606744700263
2024-04-02,16.477821952548616,9.63021575368436,-1.0926611360937861,-0.12367707725370125,-0.4728409900371522,-0.8766895139596159,0.0007861017766978331,-0.4167955677195066
2024-04-03,-0.28470253403694024,-2.6357058963019195,-0.5053897986799829,0.2770961648738438,0.08074389163441142,-0.7611408822067821,0.02783047292791177,-0.29558091457405755
2024-04-04,-5.767731857666573,-1.130085755691648,0.7780154132896943,-0.39558963673862135,-0.8701742209733969,2.8670002309906866,-1.2915176764919976,0.6379765657494005
2024-04-05,9.72936844950626,0.4846657170602549,-0.0028669222266405163,0.9061756363147931,1.7517735030629702,-1.7071092671115624,1.5731247556559769,0.09270060776881704
2024-04-08,9.273635381563961,-3.5653862832371797,-0.7653183452045705,0.2702405301323717,0.024760733182298853,0.3576640369690048,-0.2036100660288771,-0.012142145114806695
2024-04-09,-13.746728393496662,-4.146034822557144,1.0845101892409992,-0.3496143169720132,0.29545592895679784,-0.28971735891506606,0.3872760556512842,0.012113365328554239
2024-04-10,15.774895699929607,-1.7223267248198777,-1.518585242822715,1.1458929942313107,-0.42543468553315406,-0.3296476984268673,-0.3556830754826673,0.07073090955955304
2024-04-11,9.429745837297693,0.630630660590493,0.607693564821888,-1.1022687746835123,-0.37885291537151056,0.26598674374583064,-0.03464150550887992,-0.0285359855767246
2024-04-12,-21.45469681642751,3.063854430420746,0.16481286389797048,0.38343127477992656,0.8748098333385753,-0.8099468598530231,0.830154476856875,-0.027758491004402138
2024-04-15,16.414363726273734,4.092973880598425,-1.8983842485272389,0.485193624482233,-0.41515615881341617,0.625284068567533,-0.7920879781327544,0.12210213886740733
2024-04-16,15.262936837983444,-0.3363222358380929,-0.8140624082204677,0.3889801002368914,-0.012598607786761426,-0.32164475642466145,0.02435035351347188,-0.0013596258924338611
2024-04-17,-9.270095793188487,-3.6887651462644087,0.7102754928991446,-0.3019028044775411,-0.8660068354951824,0.3216079339483526,-0.3206364401314008,0.09567495963073301
2024-04-18,9.313142325304328,-0.48634428944976016,-0.7136043224398797,-0.3924256307097397,0.6246851711728918,-1.2017398855247865,0.20837654045961815,-0.8151091010356735
2024-04-19,1.406638779504274,-1.6468612249243266,0.30448733187873894,0.9509049412068078,0.7080302967478931,0.8670249070789419,0.1866490499786505,0.6069134795770984
2024-04-22,-4.248857760886446,4.5921482058979946,0.19444532183704277,-0.20376022085759973,-0.22382211454615827,0.2006295753289664,-0.21720332307458992,-0.07809084847177673
2024-04-23,4.0746947564346705,0.5778373097539186,0.8702652023840985,0.8014553312972843,0.7546421645509833,0.3713798401534828,0.09917654329534141,0.31235311038607044
2024-04-24,18.618428556864714,2.433287125941731,-0.4730582715825133,-0.15300591229342445,-0.15693372738606848,-0.7970697525438653,0.17965718415917917,-0.2867100829590637
2024-04-25,7.940846478081872,-0.9750626188452808,-0.42364921933046096,-0.2967145112643579,-0.4400263327502577,0.3532121305884999,-0.28897821532911555,0.09915333934864048
2024-04-26,-13.404710434508171,-3.3625746198900517,0.8037031691250762,0.21440356476935132,-0.24847252110302645,-0.27398140152003053,0.11903153958913164,0.2501977486022076
2024-04-29,-12.782416967445936,-0.16570140723678978,-1.947364596531729,0.11806888308679074,-0.05967820762175319,-0.043918309781325736,-0.4606196697794933,-0.6026975775867872
2024-04-30,14.594011684750871,-4.571485538290952,-0.24266607546764365,1.5835805937417082,0.20343888598063076,0.09722854035812639,0.014465378923999439,0.4514561010543325
2024-05-01,-0.2007080523181631,0.053151080001510614,-0.030060814895986627,0.014499501737868853,0.007806995443771563,-0.008238474190013447,0.0029307847145652994,0.0007240236457191144
2024-05-02,-11.66498960783547,0.7009090064128873,0.12131600465278657,-2.0984148915416436,-0.2664327019966548,-0.44512203038136905,0.4031631254180995,-0.3340525136221825
2024-05-03,-13.55726838880232,4.70686968274637,-0.25854698548905336,0.6362980989952712,0.5206816791915503,0.2797772885081386,0.13965650982384617,0.27762161107130573
2024-05-06,-5.041270886716393,-0.02167772278154353,-0.844153664254924,-0.575855398438238,-0.2751755228159748,-0.6840246362883045,-0.09128284355648804,-0.4193280810998688
2024-05-07,-9.186862820036696,-3.8853674257867477,2.2031258742370556,0.583986049195615,0.32859825642179336,0.9781428341667742,-0.05179518362683047,0.39671228573206324
2024-05-08,8.382760629053436,0.610458083042181,-0.8534888460916359,0.263464916904439,0.17770998629326737,0.14162280304475874,-0.13211088204355095,0.06313491445696989
2024-05-09,6.226534151984759,3.6571093109868427,0.14266722556642616,0.12496364161765235,-0.4953600212074731,-0.14713337959512648,-0.18663702411101415,0.30337996500951053
2024-05-10,5.786066343154875,-1.237446709473308,-0.9659966264733144,0.190477672842981,0.6572145019639186,-0.6988715155576068,0.2870645721851523,-0.4957731131813134
2024-05-13,-4.941835967352782,0.9555129793702344,1.435569522474579,-0.1545238795742062,-0.21885314713420068,0.6018471839910762,0.09828958625496761,0.742772051075978
2024-05-14,7.487940102240889,1.0407504360397017,-0.44149319867395675,-0.313759804515276,0.45866927191082996,0.1633449679193258,-0.1278572238583184,-0.603414301286354
2024-05-15,-27.938765368877323,-1.0742510798296414,0.6254488575213246,0.30206618452966266,-0.02286585032582989,0.11968456595312914,-0.06899123945435856,0.18585975864650917
2024-05-16,10.286040210344884,-0.7907653316055805,-0.66165752683612,0.32854043378683984,0.4292655846105077,-0.18924377515233357,0.351284333437592,0.19213822361791452
2024-05-17,14.030712325970656,-2.2625671332622757,0.5442483928838694,1.0453554578216122,1.0923584981834342,-0.28494718623873805,0.36108391687679553,-0.20060845101791744
2024-05-20,1.1894079248606508,1.1092044936536714,-1.3897220373157413,-0.8700406025754148,-1.280344258649521,-0.6618086836354402,-0.5435785182818175,-0.4306445325297117
2024-05-21,-7.243050882687798,0.6261818166246876,0.13857810495362063,0.5710862666408405,0.19899685854027072,1.0413032789433503,0.06503306909701469,0.5981076300716328
2024-05-22,8.189179749449387,-2.5948602908324294,0.046573323278456494,-0.1112385857330748,0.25309188280599776,0.3361258201740369,0.01916115298364353,-0.08366038164624624
2024-05-23,10.43476461885579,-4.021267512032067,-0.9263688675078953,0.6676819003400999,-0.20009708988467256,-1.2825379912856534,-0.901809540590083,0.28760449071143257
2024-05-24,-0.4607819810867342,-1.6649606748485022,0.3705636875906433,0.17509443046714396,0.3057160916303152,0.9024491552611432,0.7692581240930656,-0.26928235996376787
2024-05-27,-6.564184718880561,2.8393247124188896,0.2682586748147341,1.3297320672689603,0.677047190057477,0.334225081345135,0.292354850437333,0.564763002784006
2024-05-28,6.914280529531757,2.6923959630160788,-2.0081753906815236,-0.5756950173260895,-0.5177233143638676,-0.9234026444201198,0.05019666905273867,-0.41953239038799717
2024-05-29,19.20007483182452,4.830585211278496,-0.6028263036561046,-0.30219016514141206,-0.26331069826740855,0.05139607876180672,-0.14898255308307773,0.08590152944505271
2024-05-30,-11.246466464790467,-0.2140088241544484,-0.03774917671583149,0.032951057830141885,0.3097187375090257,0.28490766863854206,-0.08462093987820625,-0.2903025087319715
2024-05-31,5.588236190242188,-2.7396820602317655,0.2155510116549694,-0.05956479015178567,-0.08162756579313553,0.016449295913740756,0.039035930288961754,0.22982075080237382
2024-06-03,-21.92790410176535,1.4340938532737668,0.8269561397434446,-0.7657345016938002,-0.017987806535209448,-0.018108326176427783,0.47463523569575294,0.0744658050307902
2024-06-04,-12.004189877767558,0.43081483025528744,0.35001658879637476,-0.0486849666862672,-0.10709681684527494,0.00945945703047341,-0.1675603550522271,-0.20940081209481481
2024-06-05,-5.134857128219634,0.5112037027999564,-1.2270086425754725,0.19178751689979662,0.2878008387716097,-0.09335701610293086,0.1196450107193917,-0.030606791707571416
2024-06-06,9.21525494865899,-1.906648664692653,0.4384437797259272,-0.13781515228513244,-1.305210902769339,-0.10483935561977567,-0.4929708255152058,0.23918424583149567
2024-06-07,17.70991707487148,-0.6151825314933735,-1.7942047663984255,0.8246379572383871,1.0140344678951936,-0.0921651449825752,0.16407185412388875,-0.22019605622368724
2024-06-10,13.215392858557061,3.556549970107672,0.3944513655454344,-0.7978990345142322,0.1178654554410966,0.08966680492034142,0.13765008018492678,0.1206531531360116
2024-06-11,-8.059491016030732,1.5822372600485082,0.17463791165382114,-0.15377677871800866,0.2944351678010551,0.9773447940803535,-0.6009000321928689,-1.0254658051405008
2024-06-12,-23.674031862999424,2.042954448310374,0.43953774068077717,-0.8537296059972552,-2.5478946824834505,-2.6224391994036313,1.1881831216565302,2.604361411409049
2024-06-13,-8.365233397844316,3.4944421838582893,-0.06716636722951452,-0.026922615520576034,1.4755026105138924,1.350063523747034,-0.3927003620869926,-1.994096786991172
2024-06-14,-18.471592856234118,-2.90729925513302,-2.0977700181056975,-1.0744572187344967,-0.5548440323078636,-0.438980937107955,0.5480150855914676,-0.003973175804987777
2024-06-17,6.783833358159739,2.8746784259778684,-0.22864646859776996,0.6252922200724618,0.2886858893634206,0.0018880708218746085,-0.15692753913087257,-0.1669379306984224
2024-06-18,-5.742909556647493,0.7043365008435793,-0.7177206342497668,0.2685750362670124,0.1697164900863318,0.003617935626579654,-0.037068771041785444,0.06835837381350685
2024-06-19,4.674773073032516,-0.3829223498585751,0.1317408286241547,0.2973233169207716,0.15311819902925508,-0.06524720378071817,-0.05438310797619706,0.13564790739754792
2024-06-20,2.8325711754565455,0.8924975396360039,-0.7291114551367875,0.0929201428470252,0.024434788446005058,0.2377423878161326,-0.18019567086266183,-0.13371810431504258
2024-06-21,-3.8947923139666663,4.1362118032431345,0.664408067174315,0.2870291194416814,0.1548368843122153,-0.10904131331475492,-0.11802524499670737,-0.3145343081279705
2024-06-24,2.9075297197065693,1.7089196943118772,-1.1163994430310626,0.6153127605832459,0.3600324394331256,0.02488423068756587,0.10382193242832959,0.5211480438270789
2024-06-25,-0.39973120152697517,-0.9390237095143739,-0.3223730818749197,-0.115798497171965,0.02444518596035805,-0.35830677629782065,0.0540526299623767,-0.16695678800546285
2024-06-26,7.5646109677348745,1.3022000859792924,-0.6420613238853594,0.1230889409749156,0.29523878873233556,-0.06256553667674179,0.21938492945722965,-0.029934512901709624
2024-06-27,0.11248251146194711,1.5397478105406364,0.11649122943727641,0.04853401811137282,-0.3630207255131712,-0.15122366604055662,-0.19267531662715562,0.05627823955790302
2024-06-28,8.431348260649896,1.0600021877899575,0.23167314863967894,0.41475974165994006,0.019126682934085294,0.312463453098159,-0.24151151561358228,-0.17930883302850797
2024-07-01,13.759005193390578,0.8290465544013906,0.49959282366042407,-0.004987967625641985,-0.09181439016295928,-0.5404087799840219,0.41403888498032465,0.44943333617158315
2024-07-02,-5.637145558742913,0.6513317059888338,-0.21011887203292265,-0.21137519800285504,1.2734147841673042,-0.0233547007905715,0.6806836177818888,-0.04973799765375701
2024-07-03,-11.418730550196203,-1.1332267532094995,-1.1713723260619981,-0.7890549785209279,-3.145887245963785,2.758772462533914,-2.883748924630259,-0.12228194825784926
2024-07-04,8.531821612976048,-2.6477802818145113,1.2133471755758913,0.5580404717327946,1.8774838789485744,-1.8705752222422543,1.7222142648676415,-0.1276103431370555
2024-07-05,-12.818331316650077,2.138709938012479,0.012795396861109205,-0.23330472714457304,0.5435040538127112,0.07211019315142692,0.19277336900333125,-0.07554107273202998
2024-07-08,-3.6998724501949276,-1.6094954852094565,0.4938871589505628,0.7128334706468669,0.03659056602832925,0.0274544061207594,-0.06917068495278468,0.06752227830152134
2024-07-09,7.0107275628615096,1.924135090393862,-0.40762347707187724,-0.27878835051491574,-0.7987313206484971,-0.2997029109373895,0.04253256692814343,0.5829782623231474
2024-07-10,-9.28317663180191,-1.572226913104864,-0.375757151677736,-0.2556134001076323,0.6831590383812777,0.25806748086466297,0.09102858669340404,-0.24353706391685123
2024-07-11,-16.976099550646044,5.807299087150403,0.39442199377190224,-0.999788317298864,0.052360129117600324,0.48883111842116994,-0.06145900728246653,-0.23132370424677703
2024-07-12,6.29253725826303,1.1619193855247156,-1.70773644837338,1.056795645879992,-0.00020535869707238698,-0.45119544974256437,-0.10759681114812268,-0.16936409636296673
2024-07-15,-7.198525871618735,2.438375885306286,0.023725850516111407,-0.07778427734023968,0.24829841635897154,-0.12746215201714992,0.26134354271169624,0.24772914990127046
2024-07-16,-12.907825182666322,0.24978387658356688,0.9834452807436762,-0.2276776469872517,-0.3273284758230012,-0.18929996678146596,0.07044621376328207,-0.08592480956674528
2024-07-17,0.2747118814862028,-1.5705015518990242,-1.8234911535359015,0.04818219729195414,0.4437016660760498,-0.10165119349208787,0.0810647672282247,-0.08796698319014429
2024-07-18,0.5871032306402422,3.334188307235727,0.4580048243555638,-0.8114745016290655,-0.24892374826505737,0.4905588564456934,-0.05563948925277638,0.1254919870153017
2024-07-19,9.206064021321824,-0.1408639798769467,0.17476711748090146,1.588320179653254,-0.13927705223150794,-0.4234206020637979,-0.2512706325502678,0.002463588407847998
2024-07-22,6.352644230236316,-2.0502856421180145,-0.3617324215661139,-1.381337484814153,0.17463204088283696,-0.6225878783698127,0.46178567049852154,-0.3700282881069258
2024-07-23,-13.124146385407329,1.5489803598949377,0.5935896223338126,0.17632937200213988,-0.060445807749144334,0.8467880861213664,0.08172732596108667,0.3473793028421298
2024-07-24,0.17595138451077952,6.713501811737906,-0.2192074957343944,0.029573755945411933,0.7313751922889512,-0.805054365431519,0.4957793696432062,-0.021318462756907592
2024-07-25,-4.0716888575511705,0.6328419950701079,-1.9180344589601312,2.6836912537062205,-0.11150711596996639,0.5934124400800093,-0.5910705235660476,0.30712200827383296
2024-07-26,-8.69902541576917,3.4789262441894864,-1.8014595738210204,-1.6730782729164535,-0.4334614699416918,-0.1436576665951425,0.024811796222582352,-0.23027210400911863
2024-07-29,-9.731129363198773,-1.4800006692024268,-0.0644001908368116,-0.12882777107739268,0.016292206951478847,-0.2913632429087749,0.03345470019962742,-0.2231735160023895
2024-07-30,-8.137628612784612,3.8452276360530044,-0.5067781184944937,-0.49287177701953433,0.2685982501461106,-0.023140435828027932,0.3789314469557356,0.24801284837480647
2024-07-31,-9.7030138663778,-0.8333554519243108,-1.363606598635773,1.1620584839216506,0.9957675656218141,0.4956644054861589,-0.6762881086855002,-1.1541490882136567
2024-08-01,-13.648726581240421,2.93668285673752,-0.7945508483278599,-0.2575189162206415,-0.016812473205308525,-1.3306137253876942,1.3119581500121753,0.977846350214115
2024-08-02,-14.466328800209736,4.959079715155921,-3.1655904217394615,1.5252969606956404,-0.4033414780824852,-0.32343938345695644,-0.5406016924077734,0.16212970055852174
2024-08-05,0.5442347501814305,-0.24486735811471266,-4.2910905042400325,1.0561145776899008,1.2762188479246923,-0.6575566307683244,0.707389036630543,-0.4663574756199948
2024-08-06,0.25035204818909845,3.5804166783124156,-3.1361728461782126,0.848754940011758,-0.3621770970528924,-0.13279280752691278,-0.6764090427459294,0.4333017458058285
2024-08-07,10.06233669835515,1.8676115244081306,2.0752945435611165,-1.1627099800889251,-0.6692989983578556,0.1089146450193822,0.08939929595253579,-0.045408483931358365
2024-08-08,1.0134864670844255,0.5619677167390998,1.6449230087246989,-1.5313841260408871,-0.5250283901679421,0.3606887550601937,0.24545965621524035,0.5058667728293326
2024-08-09,-10.502664567559131,-1.3927566539814349,-1.6160089446162926,1.5095066956757273,0.7820794995096302,-0.3164992547050756,-0.12121268601689905,-0.6065902130732471
2024-08-12,-2.728676463770136,-1.1034253708525423,0.30042966064252835,-0.10496473571424586,0.07483203421357161,0.05668602572466364,0.3483756657684839,0.3326445762205052
2024-08-13,-11.596727126064511,2.3913644745976357,-1.5894875270379203,0.2146628247075011,-0.05997678076285082,-0.269115123017287,-0.312236786189306,-0.34517842180260816
2024-08-14,-3.036438136043862,0.41376757821968474,-1.1944031106296742,0.9700211960062032,0.46711349016433334,-0.3450065334622252,0.21005210022763904,0.05172914530625511
2024-08-15,18.643500589873092,-4.3905863066582596,-0.5297784008038482,0.7175804544326143,0.2787443507335847,0.24336497544914643,-0.0542762488345712,0.15875631531176898
2024-08-16,-3.7054559332940644,0.4461484341242997,-0.2749561587951132,0.31645280163880474,-0.05754007593610649,-0.2732997384003033,0.004234839988009605,0.1296287620382766
2024-08-19,-1.4111245995367816,-1.1308362505889686,1.2270755701833371,-1.1598981675787723,-0.24029715676085378,0.3874634279148496,0.021794005947593287,-0.12163822563082101
2024-08-20,-9.334859907626617,0.9577587868469541,-0.1093571388160346,-0.20444582144598306,-0.02012777494727405,-0.2828044580328747,0.13643161386540184,0.027936467234276837
2024-08-21,-8.577475211240765,4.259714051326226,-0.8343423689026006,0.5288066667007514,-0.06877742123553204,0.03086799596142533,0.08421802915632931,0.24406976622853446
2024-08-22,16.738964696391545,-0.8610929030156816,0.32132364496255283,-0.28018369389372216,0.30383266983641044,0.31478583331791943,-0.09329054273895715,-0.009347457006999065
2024-08-23,-7.498044858056543,3.8980101964167373,-0.9001098544578847,0.2807189794057388,-0.47820710302208547,0.3622591416226226,-0.6936834892694322,-0.09584793425922375
2024-08-26,4.81764574434011,-1.1397431594150167,0.5163370947661098,-0.1336143274806775,0.6872678178919671,-0.3989275023699339,0.9063097127254457,0.35035484249195215
2024-08-27,3.653414131701751,3.711689751018229,-0.6507248100145597,0.006868960082552781,-0.11734083211407915,-0.11621484212384715,-0.21928837514565028,-0.358236605859113
2024-08-28,-4.4776459976523,-1.4412856677874195,-0.07113869462060386,0.19079829808469698,-0.12670200856800098,0.14882445914332673,-0.3059206408486961,0.060233019294933396
2024-08-29,0.044934796964490605,5.009337023727925,-1.4995156336525686,0.4069800045498957,0.43122450835699894,-0.32207959270740716,0.1355660399441275,-0.08395964365011212
2024-08-30,7.715696589039848,-0.28159977464873154,0.0635559771476506,0.2598135783669889,0.3172939742859278,-0.03550254139569434,0.1161953091919036,-0.012764775902045384
2024-09-02,3.308491261066158,0.7589895857243184,-0.668773916607407,0.07800685025447056,-0.23913784555994327,-0.19344923180223592,0.12453503490445114,0.15963343265145252
2024-09-03,-12.449682916520338,-1.7829959654157888,0.9331317590853822,-1.0814200132205347,-0.6704962263723027,0.2125264176033151,-0.02283749806356824,-0.053154388888044635
2024-09-04,-12.352887445212842,1.546119551024582,-0.2384576836423517,0.42917492928842516,0.3694933177789566,-0.1834589061124069,0.0882778045867001,-0.20272836142392936
2024-09-05,-5.624850028236563,1.7244297355350093,-1.9116866876792786,0.7401615782798777,-0.416325581301327,-0.11880890083420549,-0.31172789221724667,0.28318775814340014
2024-09-06,-4.300549121657394,5.691524071520956,-1.5182700025952858,-0.48433434535934067,0.991383365361276,-0.20651738454512478,0.31533513710775724,-0.3661791518047302
2024-09-09,-10.283091995450034,3.4577294080104957,-2.2356687720700616,0.8425698071887888,0.02638682339973634,-0.30997284454472507,0.14403446397107542,0.052439124424238946
2024-09-10,-6.71527491597784,1.9002276958973447,0.06015671568323911,0.485276037697909,-0.42692976178946807,0.31934320963725155,-0.36745984077447547,0.2414765546079447
2024-09-11,-6.652634642639314,3.344777096673831,-0.5310090328835568,-0.7238883795576414,0.6713678399214864,-0.11922461906659683,0.43730244975605437,-0.2500069019588548
2024-09-12,12.926800038517005,-4.883039037436585,0.5702128740319375,0.3221064089591341,0.016484408946439183,-0.23485620370484117,-0.1059265035710143,-0.1289954295033686
2024-09-13,-3.791442204718618,3.3763664828554307,-0.4675987577223985,0.5576836063594807,0.06201837874812478,0.184448774943662,-0.2115227813508586,0.10231943710705389
2024-09-16,-9.49896734901007,0.6303212645812357,-0.14166360519548116,-0.224815422700838,0.07073913092550649,0.11816304841972713,0.40989681367644143,0.44396511642617076
2024-09-17,8.601990953188865,-1.858114743610689,-0.9214540400880548,0.6317740977124999,0.32351238766577867,-0.4254784927369575,-0.031195755260355437,-0.09424761790046755
2024-09-18,9.68493551092076,0.262937999452719,-0.7326808465886436,0.6490120993775872,0.20861761282937535,0.22748551230760594,0.17628801519661447,0.27967959769771006
2024-09-19,-1.3121917703949424,6.857482639925442,-0.14674281864221655,0.24066824906819406,0.20831286698411075,-0.3441543142183263,-0.2391010836806065,-0.24784687847934422
2024-09-20,-4.0707756013788226,2.2700060247412446,-1.785116457501792,0.7717287052947552,0.46276099244915025,-0.23297716996226225,0.16643432571582323,0.20758367568103217
2024-09-23,-12.779242629813393,2.637370262729749,0.10127490561010917,0.3078497007507965,-0.072037115562191,0.39604126834660724,-0.016234466122229514,-0.0352090879231657
2024-09-24,-4.585965743131771,6.259109986623239,-1.1098287293336175,-0.20511230464827873,-0.32300939373405074,-0.5247144501800606,0.06689927724844723,0.0793500674797563
2024-09-25,3.628953823121917,-0.6511941495344491,-2.096010619427175,0.15529457068941277,0.25955905705186555,0.10418503104125387,0.1554903140011419,0.0891735353376693
2024-09-26,0.3093470734756078,2.2042956292766993,-1.1131668582417116,-0.7613117576059937,-1.934228833070652,1.98292631062325,-2.0569083226241918,-0.19483051576029603
2024-09-27,-12.989852099561409,-0.772254863286984,-0.037092674437971006,1.9501072007719151,2.3894503951805532,-2.159486806456323,1.8456029996712577,0.06658291580509013
2024-09-30,-5.008885093727175,1.5085611034751891,-1.4240922614405578,0.9726063057063078,0.6108902850328273,-0.3512934527586039,0.07794518442939773,-0.12133967942402643
2024-10-01,-19.835897362698837,-2.5116679766716676,-1.5282438582859406,-0.1296410211513724,0.14072999560172186,-0.2223737260526997,0.3757114798696642,0.1531285952878605
2024-10-02,15.151100580822204,1.6464162072691864,-0.7724274019239264,-0.09838338635580639,-0.1412729747148611,-0.1697658705454084,0.1268324131897805,0.21510610987134854
2024-10-03,11.94886468985145,0.43066659167104726,-0.7183441000706484,0.4164427380767057,0.2930789620983066,-0.4417587108609856,0.0008669595870967391,-0.10294769550816292
2024-10-04,20.41203079893183,-9.213319798995414,-0.3102999823292741,0.7908193582428956,-0.13597954115556218,9.63322311244115e-05,-0.12766642336274747,0.032478085458790676
2024-10-07,14.517368524076296,-2.019942618183098,0.4507018564236192,0.05747712125260553,-0.01544568306617949,0.4376866399645463,-0.3360629758673016,0.07634097821377271
2024-10-08,-6.084277623947747,2.2842953131697135,1.0412790743735685,-0.26704771624145857,-0.3560900118678785,0.08503245411110864,-0.12449703247164409,-0.14490621261559108
2024-10-09,6.028260546307462,-1.390295435371273,-0.38155000785185483,0.5301766711523465,0.5254646914642984,-0.12138859078448849,0.08148249502320856,0.0021198914480159156
2024-10-10,-7.772786617077243,3.0448052518278983,-0.24966843512433862,-1.1240150413509862,-0.28298016046730806,0.007891193508847347,0.47409471056446767,-0.14886164537767016
2024-10-11,-2.7611846251608734,0.12566550535866564,0.26248718791904313,-0.39834583348514097,-0.10902199051958036,0.027572590119480787,-0.20233170243899418,0.12567057362499195
2024-10-14,0.5531172491942538,-1.7187976370124936,-0.5579975645169144,0.8444074347801204,-0.19173989438177713,-0.4776322146621005,-0.3941861167694761,-0.2978216041361238
2024-10-15,-13.791703350215474,1.4320951372117943,0.5500686011043647,0.2598768614670786,0.681529262892328,0.4132115363746082,0.3733268535162457,0.3754036985637271
2024-10-16,-9.144658987249056,1.953842670740229,-0.8174972642428561,-0.1492441052687456,-0.1723879235693506,-0.2971329432144136,0.2986884667063172,0.11404741187732886
2024-10-17,-1.9438500310662565,6.163227940715222,-1.2418769784450605,0.6296933095068004,0.787476962497028,-0.3835943395950465,0.11284574066562844,-0.24543930014687035
2024-10-18,-8.973487653257903,1.7699717203875862,-1.7686878651184557,0.5924322152487175,0.060444851610812596,-0.20187937378845613,-0.0581195764697316,0.007051145288206578
2024-10-21,18.657974819364384,1.7918615526978932,-1.7637539812356846,1.1951028092445442,0.4430679028438503,0.0004822330840481016,0.21192889663461364,0.4742657363832435
2024-10-22,4.039968912748986,1.0163287517507789,-0.8739802559970034,-2.112902834852741,1.4898847462549387,-0.842880815236699,1.2672259451236272,-0.20368335450478592
2024-10-23,-5.597951111905832,3.4912669118907234,-2.1244725132262343,2.162427905050517,-1.610235640206481,0.3430058906454566,-1.134732214165643,-0.07516023529068898
2024-10-24,-11.928025404180959,-0.2338743511167047,-1.8069421837188908,1.4382470934372227,0.5722343934683991,-0.7152486556128981,-0.07057118580981213,-0.2627817692717919
2024-10-25,4.058291965093192,-1.2306727501052734,-1.3066560048517815,0.3346140726912817,0.15374376017510552,-0.238537140037677,0.5332255535475703,0.4644039248079571
2024-10-28,-5.261620060931678,1.3578413144099737,-0.49465875053046504,-1.1446121935308244,-0.23222753909150365,0.15293298388271495,-0.31757040109819357,-0.28078626503303944
2024-10-29,1.423281059555336,-1.7822926369745038,-1.4996804240336439,0.5863729505440646,-0.2784229424895889,-0.3421836309106087,-0.2039880751853309,0.027600215143399155
2024-10-30,18.574022388962224,-9.568392555062191,-2.440939045813396,0.10883118736007495,0.01273049592542955,0.2986665881158846,0.3896174034917093,0.266093813436898
2024-10-31,-7.336371159764603,-5.275842902056471,-0.13322473737354792,0.3893732622283458,-0.8336682253048504,-1.044782140723178,0.19128698201562883,-0.2541889971819652
2024-11-01,1.2902707632050014,-2.3251829164118734,2.297841105590468,0.8140538595685943,0.5857996328758333,-1.005007979676974,1.068016215307836,0.008670103084679496
2024-11-04,1.5194052420671424,-0.8477281518274231,-1.900281405517076,-1.9455829586616964,-1.4466751123522879,0.8636641535319538,-0.8848751150602494,-0.12595211928045277
2024-11-05,8.069629114653205,-3.3983879341589835,0.2938777329310121,0.4905993896879638,1.4877618886451895,3.2425571053026916,0.5363620087452151,0.2733171929200518
2024-11-06,-20.996227949536607,16.684700102331053,0.027041784081791708,-0.365461833559736,-2.4985895897828154,-6.473980346371283,-1.3509581341882362,-0.28112876464668163
2024-11-07,-0.526671589789272,-0.8922643629482806,-1.7122322468490887,1.267305720871109,2.1308420173369096,3.5866619946319203,0.7116701983080145,0.38519069579237913
2024-11-08,-13.59033468569245,-1.9360794575433558,-2.4822289115399445,0.21685097140525272,0.7204807936289873,-0.365071095251613,0.08982619291432418,-0.11760484780234856
2024-11-11,-10.970775894422134,-0.005146674803947209,0.9287858432568277,-0.469172553555017,-0.34894929746860276,-0.14357291499581004,0.2332844005381273,-0.015438451939344356
2024-11-12,8.865235634970226,3.260915564316286,-2.9901024890906482,-0.6282867074354248,-0.18940423695555597,-0.04346843164005589,0.100828658908403,0.15620339383480475
2024-11-13,2.7012236299865586,-0.5129868448666572,-1.8228592599063294,0.4627648804634025,0.1130380577804894,-0.2725326249166302,0.02145593724898436,-0.26749993352670465
2024-11-14,-21.555083325962432,1.9751008166933621,0.0403374006958179,1.1889497095710906,0.15780941363603374,-0.44002671309808744,-0.09048900659263776,-0.06861295372603615
2024-11-15,1.3445001942082753,-0.6094030216544859,-0.18653836485200537,0.5848975871676746,0.3930309430024062,0.09961458213453038,0.1546702503582887,0.22535639170121852
2024-11-18,8.855273929383104,-4.161416782002534,0.8873329028596438,-0.04948447187837482,-0.3585977227682911,-0.0708429073415556,-0.1851409850121756,-0.08506745763912804
2024-11-19,2.19973213717053,0.7395221466603513,0.7417904835988994,-0.16789081888485427,0.19170594571458324,0.08708444529557922,0.24674076627922573,0.18890587584039775
2024-11-20,4.110934120375182,0.16006244311830875,-0.47339326911131346,0.09699733252202282,-0.154600269917409,-0.16760738936012573,-0.18688144108498003,-0.1302680601474299
2024-11-21,-1.7914373058007313,1.178540855785246,1.9229756286103947,0.018321213001956306,-0.1375838183531034,0.4812200466475537,-0.14608957933340533,-0.07541491696313789
2024-11-22,-19.162990267162087,6.888760779788348,-2.7928414534723776,-0.18092372094540374,1.189145614037571,-0.397981580684302,0.5015806153616604,0.13464142166760082
2024-11-25,-4.359488209058015,-4.288493915146657,-0.6431951845816165,1.2205723865096507,0.10375422501656326,-0.1697843950589353,-0.25350439756407733,-0.1991730178973783
2024-11-26,-1.9681318811084616,0.38341648574420534,-0.8076586637543348,0.4211836467271976,-0.2395281255711849,-0.15058446478375398,-0.06808861943371951,0.3017332659754754
2024-11-27,-2.148460235453839,-4.234551914412609,1.6983796260925912,-0.30328435915312124,0.20426797420378837,-0.047245658542500096,0.2424316464244377,-0.0760378492379309
2024-11-28,-7.550844654064168,1.5971897643933948,0.3570754810542237,-0.1621615089060959,-0.054546635426578616,0.08365413430385937,-0.09042085567953176,-0.22132573858902474
2024-11-29,-13.197356683442178,3.2787451711605953,-0.7946310566526192,0.6476701911783898,0.43808228186982306,-0.5360713922977166,0.4311467783161213,0.24583826825733415
2024-12-02,-16.031198195180234,1.5101089967542856,-1.8969608049550515,-0.13537412155836417,0.12036826198051326,0.02341243494358968,-0.03427140574286954,-0.00396297633241518
2024-12-03,0.34042517596509403,-2.174159405431223,-0.7345421447926862,0.7708768519837002,0.3253971678966514,-0.21916463848283005,-0.018735258435990464,0.04588383701313041
2024-12-04,0.8217987695913554,-1.8611162024935253,-0.260331344477789,0.6333871499769549,0.5403574984426427,0.2080404286277355,-0.04213851543412217,-0.03922955587603795
2024-12-05,10.949670448889268,-3.621025530248307,0.73455552356505,-0.270618045747147,-0.616495303094995,-0.15429559552877725,0.05051141671414155,-0.10029773828221916
2024-12-06,-1.3725667112803468,0.9400648690935395,1.4780447488751272,-0.5478201374153563,-0.12905300448686838,0.41378259870609546,-0.021848110180201514,0.20590444887527007
2024-12-09,0.3651263953276594,1.5544748760780998,-0.08230428924564127,0.4072210900567747,0.4544007365145734,-0.06399559126625325,-0.0711044400833883,-0.028645526377322005
2024-12-10,-1.6373248932846876,4.164460704976552,0.005758486367960628,-0.6475507072985919,-0.3834383216310581,-0.17346610843936347,0.14087067567599054,0.06607871314549849
2024-12-11,3.4163975015774883,2.5687076333435255,-0.4678891943578544,0.3932282196530452,0.2784524444950932,0.16057324780015084,-0.0005966924966319765,0.22795674050311063
2024-12-12,17.01990940717663,-1.8350763365759797,0.05995111355569483,-0.5708724986187855,0.10880233253948386,0.2008168300103307,-0.08765853249308164,-0.17832459612644097
2024-12-13,12.816811605778382,-1.5842872753452852,-0.6711301441878553,0.8630757462593784,-0.12430831120376527,-0.32150516005893076,0.13816549959342023,0.09042997077598716
2024-12-16,-6.674269737188975,-0.4623561983957286,0.749897168627924,-0.4359773829023498,-0.3258775134805132,0.14059331928900431,-0.303028938223685,-0.3137276771411761
2024-12-17,-1.6229969452019726,-3.2122472441199648,-0.5311842437325699,0.4417572755729158,0.20008047436558649,-0.3509411041057516,0.27156017902850954,0.06411376284060842
2024-12-18,6.933913619931174,7.312625681959896,-0.6749152082760654,-0.26424622312649887,-0.02543057369345867,5.616838170816616,3.6895050570641517,-1.067097996097403
2024-12-19,9.607283668278113,0.06549197004951682,-0.6911065319620889,0.18469458124611968,-0.614152898409064,-5.615500929829507,-3.8194733891870114,1.276732754556987
2024-12-20,1.3516580519925965,-3.6419503816299232,1.3267728647384769,3.6801763899702986,4.284595459632718,-3.7203036043775204,3.3033006044227755,0.07428990099094548
2024-12-23,2.180512159585387,7.682691369972014,-3.102023002595609,-3.18323285810141,-3.8930608795864337,3.3874728235637828,-3.1392746130290257,-0.07915826835184754
2024-12-24,-2.2950511875147512,-0.4866441449732664,0.15619219914285637,0.35238867775395066,0.3810496475823293,-0.8212827216975749,-0.09108103900922171,-0.11885614971790853
2024-12-25,-0.19697604103485017,0.3963246423221799,-0.17495562387222402,-0.14378638044660158,-0.4293282522219737,0.005314067077783951,-0.12000690580930307,0.20018449634842317
2024-12-26,0.19012772812540346,0.1701777700323582,-0.17349502811975664,-0.21029441345392086,0.04926557976921474,-0.2287694040051474,-0.2085332964304971,0.08661177528242034
2024-12-27,15.550236210211336,3.9463552125677213,-1.5997070052162203,0.6093359149647416,1.038961666258001,0.5370762277842531,0.8705286726632407,-0.14006917600220373
2024-12-30,-11.050168223965276,0.45521425704784285,0.3187056260270626,0.4367360806922573,-0.5685803074505232,0.25137137957586664,-0.34136546615565966,-0.038999006340008864
2024-12-31,-0.04301112035904243,0.10428509763521124,0.35925618599767517,-0.14740654079930365,-0.03473428785702303,-0.2083393839936466,0.14994733902320292,-0.22570851369487996
2025-01-01,0.0883147039026595,0.01702790378794386,-0.20722444766911893,0.03580976802329031,-0.052430636673334335,0.056382933801101966,-0.281460188026444,0.0852057271668394
2025-01-02,2.479465973196921,-1.9534226688399159,1.8872416527486175,1.0470068829805674,0.45746851996271853,0.2754031320614631,-0.32127161021681666,0.11453746023900924
2025-01-03,16.823275883557475,-0.665428020607491,-0.6346950675595595,-0.760708429438634,0.39439629051624125,0.34296948332683336,0.09740322622687296,0.24436670559942317
2025-01-06,7.115531370804511,-4.124351284902232,1.7674169740176842,0.2665769599888453,-0.4887428920262177,0.1525998701110563,-0.13009133641828438,-0.09424754956798298
2025-01-07,6.357046080614582,3.7544213615153756,2.0787205804124262,-1.2040962282404424,-0.2628362127937443,0.1316281034208115,0.13098128660522024,0.0185333507856099
2025-01-08,6.531531485484589,2.789948894164332,0.23412140108587476,-0.26323798319973746,-0.4317506197334065,-0.11791769906323715,-0.06302306945620172,-0.06832549445160929
2025-01-09,5.954475718396201,-3.261730693286224,-0.6661587564652626,-0.43399115273870215,0.02040125981557133,0.23187283517374171,-0.1249829911469086,0.0657865243937018
2025-01-10,11.553736842929055,-2.807447563484957,-1.3132952349835323,-0.5923357168370406,-0.16254141793578838,0.5553848418176129,-0.2940145850178207,-0.01322836630394975
2025-01-13,2.136876828284335,-0.9910458740094034,1.2441102725421331,0.6298551935938574,0.14838986944969146,-0.5351128441782541,0.32411355126385305,-0.05081764791673307
2025-01-14,10.524197779049752,0.36832116989291636,0.5950761604529876,-0.2309940592073643,-0.34081299755507755,0.4116204026438368,-0.3251225179968525,-0.07386183908654385
2025-01-15,-28.14114853852431,0.0848728909330627,0.849073718134206,0.1596786870166772,0.6938803415295244,-0.3205451418384676,0.44281177358395585,0.01058633796248099
2025-01-16,-2.7555563823841607,-0.9493324415618754,1.712737707220236,-0.06027468825406702,3.4751122294083716,-2.2974077019462733,2.792288438241194,0.12039638094278102
2025-01-17,-5.514925445755276,0.41560187180379254,-2.931714659616141,1.3508869024627208,-3.392358190436721,2.276319033873149,-3.05375022846185,-0.03200950935484437
2025-01-20,0.8136414819351887,0.7836127279133884,-0.4022398191224371,0.06775221017431984,0.27494796770283125,-0.23622689003826924,0.061989331418308535,0.02162408077015554
2025-01-21,-3.9462104712941417,-0.6060498333988522,-1.051017633865232,0.2269149564102135,0.01597682831622518,-0.047633566992732315,0.015459223289130448,0.023460609900817136
2025-01-22,3.26177708031961,0.5893743296276224,-0.8514278595414225,0.5015158606855554,0.25027899469861425,-0.18211645069213955,0.018864736928297262,0.007967292395917678
2025-01-23,3.3149543936235615,-0.6437534576460144,0.6479510216683011,0.6117528751477624,-0.10393431119769173,-0.12450313963068863,0.0027683413985074034,0.09360228053463919
2025-01-24,8.105096275950785,-3.4221243360613,-0.41049986989845416,-0.7030550855596294,0.24555923515513844,0.07713523349884512,0.07763810126465977,0.04023101160128991
2025-01-27,-4.427187021902095,1.4974305995890171,0.6408126834577825,-0.4725976381366284,-0.2663053236109262,0.22261000347175264,-0.08011025254366169,-0.08912539222392482
2025-01-28,1.3310370742259534,-0.5782859808853855,-0.2898960334255594,0.17682458677444046,0.23736363731890042,-0.13854535729327289,0.3202177950547806,-0.12390803034768202
2025-01-29,5.884214605657618,1.5380774144368536,-0.8009043433131027,-0.09821695616363917,0.14336251574443176,0.5509231843066557,-0.3670295093357758,-0.027517859764211387
2025-01-30,-17.125537665299852,2.237050378522195,0.3848785894747197,0.6317807075485852,-0.037822473689054927,-0.47035906778870873,-0.006646556382404321,0.13446411550133036
2025-01-31,-16.83341521705415,5.268421846401143,0.3030118375354332,0.6574126757121209,-0.701107616861626,-0.6429460167809341,-0.4468559323829996,0.43073190865596533
2025-02-03,-17.220405161615783,2.5948194213219287,-4.338519583799829,0.5165406186174497,0.6503332269639598,-0.27685956037612974,0.38370547216151357,-0.18577931513811038
2025-02-04,-7.700770357339467,-1.3095647545601146,-0.9859762987740702,-0.3624793294370949,0.5188221711955351,-0.16722548181682023,0.636248472511838,-0.15541326031510794
2025-02-05,-2.382262850100314,-3.126435441225548,-0.6166857215545458,0.9755390141119309,-0.09535384662404604,-0.1852363779642314,-0.1777154004131808,0.04337412763730227
2025-02-06,-0.422089066226324,-0.5752335639985936,0.2527401042346955,-0.02968195499336679,0.3046047135928906,-0.26302363756999864,0.3804097715682803,0.0009967737651553257
2025-02-07,-2.7823019694761157,1.7114785343366217,0.5109834318732207,0.2596746984456116,0.42799298917004425,-0.20068020926860716,0.2657227887107356,0.13275969670639678
2025-02-10,-1.0992370214443459,2.0188789823571676,-0.8447392775335004,-0.20577371441898265,-0.476084753643817,0.36709252666062503,-0.4246434060463078,0.08435383089515082
2025-02-11,16.91436485867123,0.3364260511092492,0.6621880233193992,-0.13873490861412385,-0.1562032060060894,0.691251338528043,-0.19854988769430615,-0.10446864769788805
2025-02-12,11.641406584271287,-1.6538268947041013,-0.3560505804334982,-0.17624490655716382,0.44673261686708476,-0.16038962813298618,0.2681705641170905,0.3050865637963522
2025-02-13,-10.307623444279029,0.21593363720712777,1.764784056523165,-0.04347881351224578,-0.10627527291170112,0.3604035668845124,-0.3240279857005759,-0.1111676443315143
2025-02-14,12.443935127409192,0.67492371840685,0.35698375873565713,0.8376881078814762,-0.4859617756725065,0.3562215647801671,-0.7553974324675653,0.26044359536081846
2025-02-17,2.3377602632942946,1.515653881270004,-0.339655108267914,-0.23854873315710293,0.9128330859739356,-0.31669145300854873,0.8100781523181823,-0.0857617759388159
2025-02-18,2.819215612966978,2.421188567155348,-0.26865789782823735,0.2920101558557165,-0.3525195398687337,-0.1374784995475776,-0.43150879122489055,0.13241625122578338
2025-02-19,6.41048040154268,-1.2033577771210766,0.5818164534080296,0.2914074876363108,0.2730384227660985,-0.020339042935896983,0.5538572045792438,-0.18552001378840058
2025-02-20,-3.637463185825313,2.027701957407789,-0.5133561826279358,-0.1860158884555662,0.3993722817916145,0.04795634244005141,-0.06339142193475789,-0.0007874945008573756
2025-02-21,-16.702569755664666,0.8859336645929463,-2.1887415101937515,1.6406904202049115,-1.0634217809973578,0.4017580149118082,-1.1003011534839366,-0.0746770430482652
2025-02-24,5.904461213238686,4.514743417140395,2.128994844645575,0.09201437587385497,1.1323935249826125,-1.3557194120411111,0.5702175077692643,0.64155020360911
2025-02-25,-11.165941811132877,-2.592981543791473,-2.103704598986711,-0.9200590127201344,0.2586341307640888,0.6488734598934028,0.5621383348527159,-0.5753047618721574
2025-02-26,-11.176302621870317,-0.7975328265401146,0.7196495383918131,-0.1311697871096891,-0.14356245099343934,-0.4904884938464579,0.20894047299423082,-0.028564164919507393
2025-02-27,1.7531007740779787,1.6255174549034792,-1.355507847654342,-0.606978982703873,2.120236613075403,0.11427768590232146,1.1090052304594757,-0.3731475201245
2025-02-28,-11.346750832509873,2.127413560426339,1.5538857764567027,1.8791901719456339,-1.0277234712268646,-0.5493018152622815,-0.47980924446899686,0.2501164501332025
2025-03-03,13.046855815139404,1.849271060383279,-1.6200725489791772,-2.2770478573896513,1.7636281596822778,0.8636987558061406,1.0899569002398306,-0.6238315866771271
2025-03-04,32.77791214342489,14.368626012012562,-0.2783073155873193,2.473597644402722,-0.659210719158819,-1.100522246626006,-1.2745146044342948,1.0870638701708335
2025-03-05,36.640423895356314,-7.712916154140239,-1.6344400085853932,0.144895383638218,-1.01366884101897,0.6062347702339149,-1.026279545936788,-0.12255082520899871
2025-03-06,0.5739603606576398,0.6043836565393973,0.5306550487100049,-0.6463544541497307,-1.3299861424190922,0.3683391416213543,0.21647723132232116,-0.3455388829544365
2025-03-07,13.506083109925946,4.2119501952025065,0.6486181469562674,-1.9417515289200473,2.5817448469113766,2.1906933572113796,0.6383905452749495,-0.2508238965605234
2025-03-10,-14.512962108304343,3.165589148238678,1.2776089076275374,0.6986767284285076,-2.6049429251927587,-1.9189426387137283,-0.3151304340941511,0.2400961952598403
2025-03-11,21.15066366361064,9.03678328385402,0.6282857778215477,1.7553513111821326,-0.2866395290525736,-1.3593683626582356,-0.3704413099490894,0.6625665752967794
2025-03-12,-11.113536672094039,-5.031030395524497,-1.692479618660143,-0.12737298859364427,0.9426579403285047,0.6324670974915102,0.06115995691711191,-0.17834468234494416
2025-03-13,-6.225628021480325,1.170110706912216,0.04317398074465424,-0.7968253642043203,0.2991448272081501,0.9586115370752356,-0.13365666431619372,-0.1806495574522435
2025-03-14,9.075083451565037,1.968285686395418,1.3570751788460016,0.4783319680488262,-0.23529877186495274,-0.21667601200531958,0.08557344784236265,-0.05301760736675934
2025-03-17,-6.2413618204993355,-4.875575558741803,0.5008984593463685,-0.1574895328103371,-0.3846009716760496,0.1593140040809647,-0.8319605891774372,0.4881215439094259
2025-03-18,-5.076415660941018,-0.7478601793214216,0.4945963849144979,-0.681736269063039,0.3441828610847981,-0.18446504214296414,1.0163860795929212,-0.5862603806139527
2025-03-19,-8.991385532877775,-4.571993956858312,-3.620743995578166,-1.7079072016188315,0.26046556485867295,1.7006543998789925,0.8416356572425405,-1.0645248646644352
2025-03-20,3.7324736115253843,4.024203598160067,3.464997627259711,2.4253753533326443,-0.329241863566339,-1.8591484437275223,-1.0056554251668208,1.325998417833077
2025-03-21,-4.117530660997996,4.137895686943716,-0.12335975647114102,-0.3592442477741363,0.11147682127014744,-0.1161327549464594,0.42503876238470323,-0.15551077392867244
2025-03-24,2.884831025444815,2.8850118074409186,0.33752666815858107,0.5043088786672943,-0.32971100349083343,-0.27157325561149787,-0.4546668758584462,0.287639361131687
2025-03-25,5.522130248915112,0.07650678647960404,-1.1739932188732407,0.05789781226537055,0.4044227283765537,0.20883152849763503,0.2749068213467884,-0.17166257823394745
2025-03-26,-7.76589209556405,2.8458920642538206,0.7477494054770965,0.9132456169049451,0.751277955016042,-1.5281616065113321,0.7311495787920318,0.2509975945835392
2025-03-27,-1.2966703442885894,3.350860624315666,-1.0367673450690493,-1.263180483224367,-0.6288426761500704,1.2952814234151164,-0.6434729036433445,-0.2556537794814818
2025-03-28,-10.481050200808568,2.165233183691687,-0.5169865387626527,0.523811591266502,0.15110368368289928,0.1268572912166771,0.09149003674034688,-0.022759679868614855
2025-03-31,1.8685261194568659,-2.59005215882778,-1.3215799228292864,-0.435012316057839,0.350363826730449,0.19656044781543447,0.1886736569110527,-0.2957146789868292
2025-04-01,-13.944086989725617,-1.5342000983883894,-1.8893818208371442,0.9258938515387163,0.08699204366900648,-0.4450151748960292,0.024852575023072074,0.12160674480079363
2025-04-02,5.029991821618135,0.13643960650236306,0.6072800980443226,-1.2881793536237995,0.2609227069979645,0.03698554575312656,0.6200977512075512,-0.17999224760926044
2025-04-03,-22.142227152114682,5.6418302672317004,0.5684547388117209,0.7852186512843452,-0.4279731254112632,-0.6248860189149316,-0.39877434532410366,0.20724312767423306
2025-04-04,-3.375055061555219,4.973875820030005,-3.257541442124968,0.9258913859145049,0.9403310476407312,-1.2655066646933102,1.2329995193237155,-0.22137782123124838
2025-04-07,9.514319970426257,7.6228860636116424,-1.2193720111564703,-1.9050417234925807,-1.2676475078754301,1.3423972344034008,-0.4109609749275494,-0.48500816823064075
2025-04-08,-15.57095093357695,2.2748498742837406,-3.4131700153734705,1.6848999078564002,-0.2760540477770848,-1.1974015289015068,-0.010028988652403854,0.3996839730227876
2025-04-09,40.124782836389016,-1.2854792445086691,-8.001623060261727,1.1349726255546437,3.897918788195973,-0.46897058092453736,-0.18270646901741605,0.3773986337521463
2025-04-10,-35.09826556822288,-2.0345965130247436,7.556235334444049,0.19204414228820096,-4.350845546257815,-0.22166885160972527,-0.6459278121250281,0.21038103658883864
2025-04-11,5.294788819132719,-8.862859994911059,-0.3073328169915578,-3.73308682821653,0.04311795188764435,-0.011563816915219294,0.7806340139784905,-0.5158970656901851
2025-04-14,-27.491634155150525,2.133571856070309,1.6321531973450676,2.4249779615401166,0.14061527832372145,0.006167259184677416,-0.2320070822722923,-0.10319252981642932
2025-04-15,9.43815079500964,7.584789853325773,0.7401684986412999,0.3755417663219302,0.5717088579116343,0.1632745791672316,-0.20878448656841306,0.032146995165675714
2025-04-16,-4.86185688792975,1.288212008465213,-0.5485739911013732,0.32288708118812864,0.5262368553258255,0.06284724292204764,0.259034907277998,0.12297459343102025
2025-04-17,-7.070882184564089,5.043420877102703,-2.094244537188937,1.0082073139387027,0.465657382293569,-0.5554143143200236,0.19686744696090047,0.11458922301054766
2025-04-18,1.6625409663346018,1.62809751989587,-0.42263419122767804,0.26491910785334133,0.15343861007161846,-1.0544342588531732,-0.7953907007180961,-0.6760119587673528
2025-04-21,-0.9434542929094989,-1.2309558967564094,0.1104332366046409,-0.16359589159700003,-0.069331996645766,1.1473330528747259,0.686785801797496,0.8545314281826569
2025-04-22,-9.995640214479051,-0.15655322766067267,0.7621657622801621,0.11687587698613827,-0.6835012788633058,-0.31492199484045114,0.04893422777684659,-0.11393172842896218
2025-04-23,7.837419101429191,-2.877473699305147,-2.5795373836674975,0.7040882850225002,1.3368525640043067,0.18092777184222028,0.41666976103000547,-0.17608340234516853
2025-04-24,-10.927859478217638,1.199938905456634,1.6116042615106374,0.03923200420289603,-0.23677498898099053,-0.25035672546975624,-0.4725439324633396,0.18212481762490657
2025-04-25,3.225164189804011,-2.5570604943418864,0.6723870923688562,0.29487955693249657,0.04290171290357167,-0.34514280367779643,0.3676698278298222,0.02016995008301551
2025-04-28,5.130631409063885,2.507966212602869,-0.5403786323696411,0.3741882927165554,-0.019267371727276664,-0.148528117320903,-0.04920094109122563,0.022403251316508246
2025-04-29,-0.1488173210812315,-3.0277689338913283,-0.3980738993909065,-0.1337295387781323,0.3905529318257699,0.6417002488514981,-0.13477759466992983,-0.039961943420373236
2025-04-30,-11.901665774919662,1.5947570665925732,0.8073670377769062,0.681936022440994,-0.5173237581467064,-0.5583734179211797,-0.06415401207795593,0.10736033902171088
2025-05-01,-2.7889126595549802,5.875872835963045,-0.8115383308568818,-5.1061439313025,-0.8458261222003736,1.5709054706846928,-0.3349432884691967,-0.24190326240307514
2025-05-02,23.433715985578758,-7.230522856858455,0.7852874501893243,4.617702114462726,1.2211595794496006,-1.0043416643377132,0.12754834228972498,0.3884761313388813
2025-05-05,-2.809911970580491,1.079942619019084,0.5604169384402015,-1.1787682700163529,0.6304307129113682,0.19130765443041714,0.8082653735893872,-0.237308211556718
2025-05-06,-3.1415047456852183,2.222284286121984,-0.04787428321839066,0.9644338186703401,-0.29634232506765457,-0.05529609501837003,-0.6984252320407017,0.18034007293641965
2025-05-07,-12.012029261910898,-3.189775025709123,0.1513984225518484,1.0293231939618235,-0.488734996804335,-0.520420324597942,-0.241401424804258,0.0696047104215208
2025-05-08,18.186107971317085,1.7404298087000105,-1.0553234999052576,-1.517378251195149,1.2315123071759522,0.4127564844745244,0.5541551710274697,0.04236789738129596
2025-05-09,0.13517034697037467,-0.015534579751475888,-1.1501377734308307,0.6963103671993645,-0.4454012394409359,0.21055978096158565,-0.019782676217967195,-0.3297956426397311
2025-05-12,25.003841892104777,-6.618215125995238,0.9958201298435947,0.956875635968446,-0.3279256867220312,0.19256621484504446,-0.6650558332122835,0.35959095537097346
2025-05-13,4.956558789712958,2.544017552549688,0.9866299996873171,-0.0697588603172498,0.04279583255969815,0.027397317536170692,0.03569723726902246,0.09482760062136779
2025-05-14,5.750959011926994,0.5094224087621446,0.46797677396657983,-0.7551818899853496,0.15054239170620234,0.25871204766843175,-0.07094795120236705,-0.04321575511991816
2025-05-15,-20.53168050940289,-2.511408056918932,0.7175063827629039,0.22962288899441918,-0.1558536061405925,0.05722655438130664,-0.018365666109369762,-0.133203547993296
2025-05-16,-3.1993599564806545,2.248318732703387,0.4195278980760458,1.1706077580559584,-0.7393510484535467,-0.48696918775342113,-0.6854359585099132,0.45825261421541214
2025-05-19,-5.518450209608393,-0.3005376452633943,-1.5646190632256813,-0.9141440002830091,1.1890464942244414,0.10982939881676625,1.346209086885477,-0.4415558533973119
2025-05-20,7.409972085962172,6.567468661423129,1.5054842350635913,0.8421379196578366,0.37480829765995205,0.17147769080990138,-0.6394668031491549,0.09382511499328577
2025-05-21,11.84173939967322,2.561101570898191,0.15001889702437193,0.43832327495345025,0.41155730700189846,0.15109947169131535,-0.1045265740840942,0.19473028335804696
2025-05-22,-4.181519102123343,2.8655494438603535,-0.08025809886858881,-0.21089839600268934,0.2548602596089664,0.3016364241457627,0.023731429400287146,0.016357779308358713
2025-05-23,-10.507751197242852,1.4590775138750358,-0.4787637543717352,0.08520844524792015,0.2149844897188246,-0.5119960184203595,0.23571979317668829,-0.058550664424736484
2025-05-26,-5.663966689399979,-1.937631098604109,-1.136630477124814,0.7763516656188447,-0.2733591803322472,0.05314633146138438,-0.3488432796973197,0.13529274052859622
2025-05-27,-7.426060500079575,-2.8585418797979303,-1.2129547880341776,-0.0264036794596672,0.27421420143378455,-0.1657139465115767,0.2369547999075532,-0.1212445300500588
2025-05-28,2.482628077757627,1.4882728543183168,0.5724933779190584,0.9792922197194499,-0.07117480371000617,-0.30203966632243917,0.11585932144823695,0.10525173507899564
2025-05-29,-4.116081961304421,0.4605225668099245,0.3592367830249541,-0.4284714134889926,0.258327377834884,0.38036641231185836,-0.10784031720384507,0.009402517426008457
2025-05-30,-0.5439575637123056,-0.9414130901477246,0.9353080905615214,0.028127275370053002,-0.2649803237057662,-0.04918131236589944,-0.04434524963476128,0.0514663495105154
2025-06-02,3.5272308301442483,1.4201975707553056,0.25228366684766246,-0.2360922628803945,0.2453898359988849,0.38350636577323693,-0.10118505781382098,0.020502988422464254
2025-06-03,-3.0519478786330287,1.1069262344671806,0.24514671014375344,0.1640982452498136,-0.2117246293006137,-0.06107945930385722,-0.014431026454074304,-0.023414624000599845
2025-06-04,1.1660872959522919,-2.424818593935732,-1.3922514343493153,-0.08076910405951665,-0.2594406986376374,-0.45791356856036997,0.08526284641075411,0.5632982775397075
2025-06-05,17.723428888479546,-1.7015012507063714,-0.5315515380109317,-0.24714326181177865,0.8223505541736454,-0.09553724125535412,0.3363791280873284,-0.5035280594301038
2025-06-06,2.2117111804202247,1.2717715696876677,-0.0998074624437185,0.356661928988558,0.06970574055231428,-0.6487221228956559,-0.6611011735901408,-0.8467832775674202
2025-06-09,-4.691905824385389,-0.40266747238042133,0.9585024427756308,0.514072724887871,-0.20138382827284862,0.8680587956689605,0.3683455104626047,0.8384922923769031
2025-06-10,-6.570748033359516,0.03223358165440486,0.32560625061398907,0.4091563080903718,-0.2945541835052889,-0.7936373644891497,0.2809887003423995,0.6404975289168747
2025-06-11,0.3639687688130308,1.553127049025689,0.835748395626714,-0.1462969639396047,0.794234949325238,0.6901845208393842,-0.21886872796307097,-0.4495786047839729
2025-06-12,-6.541885477947893,-1.9203989838818558,-1.2373820466882504,-0.6303317523762156,-0.16600007093348554,0.024827983793749734,0.03210688037780594,-0.0940576596415993
2025-06-13,10.372470932880901,-1.5623469728004848,-0.5506047274833982,-0.8522009536575719,-0.2100691429310992,0.3487770196372948,0.20205541389999743,-0.26636369896432005
2025-06-16,1.9588977449430032,2.646879532456421,1.6237391215736965,0.27668588320956383,-0.043291914277755444,-0.19031012031080652,-0.2074955995358876,0.18737648352923655
2025-06-17,-5.462404311880729,-3.5821768023192577,0.9814311662638595,0.481834782938396,-0.030482941141874473,-0.18555323451731373,0.028341848764458753,-0.11705968265813356
2025-06-18,-3.354769527656698,1.1748330385225758,-0.6208590600478116,0.01137723420798315,-0.22035870439411626,0.04207790693687929,-0.4686387697634052,0.3133009088787475
2025-06-19,2.4066165278922074,0.8513944584079406,-1.309122021430282,-0.2589734798135421,0.3675875082721763,0.03230639316423237,0.5303001417658976,-0.25359203586509155
2025-06-20,-0.5763406538561225,-0.12937925332037434,0.21893312004125087,0.917986017404983,0.24664922791061827,0.310584059111247,0.19894580110751844,-0.012753960234336848
2025-06-23,-0.4760227520815833,2.2401177667190058,0.44609881856469613,0.19893498620409825,-0.35037483790850654,-0.7365332170884805,-0.7457318935470648,0.5520232334358017
2025-06-24,2.7109235843588073,2.0675768256352898,0.8537764689532652,-0.06665378761114654,0.5509736998828831,0.4667978901702663,0.5984237250052574,-0.31381447753248587
2025-06-25,1.638068161525491,0.4805447705313295,-1.4323685365993877,-0.23708467868133024,0.44064367408583854,0.6446778596333895,0.005705702163057757,-0.22910219982288432
2025-06-26,1.188793189311581,4.179714320753,0.7717067759389752,0.452961241250365,0.47721025949865054,-0.2949057799060478,-0.23441665840558906,0.17198632431542837
2025-06-27,3.7680662138239263,-2.487291166916081,-0.1272468415768363,0.4500299635569139,-0.5765209884558655,0.01615858750028893,-0.21272848317561086,0.04877377199402614
2025-06-30,1.8648429693158917,0.5836651996025766,0.6436399826546318,0.35259954579068753,0.33402540801599273,0.5468150569712644,-0.11047584890976088,-0.1371360569279063
2025-07-01,-6.2511055889075315,-1.8538868644072226,-0.6888107470414075,-0.7186080333115843,-0.058245970321226095,-0.3365713472959594,0.11168577596099118,0.023189080985004152
2025-07-02,9.734517213488312,3.5472517296912147,-1.4700157888494783,0.14129058574055525,-0.3145748436607235,-0.11420000597843147,0.009766159452453124,0.13417305051233916
2025-07-03,-7.6119691252965005,-0.8443830748284128,0.3334039468246103,0.4979694989237749,0.4395915354602481,-0.1300470550673391,0.004736351987841405,-0.021934273569250654
2025-07-04,-4.889443455721503,2.591367957512949,-0.5438805257331548,0.5822964752661068,-0.44378399074938324,0.1023669482130912,-0.5359321307958359,-0.01571012395053933
2025-07-07,7.626381443760198,1.1586237614564965,-0.0022557275223403215,-0.12024900895255755,0.3123330963194302,-0.3763939633021779,0.39610954625612144,0.0536932421976038
2025-07-08,7.556899805618668,0.611536603034898,0.3599978252344451,0.025654203189919123,0.08421466421592788,0.20435653606673101,0.06636673042557219,-0.01919758766756242
2025-07-09,-4.523018563898591,-2.5817693876604833,1.3468978062510333,-0.5370213140442862,-0.25688962980145685,0.46209858839365353,-0.20371358687585797,0.026269352367148495
2025-07-10,8.812878864514957,-0.6725635213503696,0.45086400355195627,0.24546292715117154,0.009813286919030793,0.2751173602524826,-0.2773831828773519,0.07203987501856303
2025-07-11,6.961869923777189,1.7262512230328364,0.6052942313797472,-0.18510841326433763,0.22077739820591752,-0.17479103944786428,0.34161018039335334,0.08375058974476744
2025-07-14,0.6534643384900256,3.587346302221473,0.6681569534030994,-0.39320465050228126,0.19747207406752146,0.38335181352008885,-0.026309936916247993,-0.07642592785571818
2025-07-15,-3.0197622616441824,-0.07396142982082156,-1.23820447255804,-0.308592004838662,0.32436530625046656,0.003560091153339486,0.33278492466953286,-0.11599971698405312
2025-07-16,-8.664302872318046,1.8468756150364005,0.35473163584971357,0.13977255556531967,-0.23676922336075942,-0.07955231226145124,-0.27889397060190824,-0.04431000908862116
2025-07-17,4.254943572799352,-1.188127651605939,-0.09647092282109336,-0.29373939268533794,0.33225948871876165,-0.041532661549985625,0.039333046171047215,0.13954455394810472
2025-07-18,-2.9255264985384937,0.2704333358871359,0.1264759760588796,1.7788781049500666,-0.13686295531625542,-0.21230777210595178,-0.20919583052021878,0.055913335324307874
2025-07-21,-11.012946351104782,-1.5673855043919975,0.014874425945477183,-0.8703810839499619,0.02074025936582366,0.07183073450896757,0.12160689960616769,0.06129591773896468
2025-07-22,-1.8006047775139093,1.2715754319605208,-0.40096309933781493,0.46936296154594137,0.38420124506807884,-0.3508181989905316,0.20268349897397522,0.1502855485771739
2025-07-23,12.793278375100964,-0.05233691420648928,0.3819278465503031,0.2714732178215666,0.022030412570997124,0.24984140629725488,-0.3449031089111173,0.04100939749460635
2025-07-24,8.056648324040438,-4.675507000408153,-0.46563302412424246,-0.15200417808262798,-0.2965605465895397,0.07499548021577747,-0.0023244385750373657,-0.16150019883385694
2025-07-25,2.295042081077792,-2.535576112958256,0.23450801307030086,0.7586178884881024,-0.18503694550456617,0.23466627763902534,-0.2646798017959124,-0.02586589586135447
2025-07-28,-2.8433149509213744,0.18727396347228947,1.6595601798183173,-1.4925537581728245,-0.3448679620778796,0.4685139541253448,-0.10040062495294406,-0.015441179912804156
2025-07-29,-0.12260073428860634,-0.9999095208008019,-1.2578980341372445,-0.11287324767188658,0.3811275878986249,0.3169529575045534,0.08034380574802838,0.007361480832590032
2025-07-30,6.196554766491017,-1.195586255569296,2.1203612225960624,1.482405233050068,0.05624556623998048,-0.5567188257241932,-0.24596820506458608,0.33463062766791524
2025-07-31,-1.4838844215433942,-1.5320563151979418,-1.3285719270380987,-0.4083917998726373,-0.0554867866325265,-0.014354289593707088,0.11041611609523143,-0.0026160097134816335
2025-08-01,-9.153973969346165,4.31650809363878,0.24827940625782524,-0.026169808491803923,0.1860177847083231,-0.25989009176781086,0.4067781196454943,-0.07349746769809146
2025-08-04,-8.7252479740139,-3.6636022661650007,-0.6707064586767696,-0.5476028026078189,0.6586366575931358,0.3708448280349102,0.2718099560474212,-0.21022250463641712
2025-08-05,-0.6269092441678691,0.19365831137876383,0.49963214540308565,0.05162701114691172,-0.13674160753450362,0.04522755722455922,-0.36469583208489403,0.2859518857729558
2025-08-06,5.510314854044621,0.5522149704739183,0.6721761025875032,-0.14981070195609364,0.09254680264008683,0.3563074925482327,0.12866261164989642,-0.24632855338590148
2025-08-07,-3.3850399215279894,-2.312634296039638,0.27034053038091704,0.6536980258665225,-0.12254075003963895,-0.2087068764644911,-0.31956996514482855,0.22408366867841795
2025-08-08,11.886211636721175,2.1663304642977086,-0.3404761300450649,0.17629564590415006,0.05983327191420207,0.3178802522555444,-0.10498704585520034,0.08792061196973441
2025-08-11,-0.3439135092082158,0.4927543780895698,1.0775062007164034,0.2154101887269488,0.39758579766747143,-0.14682670166127706,0.024591630292092957,0.07534262401005119
2025-08-12,7.377557231233258,3.0684578182793425,0.9695978667364381,-0.27338645960996677,-0.1430163501873825,0.45449799787681844,-0.1648216485287235,0.06788916850561418
2025-08-13,-12.543782044405571,-1.6089097753563382,0.24426077571553637,-0.2087355241912451,-0.000850505317679712,-0.19892425416436543,0.25617367510063316,0.054797552573098
2025-08-14,6.268741414774003,1.302839373233222,0.02096375682816546,-0.12370200127708127,-0.26189492966440614,0.08681644418151069,-0.229426963056341,-0.22606863779230477
2025-08-15,14.295613971797987,3.4573107644856322,0.013105190474801921,-0.5185779879418957,0.16598103580644472,0.07953427062984875,0.2120420652763038,0.20236502195542733
2025-08-18,-6.967429770329029,-1.214015815177309,0.6889780183757844,0.8195694048880875,-0.01470851277823934,-0.03973418699486463,-0.24851558457954578,0.02278424541823217
2025-08-19,-3.400452302294836,0.35734367112364,-0.5776412923381317,-0.177384894843655,0.6208290106800758,-0.22191465288902276,0.3585438604273102,0.163283062751319
2025-08-20,-6.776641136975348,-0.7709589482707223,-0.5916761037957393,0.48668797058357405,-0.7601999754328045,-0.1804356080008239,-0.34887143140815624,-0.3297630186097395
2025-08-21,8.68478853627094,-0.31838318238471425,-0.3734931955766729,0.39720873622219627,0.46822052336365233,-0.36516588096729363,0.008370395576042371,0.010374309553575585
2025-08-22,-6.946595349713842,0.946038662969567,0.3602188677076049,0.4585727086340093,0.3478240278595237,-0.1369370685246281,0.34827804427256825,0.16834696682437822
2025-08-25,6.688986932454227,0.13880093752593958,0.06942953296330355,-0.6488293673247273,0.09698179082021822,0.31129372993449705,0.020004214841260547,-0.26968145936070853
2025-08-26,-6.834544791567663,1.2982371339430605,0.4458666177203835,0.6507968855386893,-0.30211229949048407,0.16480950568058625,-0.40281981261977845,0.15839594114697203
2025-08-27,-6.280045086066835,1.128248127644231,0.26749053644187915,-0.5317927247491373,-0.38456938394440615,-0.13550518322311833,0.25557898300162624,0.008995324078902396
2025-08-28,0.8455588445383476,-2.2535537507233037,0.5011376946847952,0.1630733765720196,0.23488074124722313,-0.2017881177634936,-0.30504922841200677,0.05187783623886074
2025-08-29,1.6857713724538597,2.2142468410924985,0.5940995837730353,-0.1496235508701124,0.48772898409438564,0.3608164677633407,0.003112557708389101,-0.046405725242896774
2025-09-01,5.412194713789239,0.3073470602035604,0.5929478425645965,0.05852806743220825,-0.10945684210551916,0.32971467006708005,-0.20637012987614586,-0.011870889857614985
2025-09-02,7.957614529990498,1.2525964087582748,0.04497793191228667,0.13452730101143687,0.11391504313292174,-0.011091643219452791,0.1885398431258691,0.03605501957554173
2025-09-03,-8.6151321531284,-2.7322925773259104,0.3428710316667219,-0.030570575791864694,0.3221656484159475,0.2796588716158947,-0.0022424777954089662,0.08632894420169593
2025-09-04,-1.9036501225665783,-2.2653946024059874,0.2904341338304568,-0.12125522705742554,-0.04782839282359334,-0.15875267667737247,-0.02987704074408855,-0.08623395717686284
2025-09-05,-7.427801732709839,0.7530524856889739,0.4375319313673011,0.35743760876635267,0.1583811073491267,0.28534930757000443,-0.13247255432696717,0.020849195707689564
2025-09-08,-5.119158621927173,-3.3770608092153833,-0.467328043362125,-0.7527761797747602,-0.2630888731883602,-0.1237440024890617,0.18965871872148446,0.009799749997723472
2025-09-09,2.7187381933343384,-0.8501004902079176,0.7301694604941373,0.6117098460384489,0.19817146542753747,0.04648632271879299,-0.12432279313951398,-0.03141699057204037
2025-09-10,-0.5120608050636679,-1.7471409037699828,0.3500220002764609,0.10595693525022162,0.13481504620133783,-0.1400957614334386,0.17389529309257676,0.08519044129468649
2025-09-11,1.4784979323164118,-5.8784980148999635,-0.36490962831681906,-0.5388679214816929,0.23021367584390937,0.11659658369720273,0.15647122824548793,-0.10147114369565682
2025-09-12,10.835377099322194,3.216299064799392,-1.6181372351782743,0.44095366847172945,-0.7942044238760859,-0.157880380790984,-0.053444943210468825,-0.023280963368343476
2025-09-15,-0.8723617745631007,-0.8591862173254464,-0.41143570111201255,-0.0001828539117722306,0.2849121605290282,-0.10785447007727132,-0.2934796356575345,-0.07921220993017102
2025-09-16,-1.527968406063689,0.6163246850825631,0.4860583571509834,1.2263009397037155,0.1491428805502936,-0.8022178141650121,0.5295737534237348,0.3695625762510058
2025-09-17,-1.3488818847766415,-1.7950987050624005,-2.6249711700150855,-1.3175296365752653,-1.0526585050203354,0.7215566102603485,-0.11733110930980142,-0.08208503342218199
2025-09-18,6.627243477032495,4.203571234801266,1.795371744178164,-0.23916336677378672,0.834278762786373,0.0913965676837241,-0.6849397261990078,-0.20025609803962177
2025-09-19,3.4196973385228757,-0.20148334546402205,0.22523598802506986,0.570221049017236,-0.2977603425655548,0.1859621475379072,0.33610724959848026,0.14401178779387364
2025-09-22,0.04397444615909382,2.175452247175362,-0.06260675613581475,-0.20046622622571378,0.40341623502320517,0.015310897374024862,-0.20007529673095095,-0.3267298140409634
2025-09-23,0.9508987372750994,-0.45833472391529034,-0.6086862740261119,-0.05723545659374718,0.1615849110609214,0.1298846499073484,0.05973959669099418,0.3936335074886662
2025-09-24,2.5253315245224215,1.0013347884686339,0.8017262202459198,0.25316351517513835,-0.39775198449938,-0.2984384698025673,0.13045398172177253,-0.2747199959213032
2025-09-25,4.729270119674921,-2.4361334073141294,-2.038610550719818,-0.6558413943666379,-0.04133235852060352,0.22156945093195318,-0.048332488157092915,0.24050460023727369
2025-09-26,-3.1312510996907266,-0.041496183848386006,1.5984389231058946,-0.19915253565006916,0.1502925904885067,0.22831740811629386,0.3415796733074245,-0.26863976975573595
2025-09-29,-8.472981467651,-3.701293840415821,-0.8336948070312922,0.6021602443142541,-0.3092145563536325,-0.16517010914308275,-0.38976786188045115,0.056587343084400346
2025-09-30,-0.3879276137420219,1.028733759167205,0.025654967261232613,0.3693126370828908,0.21699539849273708,-0.37248501732454814,0.27747865552935574,-0.04804888904957808
2025-10-01,-2.081440581839425,2.5659956995649162,-0.013776960589481248,0.2828010519147711,0.5008936840802107,0.30728221693736507,-0.0767669350573252,0.18610651747081935
2025-10-02,-1.5623548828764782,0.6285571813987858,0.7343044444424188,0.13385671392810672,-0.4335764132703863,-0.2345873049991808,-0.21562311543174134,0.27404877472766115
2025-10-03,3.582767568487644,-1.0491843140570398,-0.28694763242116433,-0.583418940454821,0.3755553688719855,0.1713516032090509,0.13340474158662313,-0.407021840539992
2025-10-06,2.996047419183568,2.9031964716681293,0.326498249076477,0.06513131326471602,-0.6827203321004269,-0.4666452118556178,0.2194762113744738,0.13943640735528307
2025-10-07,-0.4753573130711462,0.0018670591726603774,0.4581534081844085,-0.02379218838278834,0.3327049242536408,0.21860352322244217,-0.2605972422430775,0.20555413544068774
2025-10-08,-8.507031440102336,-1.6027960056913992,-0.3643769565182661,0.012263631558894265,0.04434696825075837,0.3104781564274095,0.20747690914533748,-0.5142557507200385
2025-10-09,3.8689887032535246,0.3669513091628103,-0.9843909630616989,-0.6188225382415988,-0.41261016329234174,-0.22556325399032387,0.34659374377862034,0.10107350863853595
2025-10-10,-10.205637110263524,-0.40592926810823726,0.4586358375527158,0.22139423036011927,0.1267256693254468,-0.19523124388509872,-0.06174911252079538,0.12609745221276702
2025-10-13,-4.669996770308238,0.3377782246814966,0.2192184918465693,-0.408326503014268,0.07125662886394091,0.04949990604888381,0.13862282357898617,-0.2909124534087869
2025-10-14,-6.539935882491291,-1.44020898066678,0.3966615813592814,-0.09400853259835257,0.21223568236762405,0.04799292102288005,-0.09010397745292441,0.04062044656121582
2025-10-15,-3.1645048823475976,0.1620553959925761,1.0253645373942628,0.2778734300277399,-0.023902193344718974,-0.24107334760561064,-0.05127135681896604,0.055535307402246076
2025-10-16,-8.196215243402865,0.00783363557229033,1.1522604588976142,0.6443224544842838,-0.2577008760562442,0.20591591063287923,-0.15120780857867094,-0.057028066901430315
2025-10-17,8.16766149361859,2.065714133311613,-0.8827516061393703,-0.44980845257124424,0.2841649990179462,-0.020635983733853242,-0.022739018223625482,-0.004866505703981689
2025-10-20,-1.8059668203534962,-0.8216828300764096,-0.8025084694536677,0.07506164227181882,-0.08782703205283383,-0.5349315692384586,-0.06974186659190111,0.15249347937039268
2025-10-21,-4.845888189648132,-2.6271637938756025,0.2693765748904101,-0.09377699627903027,-0.02705919532798214,0.321759029633956,-0.008439860794253429,0.11245505261795564
2025-10-22,3.496959845776026,2.2815523644304645,-0.5164147741881878,0.3504658585733238,0.0820565782609169,0.25178243664196825,-0.03703536235980277,-0.10856960281226322
2025-10-23,4.741032543566967,0.09953481235851916,0.013725254798485183,-0.1102300479774473,0.3814058312813797,0.015928646018047592,0.10389247464252721,0.08915676198738472
2025-10-24,8.461336596706895,-1.3908465240814116,0.23497146980569195,0.42509550375450794,-0.3000502807311569,0.09205066676376755,-0.1853113236186888,-0.011650274571518245
2025-10-27,-2.7340868688791984,-3.5294324551120053,-0.11967211330924804,-0.6350915117079164,0.2701902226708372,0.36662807091330163,0.21125717424120222,-0.158079461956565
2025-10-28,1.4256173656465607,0.7178637750605025,0.08077795909112802,0.045877471388442316,-0.39797324777132437,-0.1415666646918422,-0.16662345849424373,0.15326976614446838
2025-10-29,5.607593805595628,2.2760114972594447,1.158517812573703,1.7379088188682008,-0.39803914972329146,-1.2569406560164604,-0.6642372738588964,0.7928608892618076
2025-10-30,-0.9947082277954986,-1.725906802892794,-1.8032521904382712,-1.9344331792590377,0.38126415767116095,1.1456369619358737,0.7670165925314458,-0.8534683583604542
2025-10-31,-0.38213981389483265,2.465883024829446,1.7077121716551564,0.7233107393520355,0.12899732584604265,0.3562708215675324,-0.3212625285992589,0.03512355371328467
2025-11-03,7.45980318066662,-0.3870188611952542,-0.16094238723345497,-0.141927208293358,0.5064062667246471,0.33366371800498174,-0.06433035474903086,0.059854112095311406
2025-11-04,-2.971324665375191,0.5391731554892623,-0.2545805974807026,0.11044389348222663,0.1613152317800729,0.006706150415400897,0.176614515067887,-0.1273287306962946
2025-11-05,4.252356974616351,1.4101827050071063,-0.17902095151962827,-0.01770933775897007,-0.08974332450055571,-0.30544411760390666,0.4225628240085076,-0.02947854548973745
